player_id,player_name,country,year,scoring_average,sg_total,driving_distance,driving_accuracy_percentage,greens_in_regulation_percentage,sg_approach,sg_putting,sg_off_the_tee,sg_tee_to_green,scrambling_percentage,birdie_average,rough_tendency,left_rough_tendency,right_rough_tendency,right_rough_tendency_rtp_score,left_rough_tendency_rtp_score,fairway_bunker_tendency,missed_fairway_percent_other,hit_fairway_percentage,distance_from_edge_of_fairway,distance_from_center_of_fairway,left_tendency,right_tendency,good_drive_percentage,average_approach_distance_greater_100_yards,average_approach_distance_0_to_100_yards
28237,Rory McIlroy,Northern Ireland,2019,69.057,2.551,313.5,61.82,68.55,.633,.425,1.195,2.126,63.38,4.49,28.39,12.44,15.95,+.047,+.020,3.6,3.64,64.32,"27' 7""","24' 9""",43.9,56.1,83.58,"30' 3""","17' 8"""
35450,Patrick Cantlay,United States,2019,69.306,1.857,304.7,57.34,67.21,.640,.386,.475,1.471,66.12,4.40,31.86,14.74,17.13,E,-.017,5.8,4.41,57.93,"27' 3""","24' 5""",45.6,54.4,81.15,"29' 11""","18' 8"""
29221,Webb Simpson,United States,2019,69.377,1.507,288.6,66.82,65.81,.613,.608,-.007,.899,66.88,3.86,26.90,13.29,13.60,-.076,+.094,3.4,3.32,66.36,"24' 8""","24' 9""",49.0,51.0,83.64,"32' 4""","16' 3"""
36689,Brooks Koepka,United States,2019,69.395,1.366,309.0,61.83,69.97,.636,.226,.468,1.140,62.25,4.28,27.59,11.45,16.13,-.038,-.086,5.0,5.67,61.70,"26' 10""","25' 6""",46.2,53.8,84.52,"30' 6""","16' 1"""
33448,Justin Thomas,United States,2019,69.466,1.631,302.2,59.98,70.68,.985,-.186,.479,1.817,61.32,4.58,31.55,15.33,16.22,-.047,+.017,5.4,3.45,59.64,"25' 3""","25' 9""",48.6,51.4,83.20,"29' 9""","15' 4"""
46970,Jon Rahm,Spain,2019,69.618,1.505,305.6,62.50,69.04,.405,.336,.692,1.170,59.63,4.35,25.98,12.72,13.26,+.031,+.064,7.2,3.79,63.06,"27' 7""","24' 4""",52.5,47.5,83.30,"32' 5""","17' 5"""
24502,Adam Scott,Australia,2019,69.693,1.831,299.3,59.91,68.94,.846,.348,.285,1.483,59.82,4.28,31.54,14.54,16.99,+.077,+.011,6.9,3.59,58.01,"27' 5""","22' 4""",50.6,49.4,82.06,"30' 2""","17' 5"""
30911,Tommy Fleetwood,England,2019,69.729,1.279,298.7,64.02,66.93,.235,.169,.545,1.110,67.98,3.53,26.37,12.97,13.40,-.065,+.056,6.2,3.46,63.98,"24' 0""","22' 11""",45.4,54.6,83.69,"32' 4""","20' 11"""
25364,Paul Casey,England,2019,69.821,1.361,298.4,67.68,70.96,.706,-.092,.614,1.453,58.67,3.87,24.97,12.48,12.48,-.115,+.083,5.9,1.69,67.49,"23' 3""","24' 4""",48.6,51.4,87.99,"31' 4""","16' 11"""
22405,Justin Rose,England,2019,69.825,1.243,303.2,60.14,64.78,.525,.504,.179,.739,62.09,4.06,26.83,11.88,14.96,+.186,+.012,9.1,3.67,60.41,"27' 10""","22' 7""",47.3,52.7,79.95,"30' 11""","14' 1"""
48081,Xander Schauffele,United States,2019,69.834,1.393,304.1,60.29,68.39,.481,.244,.456,1.149,62.23,4.08,25.68,13.78,11.89,-.011,-.059,8.5,5.68,60.14,"28' 8""","25' 4""",55.3,44.7,82.60,"32' 2""","14' 4"""
32839,Hideki Matsuyama,Japan,2019,69.841,1.498,303.0,61.28,69.38,.759,.011,.381,1.487,64.12,4.30,28.64,9.15,19.49,-.005,-.043,6.2,3.25,61.91,"30' 5""","24' 8""",32.4,67.6,84.42,"30' 8""","14' 4"""
30925,Dustin Johnson,United States,2019,69.895,1.321,312.0,55.57,66.98,.288,.096,.703,1.225,57.93,4.21,32.43,16.34,16.08,-.056,+.024,4.9,5.97,56.68,"31' 0""","25' 3""",51.0,49.0,80.80,"32' 5""","15' 10"""
23108,Matt Kuchar,United States,2019,69.916,1.062,289.5,67.41,69.38,.591,.302,.063,.760,63.04,4.01,25.13,13.48,11.65,-.019,+.064,5.1,3.24,66.56,"22' 6""","24' 10""",56.2,43.8,84.68,"33' 2""","14' 5"""
29725,Tony Finau,United States,2019,69.955,.768,309.5,56.94,67.46,.384,-.103,.439,.871,62.20,3.90,31.33,13.89,17.44,+.019,-.032,5.6,6.56,56.56,"30' 4""","24' 1""",43.8,56.2,81.70,"31' 10""","17' 10"""
32102,Rickie Fowler,United States,2019,69.955,1.066,303.1,60.62,67.76,.158,.541,.247,.525,60.77,4.04,29.26,13.14,16.11,+.043,+.061,6.4,4.69,59.66,"29' 1""","22' 9""",50.3,49.7,82.42,"31' 4""","14' 4"""
25900,Lucas Glover,United States,2019,70.083,.976,296.1,66.14,68.15,.330,.164,.337,.812,64.73,3.96,24.73,11.03,13.70,-.006,+.065,5.6,4.18,65.48,"25' 1""","23' 11""",46.7,53.3,85.34,"32' 4""","14' 9"""
21528,Henrik Stenson,Sweden,2019,70.089,.971,282.7,72.13,66.11,1.149,.106,-.293,.866,62.30,3.46,20.62,12.03,8.59,+.240,+.157,4.3,3.61,71.48,"25' 3""","26' 11""",57.4,42.6,85.63,"33' 8""","19' 7"""
10809,Jim Furyk,United States,2019,70.090,.897,275.0,74.45,69.28,.741,.113,-.072,.784,64.10,3.46,19.65,8.44,11.21,+.191,+.090,3.9,2.27,74.18,"20' 1""","23' 7""",45.8,54.2,87.22,"31' 0""","16' 9"""
47959,Bryson DeChambeau,United States,2019,70.177,1.013,302.5,65.02,66.20,.236,.372,.421,.641,62.33,4.17,25.54,14.24,11.30,+.096,-.061,5.4,3.70,65.33,"25' 9""","25' 1""",50.2,49.8,84.68,"32' 11""","17' 6"""
34360,Patrick Reed,United States,2019,70.208,.876,296.8,60.10,66.22,.138,.261,.145,.615,62.99,3.98,29.02,14.51,14.51,-.007,+.027,7.2,3.46,60.32,"27' 5""","24' 8""",50.3,49.7,82.16,"33' 10""","17' 1"""
28089,Jason Day,Australia,2019,70.212,.833,302.0,61.76,69.70,-.083,.356,.535,.477,59.60,4.00,27.44,13.41,14.02,+.098,+.068,4.3,4.88,63.41,"31' 0""","25' 8""",51.0,49.0,82.05,"33' 1""","15' 9"""
31323,Gary Woodland,United States,2019,70.229,.882,308.2,63.41,69.05,.545,-.143,.472,1.025,57.48,4.38,27.75,12.89,14.87,-.044,+.120,6.5,3.74,62.00,"26' 4""","26' 2""",50.6,49.4,83.11,"30' 5""","17' 1"""
26476,Chez Reavie,United States,2019,70.247,.824,287.0,75.72,67.93,.625,.062,.254,.762,59.70,4.01,17.85,8.51,9.33,+.110,+.024,4.4,2.15,75.59,"21' 3""","21' 4""",49.1,50.9,88.33,"30' 0""","16' 10"""
39971,Sungjae Im,South Korea,2019,70.252,1.023,295.9,65.45,67.61,.075,.323,.341,.700,64.53,4.07,25.49,11.30,14.18,-.030,-.013,6.6,3.24,64.72,"22' 10""","24' 2""",46.3,53.7,85.73,"33' 11""","18' 0"""
26329,Louis Oosthuizen,South Africa,2019,70.259,.777,296.3,66.93,66.84,.208,.169,.130,.608,60.47,3.92,24.29,13.64,10.64,+.127,+.143,6.1,3.30,66.27,"22' 8""","22' 0""",56.2,43.8,83.97,"32' 2""","14' 6"""
21209,Sergio Garcia,Spain,2019,70.321,.746,302.5,58.82,63.26,.525,-.078,.350,.824,55.33,3.55,30.99,14.45,16.54,+.057,+.105,4.2,5.89,58.94,"25' 5""","23' 0""",44.4,55.6,82.19,"33' 6""","17' 6"""
25818,Scott Piercy,United States,2019,70.333,.631,292.4,67.61,70.09,.147,.146,.270,.485,63.93,4.01,23.65,8.05,15.60,+.118,+.089,6.5,3.36,66.46,"25' 7""","24' 11""",34.9,65.1,85.92,"32' 4""","17' 5"""
23621,Rory Sabbatini,Slovakia,2019,70.409,.820,289.4,66.92,66.91,.103,.154,.300,.667,63.90,4.03,23.18,9.74,13.43,+.028,E,6.0,3.60,67.27,"23' 11""","22' 6""",41.7,58.3,86.12,"33' 9""","17' 8"""
29478,Kevin Kisner,United States,2019,70.416,.671,286.4,69.39,66.99,.257,.450,.149,.221,61.06,3.67,21.66,11.74,9.92,+.112,+.052,5.2,2.83,70.34,"22' 9""","22' 11""",57.4,42.6,85.57,"32' 8""","19' 10"""
30944,Jason Kokrak,United States,2019,70.431,1.036,306.4,62.74,68.77,.745,-.018,.550,1.054,60.67,4.04,25.96,13.17,12.79,-.060,+.109,5.0,6.44,62.60,"28' 6""","24' 3""",50.8,49.2,83.68,"30' 6""","15' 8"""
26851,Marc Leishman,Australia,2019,70.434,.833,296.2,59.39,67.21,.472,.302,-.077,.531,64.00,3.89,30.06,9.94,20.13,-.063,-.013,4.8,5.16,60.00,"30' 8""","24' 8""",33.2,66.8,81.23,"31' 8""","20' 9"""
40026,Daniel Berger,United States,2019,70.443,.280,301.0,65.48,65.15,.007,-.043,.344,.322,61.84,3.73,24.33,9.12,15.21,+.040,+.067,5.2,4.62,65.82,"26' 6""","24' 10""",35.3,64.7,86.36,"33' 5""","19' 9"""
23325,Vaughn Taylor,United States,2019,70.450,.732,282.9,69.03,66.85,.269,.636,-.205,.096,63.54,4.04,21.84,12.37,9.47,+.065,+.050,6.1,3.07,68.95,"22' 2""","24' 2""",57.1,42.9,84.95,"31' 3""","15' 6"""
34046,Jordan Spieth,United States,2019,70.453,.459,295.2,53.12,62.80,-.198,.862,-.452,-.403,62.00,4.25,33.44,17.05,16.39,+.020,+.032,5.9,6.16,54.46,"26' 10""","25' 10""",52.0,48.0,78.46,"34' 10""","16' 10"""
33948,Byeong Hun An,South Korea,2019,70.480,.819,307.1,57.98,67.75,.420,-.583,.351,1.402,59.28,3.97,29.87,12.16,17.71,-.027,+.029,5.2,6.38,58.56,"30' 8""","25' 7""",40.3,59.7,81.91,"31' 11""","15' 0"""
21961,Charles Howell III,United States,2019,70.483,.809,302.8,62.83,70.51,-.072,.291,.262,.518,62.94,3.85,28.60,12.54,16.06,+.037,+.086,7.1,2.94,61.41,"25' 0""","26' 6""",42.0,58.0,83.26,"34' 8""","14' 11"""
24138,Ian Poulter,England,2019,70.502,.764,291.5,63.60,66.86,.150,.425,-.078,.339,59.83,4.10,26.55,11.40,15.15,E,-.057,8.0,2.44,63.03,"21' 11""","25' 10""",42.7,57.3,83.33,"33' 1""","17' 9"""
27649,Brandt Snedeker,United States,2019,70.520,.962,287.2,63.25,64.93,.083,.592,-.193,.370,63.04,3.74,27.64,12.70,14.94,-.078,+.063,6.0,3.94,62.43,"22' 6""","23' 5""",45.4,54.6,82.24,"35' 2""","16' 3"""
33122,Russell Knox,Scotland,2019,70.521,.550,289.2,65.90,69.06,.585,-.176,.013,.726,62.09,3.61,26.22,12.20,14.02,+.026,+.010,5.5,2.44,65.85,"25' 5""","25' 1""",44.7,55.3,84.95,"31' 5""","15' 11"""
40098,Matt Fitzpatrick,England,2019,70.525,.887,287.9,66.06,63.94,.409,-.054,.338,.941,57.10,3.55,23.02,11.22,11.80,+.115,+.069,5.0,3.09,68.86,"18' 10""","20' 5""",51.4,48.6,83.31,"33' 8""","17' 4"""
33399,Adam Hadwin,Canada,2019,70.545,.343,291.2,67.77,67.55,.008,.252,.310,.091,57.62,3.98,23.29,9.04,14.25,+.089,+.051,5.7,4.17,66.86,"22' 7""","22' 1""",39.6,60.4,84.98,"31' 4""","16' 4"""
47993,Denny McCarthy,United States,2019,70.546,.687,290.8,65.84,65.98,-.448,.926,.061,-.239,64.31,4.25,24.90,9.94,14.96,-.028,-.042,6.0,4.08,65.06,"25' 4""","27' 4""",41.3,58.7,83.27,"35' 1""","16' 9"""
34021,Bud Cauley,United States,2019,70.574,.558,293.4,63.26,67.21,.196,-.052,-.163,.610,64.05,4.07,24.76,12.92,11.84,+.050,E,6.0,5.19,64.09,"27' 8""","24' 5""",53.8,46.2,82.37,"33' 1""","16' 6"""
45526,Abraham Ancer,Mexico,2019,70.580,.515,293.3,70.21,66.79,.011,-.065,.575,.580,61.98,3.89,24.02,8.78,15.24,+.033,+.011,4.5,1.51,69.93,"20' 7""","22' 11""",36.3,63.7,87.01,"31' 9""","20' 6"""
34363,Tyrrell Hatton,England,2019,70.585,.489,296.6,62.96,66.28,.218,-.192,.176,.681,54.55,3.74,26.16,10.84,15.32,+.079,+.095,8.8,3.44,61.62,"24' 4""","22' 11""",43.9,56.1,83.09,"31' 8""","14' 9"""
25572,Graeme McDowell,Northern Ireland,2019,70.591,.385,285.9,62.69,64.79,-.016,.731,-.426,-.346,62.22,3.54,26.88,13.58,13.29,+.163,+.117,6.2,4.62,62.28,"25' 5""","23' 5""",52.7,47.3,81.90,"34' 1""","18' 3"""
51766,Wyndham Clark,United States,2019,70.595,.413,311.8,56.37,65.95,-.572,.640,.084,-.227,61.23,4.21,31.69,12.78,18.91,-.021,-.102,4.4,6.64,57.24,"36' 4""","26' 0""",42.6,57.4,81.01,"35' 4""","18' 5"""
45486,Joaquin Niemann,Chile,2019,70.621,.670,301.5,61.72,68.06,.484,-.170,.338,.840,60.33,3.70,29.64,12.70,16.94,+.027,-.064,6.0,3.33,60.99,"24' 10""","24' 1""",41.4,58.6,84.10,"31' 1""","15' 6"""
46402,Talor Gooch,United States,2019,70.629,.370,297.4,58.68,69.96,.604,.111,-.240,.259,60.27,3.96,31.36,13.94,17.42,E,+.098,5.6,3.33,59.70,"26' 7""","23' 2""",44.5,55.5,83.44,"30' 6""","16' 2"""
49771,J.T. Poston,United States,2019,70.633,.506,293.8,62.89,66.84,.223,.212,.032,.294,62.83,3.91,25.80,10.94,14.86,+.066,-.037,6.9,4.33,63.02,"24' 11""","23' 9""",42.7,57.3,83.76,"32' 5""","16' 6"""
29420,Billy Horschel,United States,2019,70.644,.829,291.8,64.71,67.63,.147,.522,.145,.307,61.38,3.61,24.51,13.81,10.70,+.097,+.150,7.8,3.43,64.28,"26' 4""","23' 11""",55.2,44.8,83.75,"34' 4""","17' 0"""
24024,Zach Johnson,United States,2019,70.644,.459,287.5,66.59,62.59,.398,-.087,.053,.546,61.95,3.34,23.78,13.45,10.33,+.105,+.101,6.8,3.40,66.03,"22' 9""","22' 9""",57.0,43.0,81.95,"32' 2""","19' 8"""
34256,Andrew Putnam,United States,2019,70.644,.536,281.5,60.64,65.94,.414,.700,-.639,-.164,59.23,4.16,27.18,11.15,16.03,+.112,+.092,7.9,5.00,59.87,"26' 4""","26' 6""",41.1,58.9,80.32,"33' 3""","15' 8"""
32150,Michael Thompson,United States,2019,70.662,.426,288.4,69.12,65.73,.018,.339,-.045,.087,62.79,3.82,21.22,11.60,9.61,+.057,+.143,6.4,3.76,68.62,"22' 6""","24' 8""",57.6,42.4,85.07,"33' 5""","15' 9"""
23320,Ryan Palmer,United States,2019,70.679,.475,298.6,60.67,68.35,.395,.041,.255,.434,59.31,4.21,24.75,11.17,13.58,+.083,-.114,7.8,6.36,61.10,"29' 9""","23' 7""",45.1,54.9,84.18,"31' 5""","17' 7"""
28775,Nate Lashley,United States,2019,70.692,.523,289.6,65.19,67.48,.487,.304,-.247,.219,62.06,3.88,24.97,10.98,13.99,+.065,-.083,6.9,2.88,65.23,"26' 8""","24' 0""",48.2,51.8,84.23,"32' 2""","14' 9"""
25493,Nick Taylor,Canada,2019,70.697,.452,292.1,61.68,67.26,-.051,.330,.135,.122,60.77,3.76,28.82,14.20,14.62,-.011,+.047,6.0,3.68,61.49,"24' 9""","22' 11""",47.5,52.5,83.19,"34' 9""","20' 0"""
25804,Bubba Watson,United States,2019,70.710,.281,311.6,58.13,66.76,-.052,-.344,.743,.624,57.35,3.71,30.79,16.55,14.24,+.051,+.035,4.5,5.90,58.85,"28' 9""","27' 10""",54.5,45.5,81.77,"34' 2""","21' 9"""
37189,Harold Varner III,United States,2019,70.716,.227,302.0,59.97,67.21,.093,-.202,.260,.429,60.33,3.82,29.07,13.27,15.80,+.019,+.125,5.9,4.98,60.10,"29' 4""","23' 1""",47.4,52.6,82.60,"32' 2""","17' 5"""
29970,Dylan Frittelli,South Africa,2019,70.737,.439,296.5,62.71,68.24,.186,-.169,.272,.608,62.63,3.62,28.77,12.10,16.67,+.057,-.035,4.8,4.25,62.21,"26' 0""","23' 0""",42.9,57.1,83.79,"33' 10""","17' 9"""
49964,Aaron Wise,United States,2019,70.739,.329,302.6,61.75,68.60,-.085,-.146,.533,.475,52.05,4.42,27.65,14.15,13.49,+.059,-.047,5.4,4.37,62.57,"28' 1""","26' 6""",50.0,50.0,82.47,"33' 11""","17' 8"""
34466,Peter Malnati,United States,2019,70.762,.379,292.2,54.62,63.99,.225,.467,-.410,-.088,62.64,3.86,32.82,17.08,15.74,+.067,-.067,6.7,5.34,55.15,"27' 2""","24' 4""",49.1,50.9,79.78,"33' 4""","15' 7"""
27214,Kevin Streelman,United States,2019,70.763,.669,291.8,67.99,69.75,.479,-.251,.383,.919,59.86,3.77,23.57,11.89,11.68,+.036,-.018,4.8,4.38,67.26,"24' 6""","23' 9""",51.3,48.7,86.74,"33' 2""","14' 1"""
27064,Jhonattan Vegas,Venezuela,2019,70.765,.626,308.3,58.93,69.29,.219,-.156,.753,.782,57.54,3.97,29.99,14.88,15.11,-.094,-.024,6.7,4.25,59.03,"29' 6""","25' 4""",47.2,52.8,84.72,"33' 2""","15' 6"""
39997,Corey Conners,Canada,2019,70.775,.620,297.3,66.92,73.06,.665,-.576,.653,1.196,56.12,3.79,25.88,10.35,15.53,+.053,-.020,4.9,2.80,66.46,"19' 8""","23' 3""",40.3,59.7,86.78,"29' 7""","15' 11"""
26499,Rafa Cabrera Bello,Spain,2019,70.780,.419,289.6,64.52,62.99,.089,.043,.180,.376,59.16,4.00,25.15,10.48,14.67,+.020,+.171,5.5,3.44,65.87,"24' 5""","24' 10""",42.0,58.0,81.84,"36' 4""","17' 3"""
22371,Aaron Baddeley,Australia,2019,70.783,.313,286.3,57.74,63.33,-.340,.654,-.460,-.340,65.84,3.78,34.02,18.46,15.56,+.110,+.037,6.0,4.62,55.38,"28' 4""","24' 4""",55.2,44.8,79.84,"36' 3""","16' 6"""
33419,Cameron Tringale,United States,2019,70.796,.546,296.9,60.53,69.66,.327,.204,-.108,.342,61.13,4.14,31.53,14.63,16.90,-.109,-.010,5.1,3.69,59.66,"26' 9""","27' 10""",47.1,52.9,84.79,"33' 6""","14' 8"""
26300,Matt Jones,Australia,2019,70.810,.628,294.1,62.17,66.60,-.148,.120,.304,.508,64.55,3.71,26.56,13.01,13.55,+.073,-.067,8.2,3.28,61.97,"26' 6""","24' 11""",50.6,49.4,82.49,"34' 9""","17' 8"""
31646,Emiliano Grillo,Argentina,2019,70.814,.418,295.7,68.13,68.73,.926,-.633,.470,1.051,55.13,3.76,22.14,7.81,14.32,+.182,+.033,7.3,2.86,67.71,"24' 8""","23' 1""",36.8,63.2,84.80,"31' 2""","16' 11"""
35891,Cameron Smith,Australia,2019,70.814,.324,294.2,59.36,63.66,.004,.157,-.123,.167,60.74,3.70,30.75,15.51,15.24,+.009,+.105,7.6,4.22,57.41,"28' 4""","25' 3""",51.6,48.4,80.60,"31' 10""","15' 8"""
47347,Adam Schenk,United States,2019,70.817,.487,300.8,61.27,68.61,.142,.341,.080,.146,60.71,3.97,29.91,12.46,17.46,+.131,+.077,6.0,3.42,60.70,"26' 3""","25' 0""",44.2,55.8,83.04,"32' 9""","18' 0"""
32139,Danny Willett,England,2019,70.828,.383,293.8,59.57,66.23,.250,-.130,.108,.513,58.75,3.63,30.20,14.45,15.75,+.083,-.030,6.1,5.64,58.09,"29' 5""","23' 3""",48.2,51.8,83.60,"33' 4""","14' 6"""
26951,Johnson Wagner,United States,2019,70.847,.005,283.4,67.08,71.55,-.015,.488,-.200,-.483,57.91,4.00,26.75,13.37,13.37,+.136,+.102,4.9,2.58,65.81,"23' 2""","26' 0""",47.7,52.3,87.55,"34' 5""","19' 2"""
33141,Keegan Bradley,United States,2019,70.849,.147,298.5,66.35,68.50,.567,-.516,.238,.663,59.14,3.68,23.82,12.39,11.43,+.019,+.164,5.3,3.74,67.09,"27' 2""","26' 5""",54.1,45.9,84.09,"31' 1""","13' 9"""
27936,Martin Laird,Scotland,2019,70.866,.223,298.9,63.09,69.86,.075,.019,.100,.204,61.06,3.59,26.65,13.13,13.52,-.080,+.165,5.0,5.43,62.88,"29' 4""","25' 4""",48.3,51.7,83.29,"33' 5""","18' 1"""
34098,Russell Henley,United States,2019,70.874,.167,287.7,69.33,68.10,.334,-.299,.137,.466,62.69,3.64,22.67,10.74,11.92,+.109,+.055,5.9,3.31,68.12,"19' 11""","22' 7""",48.6,51.4,84.92,"30' 11""","18' 9"""
27895,Jonas Blixt,Sweden,2019,70.875,.122,289.4,64.31,65.13,-.039,.130,-.003,-.008,59.75,3.70,26.63,12.25,14.38,+.063,+.110,5.3,3.48,64.61,"26' 6""","24' 6""",48.0,52.0,82.72,"33' 2""","20' 4"""
19803,Ryan Armour,United States,2019,70.888,.190,277.9,73.81,67.57,-.002,.190,-.103,.001,63.87,3.76,19.18,7.29,11.89,+.145,+.092,4.3,3.55,72.96,"18' 3""","23' 4""",40.7,59.3,86.36,"30' 10""","16' 3"""
35506,Mackenzie Hughes,Canada,2019,70.907,-.044,297.2,57.98,65.28,.032,-.014,-.068,-.030,61.05,3.71,31.40,16.30,15.10,-.058,+.007,7.2,4.60,56.78,"28' 5""","25' 6""",49.7,50.3,81.30,"34' 6""","18' 4"""
48822,Sebastián Muñoz,Colombia,2019,70.907,.343,298.8,59.80,68.26,.054,.076,-.048,.268,58.21,4.04,31.00,14.77,16.23,+.021,+.038,6.0,4.06,58.96,"26' 10""","25' 7""",49.7,50.3,82.54,"32' 5""","15' 9"""
27095,Nick Watney,United States,2019,70.908,.133,301.7,59.29,68.61,.071,.012,.010,.121,59.49,3.96,30.49,14.93,15.56,+.061,+.070,7.3,5.15,57.10,"29' 3""","25' 5""",48.8,51.2,82.02,"31' 0""","17' 0"""
30978,Kiradech Aphibarnrat,Thailand,2019,70.911,.083,292.4,63.25,61.65,-.433,.337,-.015,-.254,64.02,3.52,24.80,10.24,14.56,+.132,+.250,5.0,4.16,66.08,"26' 5""","24' 11""",42.3,57.7,80.88,"35' 6""","19' 4"""
37275,Sam Ryder,United States,2019,70.912,.462,293.9,63.62,67.98,.158,.427,.038,.035,62.89,3.97,25.36,10.82,14.54,+.066,+.011,6.7,4.57,63.34,"25' 8""","23' 5""",39.4,60.6,83.20,"31' 9""","16' 2"""
34076,Joel Dahmen,United States,2019,70.932,.085,292.4,68.51,66.72,.141,-.102,.249,.187,57.39,3.89,22.63,10.89,11.74,+.153,-.017,5.6,5.21,66.57,"25' 7""","22' 3""",45.9,54.1,85.15,"31' 0""","19' 6"""
32640,Troy Merritt,United States,2019,70.950,.421,293.3,66.43,68.85,.366,.085,-.054,.336,58.77,4.25,21.82,8.86,12.97,+.119,+.029,5.5,4.36,68.29,"27' 10""","27' 1""",42.5,57.5,85.20,"32' 2""","14' 11"""
33418,Shawn Stefani,United States,2019,70.958,.093,295.9,61.89,69.96,.421,-.159,-.303,.252,61.56,3.87,28.10,13.23,14.87,+.071,+.035,4.8,5.04,62.06,"30' 3""","24' 7""",46.6,53.4,85.00,"32' 4""","15' 0"""
29479,Scott Brown,United States,2019,70.960,-.004,288.6,65.41,66.53,-.083,.073,.199,-.077,60.73,3.59,25.11,11.08,14.03,+.128,+.057,6.1,2.85,65.93,"21' 10""","23' 8""",46.6,53.4,83.41,"32' 6""","19' 6"""
37455,Si Woo Kim,South Korea,2019,70.963,.134,292.4,62.95,64.91,-.177,-.060,.066,.194,63.51,4.12,24.09,10.95,13.14,-.065,+.044,6.2,5.11,64.60,"26' 4""","23' 9""",47.6,52.4,83.35,"33' 9""","17' 1"""
29908,C.T. Pan,Chinese Taipei,2019,70.966,.059,285.0,64.77,64.16,.054,-.062,-.114,.120,63.71,3.49,26.23,13.29,12.93,+.213,+.090,6.7,3.47,63.59,"24' 2""","25' 11""",52.2,47.8,81.38,"33' 3""","18' 1"""
25198,Francesco Molinari,Italy,2019,70.974,.038,288.7,66.45,63.58,.040,-.211,.105,.250,62.99,3.20,20.98,9.81,11.17,+.030,+.138,6.3,3.72,69.04,"26' 1""","25' 4""",50.6,49.4,84.34,"34' 1""","17' 5"""
26596,Ryan Moore,United States,2019,70.974,.826,282.2,75.53,68.17,.596,.062,.114,.765,59.20,3.91,16.70,6.70,10.00,+.057,+.068,4.7,2.84,75.80,"19' 2""","25' 6""",41.2,58.8,88.97,"32' 9""","18' 5"""
27330,Josh Teater,United States,2019,70.983,.262,292.0,63.50,70.48,.361,-.017,.081,.279,59.27,3.91,29.36,11.23,18.13,-.022,-.120,5.8,3.38,61.43,"23' 11""","25' 0""",41.8,58.2,85.59,"31' 3""","16' 8"""
45157,Cam Davis,Australia,2019,70.985,.137,309.0,58.01,68.75,.165,-.204,.197,.340,60.25,3.93,33.25,16.24,17.01,-.008,-.134,3.6,4.60,58.57,"33' 2""","24' 8""",47.9,52.1,84.28,"33' 8""","16' 10"""
49960,Sepp Straka,Austria,2019,70.987,.552,304.4,63.91,69.06,.309,.056,.378,.496,54.61,4.19,28.09,12.13,15.97,+.047,+.020,4.0,4.58,63.37,"29' 1""","24' 4""",43.2,56.8,84.65,"31' 11""","19' 2"""
47504,Sam Burns,United States,2019,70.995,.050,307.2,57.17,64.74,-.293,.369,.277,-.320,59.60,3.72,30.48,12.51,17.97,+.042,+.111,4.9,7.27,57.33,"32' 7""","25' 7""",40.3,59.7,78.22,"33' 9""","19' 2"""
29926,Danny Lee,New Zealand,2019,70.997,-.137,301.4,57.08,66.74,.156,-.240,.085,.102,58.97,3.91,29.51,13.80,15.71,+.077,+.080,6.5,6.85,57.10,"33' 2""","23' 3""",49.8,50.2,79.82,"32' 11""","16' 5"""
31560,Brian Stuard,United States,2019,70.999,.393,276.6,71.09,64.89,.266,.176,-.239,.217,64.31,3.69,21.96,10.09,11.87,+.079,+.102,3.9,2.62,71.50,"24' 1""","24' 6""",50.0,50.0,85.13,"32' 3""","16' 2"""
49766,Hank Lebioda,United States,2019,71.002,.167,294.0,65.64,69.21,.281,-.280,.085,.447,56.44,4.13,26.21,12.17,14.04,+.150,+.194,5.6,3.98,64.22,"25' 6""","24' 2""",46.4,53.6,84.41,"31' 11""","16' 3"""
27644,Brian Harman,United States,2019,71.016,.346,288.4,68.17,64.17,-.301,.090,.312,.256,60.10,3.52,22.09,11.14,10.94,+.083,+.018,6.5,3.04,68.39,"22' 10""","24' 1""",54.3,45.7,84.49,"32' 9""","18' 4"""
32333,Kevin Tway,United States,2019,71.020,.143,303.8,55.26,67.01,.124,-.131,-.099,.274,61.05,3.56,32.68,13.53,19.16,E,+.048,6.3,6.82,54.22,"33' 3""","27' 11""",44.3,55.7,80.75,"35' 0""","15' 7"""
39546,Keith Mitchell,United States,2019,71.021,.254,303.2,60.38,67.34,.037,-.338,.657,.592,57.17,3.88,28.82,16.35,12.47,E,+.151,5.9,4.71,60.59,"27' 1""","26' 8""",57.0,43.0,81.48,"33' 6""","16' 3"""
40009,Dominic Bozzelli,United States,2019,71.023,-.150,296.4,60.19,66.92,-.766,.847,-.236,-.997,58.65,4.16,30.18,12.72,17.46,+.042,+.023,7.1,3.11,59.62,"30' 1""","25' 6""",46.4,53.6,80.58,"34' 11""","19' 3"""
33486,Roger Sloan,Canada,2019,71.034,.020,295.8,61.83,65.08,.096,.101,-.072,-.081,58.90,3.90,28.31,11.57,16.74,-.025,-.045,7.3,4.44,59.92,"26' 1""","24' 2""",41.9,58.1,81.73,"32' 0""","17' 5"""
39324,J.J. Spaun,United States,2019,71.034,.030,290.4,63.56,68.36,.094,-.021,-.046,.051,59.53,3.82,26.71,9.65,17.06,+.059,+.058,6.2,4.49,62.63,"27' 9""","25' 10""",35.3,64.7,84.22,"34' 11""","17' 6"""
40115,Adam Svensson,Canada,2019,71.042,.380,289.8,65.24,69.40,.509,-.602,.213,.981,60.70,3.75,24.87,13.09,11.78,+.056,+.020,6.7,2.36,66.10,"24' 6""","23' 4""",54.6,45.4,85.35,"29' 11""","16' 10"""
27349,Alex Noren,Sweden,2019,71.046,-.269,301.1,62.38,65.28,-.366,-.266,.083,-.003,55.47,3.38,27.24,9.98,17.26,+.098,+.186,6.4,4.57,61.76,"29' 6""","23' 10""",41.8,58.2,82.14,"35' 0""","20' 9"""
34099,Harris English,United States,2019,71.055,.200,301.0,61.57,66.85,-.437,.527,-.024,-.327,60.41,3.49,29.13,13.79,15.34,-.071,+.026,5.3,4.57,61.00,"26' 0""","25' 9""",46.7,53.3,85.12,"35' 8""","20' 6"""
24924,Bill Haas,United States,2019,71.056,.153,291.5,61.33,64.65,-.169,.055,-.083,.098,61.73,3.57,27.74,10.36,17.38,+.062,-.057,6.1,4.05,62.14,"32' 3""","24' 4""",37.2,62.8,82.22,"35' 9""","17' 8"""
24361,Pat Perez,United States,2019,71.059,.288,286.1,65.28,65.32,-.085,.535,-.498,-.248,61.76,3.77,24.74,10.88,13.86,+.215,+.097,6.0,4.21,65.09,"26' 0""","26' 3""",44.6,55.4,81.55,"35' 1""","13' 6"""
29535,Brice Garnett,United States,2019,71.067,-.034,287.4,71.45,69.54,-.253,.091,.281,-.125,58.15,3.76,22.97,11.76,11.21,+.118,+.019,4.4,2.53,70.11,"21' 1""","25' 1""",50.6,49.4,87.91,"34' 2""","15' 7"""
33667,Carlos Ortiz,Mexico,2019,71.069,.125,301.0,62.30,67.82,-.072,.079,.177,.046,58.95,3.52,28.17,15.79,12.37,-.024,+.032,5.8,4.12,61.87,"26' 3""","25' 9""",56.8,43.2,83.77,"33' 6""","21' 2"""
30110,Kyle Stanley,United States,2019,71.094,-.013,288.9,69.08,67.47,.309,-.297,.037,.285,58.65,3.41,22.43,10.43,11.99,+.261,+.175,5.5,2.61,69.49,"21' 2""","23' 6""",49.3,50.7,84.12,"31' 5""","18' 2"""
27974,Sung Kang,South Korea,2019,71.101,.030,300.5,60.72,66.14,.036,-.088,.165,.118,59.96,3.65,27.91,12.98,14.93,+.097,+.079,6.6,4.43,61.07,"30' 5""","24' 6""",49.6,50.4,81.21,"33' 3""","15' 2"""
47128,Richy Werenski,United States,2019,71.104,-.147,293.6,61.26,65.93,-.163,.074,.057,-.221,60.31,3.66,27.84,14.91,12.93,+.107,+.060,5.9,5.03,61.20,"22' 10""","24' 8""",55.7,44.3,82.40,"33' 4""","18' 4"""
39977,Max Homa,United States,2019,71.110,.082,300.2,57.48,65.14,.179,-.006,.213,.087,58.37,3.54,30.82,12.37,18.45,+.136,-.068,7.2,3.88,58.07,"27' 2""","23' 11""",42.2,57.8,80.04,"32' 0""","16' 4"""
32200,Roberto Castro,United States,2019,71.127,.009,283.8,67.50,68.44,.432,-.079,-.382,.088,62.35,3.71,23.34,11.61,11.73,+.139,+.110,4.8,3.25,68.64,"28' 3""","24' 1""",51.2,48.8,83.15,"32' 1""","17' 1"""
25396,Kevin Na,United States,2019,71.144,.087,289.6,64.05,64.44,-.076,.089,-.282,-.002,58.85,3.42,25.37,11.29,14.08,+.128,+.116,5.1,5.89,63.67,"27' 11""","24' 8""",42.4,57.6,80.71,"34' 6""","14' 7"""
46601,Trey Mullinax,United States,2019,71.194,-.172,310.2,51.03,67.50,.134,-.353,.341,.181,58.08,3.71,34.56,15.78,18.78,-.006,+.022,7.4,7.72,50.35,"33' 3""","26' 0""",46.7,53.3,79.06,"31' 8""","15' 1"""
46435,Austin Cook,United States,2019,71.201,-.319,291.0,70.26,65.71,-.095,-.088,.236,-.232,56.96,3.94,20.95,11.02,9.93,+.068,+.123,5.0,3.54,70.48,"23' 4""","24' 1""",54.8,45.2,84.74,"32' 6""","17' 8"""
36799,Stephan Jaeger,Germany,2019,71.201,-.093,293.7,59.54,65.96,-.127,-.091,-.239,-.002,63.45,3.59,30.91,15.33,15.58,-.066,+.075,4.7,5.11,59.26,"30' 3""","24' 7""",50.5,49.5,81.63,"34' 2""","19' 2"""
35376,Roberto Díaz,Mexico,2019,71.207,-.123,287.4,67.85,66.58,-.466,.162,.118,-.285,60.87,3.74,24.33,11.32,13.01,+.130,+.088,4.0,3.25,68.46,"25' 3""","25' 2""",46.3,53.7,84.75,"34' 7""","17' 2"""
27129,Luke List,United States,2019,71.223,.202,313.3,53.06,65.43,-.005,-.280,.481,.482,54.59,3.73,31.84,16.05,15.79,-.033,+.049,7.1,7.50,53.55,"31' 8""","24' 8""",57.0,43.0,80.50,"33' 5""","19' 4"""
35732,Wes Roach,United States,2019,71.228,.165,294.1,65.95,67.64,-.110,.000,.079,.166,62.94,3.65,28.45,10.70,17.74,+.091,+.082,3.1,2.49,65.98,"23' 7""","26' 5""",40.2,59.8,84.56,"32' 3""","18' 10"""
37340,Chase Wright,United States,2019,71.233,.010,299.1,62.62,67.95,-.069,.379,.013,-.369,57.79,3.90,26.71,13.42,13.29,+.105,-.028,6.5,4.05,62.78,"25' 1""","22' 10""",57.0,43.0,83.18,"32' 3""","18' 10"""
49298,Kramer Hickok,United States,2019,71.243,-.287,291.0,69.25,67.10,-.264,-.604,.336,.317,60.31,3.65,24.00,9.01,14.98,+.065,+.149,4.5,3.05,68.45,"22' 5""","24' 8""",36.9,63.1,85.65,"32' 3""","16' 7"""
25632,Jimmy Walker,United States,2019,71.262,.062,299.2,55.65,64.71,.051,-.130,-.181,.192,63.40,3.28,32.95,15.20,17.75,+.065,+.008,7.4,5.62,54.02,"33' 0""","27' 8""",45.2,54.8,78.74,"34' 1""","15' 1"""
33410,Andrew Landry,United States,2019,71.265,-.011,286.8,71.72,67.12,.200,-.153,.185,.142,60.27,3.84,20.93,9.14,11.78,+.178,+.108,4.0,3.85,71.26,"22' 5""","24' 6""",43.3,56.7,86.78,"31' 10""","18' 5"""
32757,Patton Kizzire,United States,2019,71.292,-.098,294.9,60.71,63.96,-.132,.642,-.489,-.740,57.92,3.61,27.87,13.39,14.48,-.047,+.102,5.9,5.87,60.38,"29' 10""","26' 8""",52.4,47.6,80.89,"33' 8""","19' 9"""
29268,Bronson Burgoon,United States,2019,71.295,-.344,296.1,66.49,67.98,-.033,-.291,.054,-.053,56.78,3.76,24.89,10.23,14.66,+.219,+.075,5.5,3.82,65.80,"28' 1""","25' 5""",44.2,55.8,84.42,"31' 4""","15' 8"""
27958,Ryan Blaum,United States,2019,71.302,-.145,289.2,62.50,64.97,-.292,.194,-.052,-.338,60.54,3.77,28.08,14.04,14.04,+.121,+.207,6.3,2.51,63.09,"25' 6""","23' 10""",51.7,48.3,82.34,"35' 5""","17' 2"""
32791,K.H. Lee,South Korea,2019,71.307,-.107,286.2,66.01,67.66,-.011,-.096,.125,-.011,57.67,3.73,25.44,14.05,11.38,+.112,+.083,6.5,3.25,64.81,"25' 1""","24' 0""",58.9,41.1,83.13,"34' 8""","18' 7"""
30946,Alex Prugh,United States,2019,71.322,-.066,303.7,64.08,71.44,.222,-.344,.379,.278,52.88,3.46,27.87,13.49,14.38,+.079,+.028,6.1,3.66,62.42,"27' 0""","24' 5""",49.1,50.9,86.07,"32' 5""","14' 2"""
01810,Phil Mickelson,United States,2019,71.331,-.438,306.3,50.77,64.17,-.065,-.160,-.307,-.278,54.26,3.92,37.59,21.44,16.15,+.018,+.137,4.6,7.20,50.66,"38' 7""","24' 8""",55.6,44.4,77.59,"31' 11""","16' 0"""
25686,Jason Dufner,United States,2019,71.336,-.015,290.1,67.79,70.76,.091,-.494,.264,.479,54.88,3.68,22.01,11.07,10.94,+.195,+.136,5.8,3.14,69.06,"25' 3""","23' 2""",51.1,48.9,87.08,"31' 10""","16' 5"""
34264,Hudson Swafford,United States,2019,71.350,-.198,295.2,57.66,66.76,.119,-.031,-.047,-.167,55.13,3.58,33.03,15.05,17.97,+.026,+.092,5.4,5.07,56.53,"26' 3""","27' 10""",47.8,52.2,81.16,"32' 7""","17' 7"""
19846,Brian Gay,United States,2019,71.356,-.278,274.9,70.19,64.36,-.392,.335,-.286,-.613,61.65,3.52,20.96,10.48,10.48,+.114,+.143,5.6,3.69,69.76,"24' 2""","25' 6""",47.8,52.2,85.50,"34' 11""","17' 7"""
12716,Charley Hoffman,United States,2019,71.361,.057,295.6,58.26,66.51,.396,-.158,.049,.216,54.27,3.49,28.40,11.27,17.13,+.189,+.096,6.8,6.64,58.18,"28' 5""","23' 11""",42.6,57.4,80.31,"30' 8""","17' 3"""
36699,Patrick Rodgers,United States,2019,71.365,.231,299.8,57.24,64.71,-.383,.428,.157,-.197,57.10,3.67,32.59,17.25,15.34,+.031,+.009,5.3,4.47,57.67,"29' 2""","27' 9""",56.1,43.9,81.01,"34' 9""","16' 6"""
35461,Beau Hossler,United States,2019,71.381,-.178,299.4,59.19,67.00,-.765,.619,.048,-.797,56.19,3.96,29.51,13.16,16.35,+.097,+.089,8.2,5.84,56.48,"29' 7""","25' 6""",43.0,57.0,81.45,"36' 1""","16' 9"""
52372,Cameron Champ,United States,2019,71.393,-.374,317.9,55.30,69.30,-.335,-.099,.657,-.276,52.14,4.12,34.71,17.62,17.09,+.075,+.114,4.8,5.20,55.31,"31' 7""","25' 0""",52.5,47.5,81.72,"33' 9""","18' 6"""
39327,Ben Silverman,Canada,2019,71.401,-.357,287.2,67.97,66.50,-.330,-.112,.164,-.245,59.51,3.44,25.00,12.95,12.05,+.117,+.030,5.1,3.08,66.79,"24' 11""","23' 4""",49.8,50.2,85.35,"34' 3""","16' 4"""
32058,José de Jesús Rodríguez,Mexico,2019,71.420,-.240,290.2,60.31,64.27,-.455,.151,-.067,-.392,60.29,3.85,31.62,13.53,18.09,-.024,-.087,5.6,4.85,57.94,"23' 11""","24' 3""",47.4,52.6,82.25,"34' 4""","17' 3"""
29974,Branden Grace,South Africa,2019,71.421,-.107,295.1,57.22,66.09,.110,-.520,.024,.413,55.18,3.40,30.18,11.56,18.62,+.086,+.097,7.2,4.82,57.78,"27' 1""","24' 8""",36.1,63.9,79.77,"32' 11""","17' 1"""
30692,Scott Stallings,United States,2019,71.443,-.078,297.0,58.97,66.74,.259,-.329,.009,.251,58.46,3.78,29.64,12.58,17.06,+.069,+.093,5.3,5.54,59.49,"27' 5""","23' 10""",42.9,57.1,80.40,"32' 3""","17' 3"""
30191,Julián Etulain,Argentina,2019,71.453,-.434,291.8,54.81,63.50,-.289,.048,-.284,-.482,61.59,3.42,34.18,17.16,17.02,+.067,+.124,6.4,5.96,53.48,"30' 6""","24' 2""",50.5,49.5,78.78,"35' 1""","17' 5"""
34563,Chesson Hadley,United States,2019,71.453,-.128,297.6,59.75,64.64,.231,.230,-.336,-.357,59.66,3.46,27.93,16.57,11.37,E,+.131,7.4,6.41,58.28,"31' 3""","25' 0""",56.7,43.3,81.57,"31' 0""","15' 7"""
35449,Adam Long,United States,2019,71.464,-.418,292.0,66.51,65.28,.138,-.369,-.036,-.049,58.74,3.22,22.26,12.13,10.13,+.073,+.243,7.1,4.22,66.46,"25' 2""","21' 9""",52.0,48.0,84.29,"33' 2""","14' 6"""
36852,Jim Knous,United States,2019,71.483,-.372,296.5,55.21,67.71,.111,-.249,.041,-.123,57.79,3.55,34.64,19.37,15.27,E,+.038,6.7,4.84,53.82,"31' 9""","24' 9""",53.6,46.4,82.95,"34' 6""","17' 1"""
28679,Fabián Gómez,Argentina,2019,71.484,-.159,290.2,68.17,68.10,-.286,-.144,.048,-.016,60.67,3.55,24.11,10.71,13.39,-.022,+.153,4.8,2.83,68.30,"22' 0""","23' 6""",43.2,56.8,84.78,"33' 0""","17' 9"""
24925,Jonathan Byrd,United States,2019,71.490,-.762,281.6,58.25,65.19,.204,-.412,-.758,-.349,64.17,3.67,33.60,16.40,17.20,+.070,E,4.6,6.00,55.80,"29' 10""","25' 7""",50.9,49.1,82.77,"34' 6""","12' 6"""
29223,Sam Saunders,United States,2019,71.493,-.365,299.9,56.55,64.79,.100,-.082,-.136,-.283,59.28,3.78,30.25,11.10,19.15,+.102,+.029,6.6,5.66,57.45,"31' 11""","24' 9""",38.2,61.8,79.34,"33' 1""","16' 6"""
29484,Peter Uihlein,United States,2019,71.512,-.181,297.5,50.55,66.03,-.168,.345,-.442,-.526,58.70,3.77,35.63,18.70,16.94,-.059,+.094,7.2,7.15,50.06,"32' 9""","27' 4""",54.0,46.0,78.95,"32' 10""","14' 11"""
35421,Brandon Harkins,United States,2019,71.519,-.389,304.3,56.96,67.67,.042,-.481,.030,.092,53.00,4.06,30.98,14.01,16.97,+.075,+.053,5.6,6.01,57.43,"28' 6""","25' 9""",45.7,54.3,81.94,"32' 4""","15' 11"""
35879,Kelly Kraft,United States,2019,71.529,-.715,290.2,61.65,62.41,-.189,.054,-.307,-.769,56.57,3.64,28.08,15.55,12.53,+.134,+.151,6.9,3.47,61.52,"28' 5""","23' 11""",58.7,41.3,79.98,"33' 11""","17' 11"""
06522,Ernie Els,South Africa,2019,71.548,-.527,284.7,59.27,63.72,-.355,.010,-.463,-.536,64.38,3.08,29.47,10.39,19.08,+.127,+.047,7.5,6.28,56.76,"29' 1""","30' 9""",38.4,61.6,78.98,"35' 2""","20' 2"""
45609,Tyler Duncan,United States,2019,71.577,-.758,288.2,69.63,68.47,-.152,-.565,.156,-.193,57.54,3.39,23.59,11.47,12.13,+.173,+.125,5.0,2.65,68.80,"23' 3""","24' 3""",48.9,51.1,85.16,"31' 10""","23' 4"""
34261,Scott Langley,United States,2019,71.605,-.767,271.3,69.02,62.01,-.483,.130,-.593,-.897,59.88,3.55,23.54,11.66,11.88,+.170,+.221,4.0,3.03,69.39,"21' 0""","26' 1""",50.8,49.2,84.12,"33' 5""","19' 4"""
35532,Tom Hoge,United States,2019,71.608,-.246,290.4,61.81,65.80,.381,-.284,-.179,.039,59.21,3.50,27.87,11.09,16.78,+.131,+.081,6.4,4.50,61.24,"24' 9""","26' 3""",41.9,58.1,80.75,"30' 0""","19' 10"""
34431,Robert Streb,United States,2019,71.629,-.424,288.7,60.93,66.13,-.053,-.237,-.256,-.187,60.36,3.43,29.24,18.77,10.47,+.057,+.103,5.7,3.13,61.97,"30' 3""","23' 10""",63.4,36.6,82.50,"33' 10""","16' 4"""
27963,Chris Stroud,United States,2019,71.644,-.729,289.8,58.29,62.99,-.229,.022,-.557,-.752,59.81,3.44,29.35,11.66,17.70,+.079,-.012,8.1,5.20,57.30,"31' 0""","24' 9""",45.1,54.9,80.65,"34' 8""","18' 2"""
26758,David Hearn,Canada,2019,71.697,-.615,279.3,69.92,67.49,.009,-.157,-.158,-.458,58.55,3.55,26.27,11.23,15.04,+.042,+.075,4.2,1.91,67.58,"19' 8""","23' 11""",44.0,56.0,86.56,"33' 0""","16' 8"""
31420,Anirban Lahiri,India,2019,71.698,-.752,290.2,60.08,62.96,-.298,.116,-.431,-.869,59.57,3.58,27.45,12.87,14.58,+.076,+.171,8.2,3.31,61.03,"27' 2""","25' 10""",48.9,51.1,81.39,"34' 1""","20' 4"""
46523,Joey Garber,United States,2019,71.713,-.684,293.9,62.52,66.37,-.501,-.234,.191,-.450,61.74,3.42,29.38,16.19,13.19,-.013,+.155,4.3,3.51,62.77,"27' 4""","26' 2""",55.8,44.2,83.27,"34' 4""","17' 6"""
27141,J.B. Holmes,United States,2019,71.735,-.450,306.7,56.50,65.57,.079,-.752,.210,.302,57.50,3.76,32.27,16.52,15.76,+.115,E,7.3,6.52,53.94,"37' 6""","22' 11""",54.8,45.2,79.76,"31' 10""","17' 7"""
31557,Jim Herman,United States,2019,71.750,-.386,288.3,70.15,66.20,-.110,-.154,.203,-.232,55.48,3.58,20.98,11.15,9.83,+.096,+.102,4.7,3.40,70.89,"21' 6""","24' 0""",53.0,47.0,86.12,"32' 10""","15' 10"""
28259,Sangmoon Bae,South Korea,2019,71.762,-.634,296.5,61.49,64.71,-.568,.217,.020,-.851,58.89,3.54,28.57,14.10,14.47,+.013,+.090,5.2,4.16,62.03,"26' 1""","25' 1""",49.5,50.5,83.00,"35' 5""","18' 9"""
49303,Anders Albertson,United States,2019,71.772,-.520,293.2,60.11,67.71,.165,-.307,-.265,-.213,62.37,3.55,31.02,14.68,16.34,+.025,+.160,5.4,4.57,59.00,"26' 6""","25' 5""",46.7,53.3,81.34,"32' 10""","19' 2"""
46501,Ollie Schniederjans,United States,2019,71.873,-.471,306.4,48.47,62.89,-.308,.147,-.285,-.618,56.89,3.65,32.10,15.63,16.47,+.072,+.015,8.6,9.31,50.00,"34' 6""","28' 2""",49.1,50.9,75.86,"34' 2""","16' 11"""
29518,Brendan Steele,United States,2019,71.893,-.530,302.5,68.71,69.98,-.316,-.503,.518,-.027,55.82,3.56,24.54,13.40,11.14,+.013,+.211,4.7,3.81,67.00,"26' 4""","24' 8""",56.6,43.4,86.49,"32' 5""","17' 3"""
30786,Brady Schnell,United States,2019,71.944,-.763,283.3,67.46,64.49,-.318,.065,-.439,-.828,57.98,3.37,23.49,10.46,13.03,+.099,+.053,6.2,4.04,66.24,"23' 7""","26' 4""",44.8,55.2,84.71,"32' 10""","17' 5"""
24781,Hunter Mahan,United States,2019,71.948,-.774,295.7,65.61,68.27,-.563,.102,.262,-.875,54.90,3.58,28.15,12.15,16.00,+.010,+.089,3.4,3.08,65.38,"26' 2""","24' 4""",40.5,59.5,84.57,"35' 5""","18' 6"""
21731,Freddie Jacobson,Sweden,2019,71.953,-.826,285.3,60.62,63.18,-.151,.142,-.639,-.968,56.21,3.20,27.27,12.00,15.27,+.095,+.152,6.4,7.09,59.27,"30' 1""","26' 10""",44.8,55.2,79.32,"34' 5""","16' 7"""
37380,Curtis Luck,Australia,2019,72.001,-1.104,289.4,55.91,62.43,-.847,.446,-.546,-1.550,59.40,3.61,34.16,14.85,19.31,+.051,+.122,5.4,5.94,54.46,"30' 9""","23' 10""",45.7,54.3,79.42,"36' 3""","15' 8"""
28252,Seamus Power,Ireland,2019,72.026,-.719,295.9,56.26,62.19,-.676,.057,-.247,-.776,61.02,3.22,31.42,17.58,13.83,+.093,+.147,5.9,6.21,56.51,"33' 7""","28' 5""",55.5,44.5,79.13,"34' 5""","16' 0"""
20472,Alex Cejka,Germany,2019,72.076,-.844,278.0,67.19,64.44,-.014,-.482,-.092,-.362,59.69,3.10,23.96,12.97,10.99,+.131,+.125,5.0,2.70,68.29,"26' 8""","25' 2""",56.8,43.2,85.04,"32' 1""","19' 1"""
47990,Kyle Jones,United States,2019,72.079,-.634,284.0,68.62,65.99,-.403,-.217,-.030,-.417,58.91,3.27,25.46,10.74,14.72,+.081,+.099,5.0,1.99,67.51,"21' 0""","22' 10""",43.8,56.3,85.67,"35' 9""","14' 0"""
39954,Cody Gribble,United States,2019,72.096,-1.027,297.2,53.64,61.62,-.427,-.033,-.374,-.994,52.63,3.47,31.19,16.48,14.72,+.120,+.076,7.0,7.55,54.21,"36' 3""","26' 4""",56.2,43.8,78.50,"32' 9""","18' 11"""
23353,J.J. Henry,United States,2019,72.135,-1.192,288.8,65.06,66.67,-.273,-.657,-.099,-.535,61.22,2.44,27.75,14.66,13.09,+.187,+.143,5.9,2.97,63.35,"24' 4""","25' 10""",50.0,50.0,84.46,"34' 5""","18' 11"""
47856,Seth Reeves,United States,2019,72.156,-1.439,311.4,57.22,66.83,-.941,-.475,.343,-.964,54.25,3.55,34.93,15.21,19.73,+.056,+.153,4.8,4.38,55.89,"29' 0""","26' 0""",42.7,57.3,82.14,"34' 9""","17' 3"""
27556,"Ted Potter, Jr.",United States,2019,72.214,-.944,281.4,63.22,66.35,-.140,-.216,-.253,-.727,54.42,3.82,27.27,15.07,12.20,+.020,+.183,6.1,4.78,61.84,"27' 1""","26' 0""",54.4,45.6,85.03,"33' 11""","14' 7"""
20572,Rod Pampling,Australia,2019,72.304,-1.177,286.4,62.76,64.00,-.473,-.796,-.187,-.382,55.49,3.08,27.94,13.18,14.76,+.083,+.333,6.3,3.51,62.21,"24' 1""","24' 9""",46.2,53.8,82.21,"34' 10""","16' 7"""
35617,Martin Trainer,France,2019,72.343,-1.431,303.8,50.76,60.47,-1.378,-.041,-.075,-1.390,56.68,3.44,33.92,18.50,15.42,+.162,+.071,6.9,8.81,50.37,"38' 4""","26' 0""",54.0,46.0,74.97,"39' 1""","16' 7"""
37454,Whee Kim,South Korea,2019,72.474,-1.290,284.3,62.07,66.18,-.217,.042,-1.035,-1.332,55.71,3.62,28.00,12.15,15.85,+.155,+.190,5.8,4.77,61.38,"31' 1""","26' 9""",46.1,53.9,80.31,"30' 11""","15' 6"""
34306,John Chin,United States,2019,72.485,-1.555,300.0,58.15,68.72,-.760,-.318,-.112,-1.237,54.61,3.67,32.01,14.96,17.05,+.100,+.165,6.6,3.79,57.58,"29' 0""","24' 9""",49.5,50.5,81.46,"35' 4""","18' 6"""
32816,Satoshi Kodaira,Japan,2019,72.780,-1.628,282.3,67.63,63.54,-.399,-.504,-.311,-1.124,51.67,3.52,25.21,9.86,15.35,+.055,+.171,4.9,4.08,65.77,"22' 6""","25' 1""",40.5,59.5,83.48,"33' 10""","20' 0"""
39975,Michael Kim,United States,2019,73.569,-2.135,279.3,52.96,60.08,-.545,-.185,-1.556,-1.950,51.18,2.98,35.44,18.12,17.31,+.131,+.179,7.0,6.96,50.65,"32' 6""","31' 3""",47.0,53.0,74.61,"33' 2""","18' 10"""
29221,Webb Simpson,United States,2020,68.978,1.597,296.2,67.31,70.83,.640,.589,.123,1.007,64.47,4.67,24.72,12.78,11.94,+.094,-.022,3.9,3.93,67.42,"26' 4""","23' 2""",50.7,49.3,85.85,"30' 1""","15' 10"""
46970,Jon Rahm,Spain,2020,69.127,1.823,307.6,63.11,70.31,.283,.479,.756,1.344,64.52,4.22,27.57,13.53,14.04,+.152,+.046,5.6,3.63,63.16,"25' 6""","23' 8""",51.5,48.5,83.09,"32' 0""","14' 11"""
33448,Justin Thomas,United States,2020,69.128,1.709,304.2,57.25,69.61,.997,-.031,.405,1.741,63.16,4.55,32.75,15.69,17.06,-.088,-.048,6.0,3.74,57.53,"30' 2""","25' 7""",50.2,49.8,83.77,"29' 5""","15' 0"""
28237,Rory McIlroy,Northern Ireland,2020,69.219,1.243,314.0,56.34,67.78,.504,-.071,.702,1.314,60.63,4.20,34.09,17.54,16.55,+.043,+.137,5.2,4.95,55.73,"27' 11""","23' 11""",48.9,51.1,80.14,"30' 1""","16' 11"""
48081,Xander Schauffele,United States,2020,69.227,1.605,305.4,60.31,70.87,.366,.366,.648,1.239,66.49,4.24,29.74,16.51,13.23,-.018,-.064,6.3,4.33,59.60,"26' 7""","25' 5""",52.7,47.3,84.49,"33' 3""","17' 1"""
40026,Daniel Berger,United States,2020,69.237,1.560,300.2,63.86,66.93,.396,.526,.366,1.034,67.45,4.38,26.61,8.48,18.12,-.028,+.030,4.9,3.47,65.04,"23' 7""","22' 2""",32.4,67.6,84.51,"32' 6""","17' 3"""
47959,Bryson DeChambeau,United States,2020,69.241,1.566,322.1,57.37,68.46,-.090,.658,1.039,.908,63.92,4.42,34.27,18.31,15.96,-.037,-.013,3.3,3.99,58.45,"33' 0""","24' 10""",52.3,47.7,81.11,"31' 6""","17' 3"""
30925,Dustin Johnson,United States,2020,69.323,1.409,311.0,59.07,69.27,.524,.271,.612,1.138,60.52,4.35,31.35,18.26,13.09,-.012,+.050,5.5,4.57,58.60,"28' 11""","26' 9""",53.5,46.5,82.00,"29' 4""","17' 3"""
34099,Harris English,United States,2020,69.496,1.467,300.9,61.75,70.91,.454,.518,.215,.948,65.33,4.03,28.66,15.28,13.38,-.024,+.028,6.1,3.27,61.96,"24' 11""","23' 5""",51.4,48.6,85.06,"34' 1""","19' 6"""
34363,Tyrrell Hatton,England,2020,69.507,1.431,301.6,61.73,69.31,.694,.365,.188,1.066,58.62,4.55,29.24,12.92,16.31,+.091,E,7.4,2.97,60.38,"25' 6""","20' 9""",45.9,54.1,84.52,"29' 6""","15' 11"""
34360,Patrick Reed,United States,2020,69.586,1.295,296.0,56.08,65.32,.102,.599,.278,.696,63.64,4.23,33.59,16.52,17.07,+.077,+.040,7.4,2.53,56.50,"22' 10""","24' 0""",48.5,51.5,80.79,"32' 6""","16' 0"""
46046,Scottie Scheffler,United States,2020,69.709,1.078,308.9,61.24,69.04,.398,-.053,.618,1.131,60.61,4.35,29.36,14.89,14.48,+.071,-.062,7.5,2.16,60.99,"25' 10""","23' 3""",51.0,49.0,83.36,"32' 4""","15' 7"""
35450,Patrick Cantlay,United States,2020,69.764,1.316,303.1,59.35,68.36,.523,.219,.404,1.097,59.54,4.15,30.63,16.69,13.94,+.058,-.010,6.2,4.21,59.00,"27' 9""","26' 11""",56.2,43.8,81.61,"32' 10""","18' 9"""
32839,Hideki Matsuyama,Japan,2020,69.766,.964,304.4,56.98,68.54,.690,-.469,.285,1.433,63.72,4.04,32.58,14.10,18.48,-.032,E,6.6,4.27,56.52,"26' 10""","24' 11""",44.4,55.6,81.40,"29' 9""","14' 3"""
50525,Collin Morikawa,United States,2020,69.856,1.231,297.3,65.54,69.03,.884,-.099,.440,1.330,59.42,4.05,26.83,12.26,14.57,+.131,+.057,5.7,2.11,65.33,"25' 5""","23' 0""",45.4,54.6,85.36,"30' 2""","17' 3"""
45526,Abraham Ancer,Mexico,2020,69.892,.897,297.5,64.44,66.97,.335,.328,.328,.569,64.77,3.80,28.35,10.86,17.50,+.168,+.118,6.3,2.43,62.96,"20' 2""","23' 8""",36.4,63.6,82.66,"31' 11""","20' 1"""
31323,Gary Woodland,United States,2020,69.930,.783,305.4,60.02,68.19,.601,.340,.052,.443,60.00,4.06,31.49,14.32,17.16,+.150,-.038,5.8,4.32,58.38,"29' 5""","25' 7""",46.3,53.7,82.49,"32' 0""","19' 3"""
24502,Adam Scott,Australia,2020,69.977,.905,308.1,55.49,68.13,.268,.269,-.056,.636,60.09,3.79,36.47,18.60,17.87,-.068,+.039,3.9,5.07,54.59,"30' 7""","24' 11""",51.1,48.9,80.11,"33' 5""","15' 8"""
39971,Sungjae Im,South Korea,2020,69.987,.784,300.5,64.48,67.08,.106,.233,.437,.551,62.12,4.15,25.25,11.49,13.76,+.146,+.040,6.9,2.55,65.27,"25' 8""","23' 1""",44.1,55.9,83.54,"31' 8""","17' 4"""
29725,Tony Finau,United States,2020,69.992,1.243,309.8,51.79,68.83,.497,.140,.341,1.103,60.89,4.19,35.78,15.81,19.98,-.098,+.047,6.7,5.51,51.96,"29' 10""","24' 10""",47.3,52.7,81.47,"31' 4""","13' 3"""
27644,Brian Harman,United States,2020,70.041,.767,293.0,63.28,65.67,-.018,.308,.115,.459,64.94,3.97,26.81,13.21,13.61,+.059,+.107,5.6,3.83,63.71,"22' 10""","23' 6""",48.7,51.3,82.51,"31' 4""","15' 11"""
46717,Viktor Hovland,Norway,2020,70.060,.789,299.3,63.24,68.47,.633,-.048,.447,.837,56.67,3.97,26.42,13.33,13.09,+.038,+.102,8.1,3.70,61.73,"21' 6""","22' 6""",50.7,49.3,83.71,"30' 0""","18' 7"""
40098,Matt Fitzpatrick,England,2020,70.070,1.067,294.7,64.58,66.05,.094,.880,.206,.187,58.79,3.67,25.65,13.56,12.09,+.068,+.048,5.7,2.78,65.85,"20' 10""","22' 9""",52.5,47.5,83.62,"32' 5""","21' 1"""
27349,Alex Noren,Sweden,2020,70.127,.651,296.0,58.11,64.78,.039,.400,-.231,.252,63.66,3.88,32.74,9.52,23.23,+.076,-.119,4.8,4.52,57.90,"30' 8""","25' 1""",32.0,68.0,83.01,"36' 2""","18' 5"""
24138,Ian Poulter,England,2020,70.140,.689,286.8,59.58,62.62,.137,.687,-.188,.002,62.23,3.71,29.41,12.90,16.51,+.080,+.103,7.4,4.55,58.63,"25' 11""","22' 11""",42.3,57.7,80.39,"32' 10""","13' 11"""
30927,Brendon Todd,United States,2020,70.151,.397,282.7,71.36,65.50,-.119,.498,-.073,-.101,66.10,3.91,22.65,11.04,11.61,+.172,+.164,4.1,1.43,71.84,"18' 9""","27' 1""",49.8,50.2,86.26,"33' 10""","16' 1"""
34098,Russell Henley,United States,2020,70.157,.853,290.1,65.65,71.69,.867,-.188,-.049,1.041,65.42,3.60,25.93,12.22,13.70,+.036,+.030,5.3,3.33,65.43,"21' 7""","22' 8""",45.9,54.1,86.51,"31' 1""","14' 3"""
28089,Jason Day,Australia,2020,70.163,.843,299.7,55.90,64.78,-.151,.216,.146,.628,62.80,3.75,34.66,16.79,17.87,+.172,+.097,6.1,3.97,55.23,"30' 8""","23' 5""",47.9,52.1,77.75,"31' 9""","14' 5"""
23320,Ryan Palmer,United States,2020,70.196,.387,299.3,60.08,65.93,.362,-.272,.280,.659,59.95,3.99,28.23,12.55,15.68,+.100,+.077,7.2,4.83,59.71,"26' 0""","23' 7""",41.3,58.7,82.46,"31' 9""","19' 4"""
29420,Billy Horschel,United States,2020,70.209,.771,299.3,62.79,66.17,-.033,.423,.286,.348,56.34,3.92,29.15,16.34,12.80,+.190,+.157,5.6,3.29,61.95,"24' 5""","22' 3""",55.9,44.1,81.22,"31' 5""","18' 0"""
30911,Tommy Fleetwood,England,2020,70.259,.556,309.6,61.33,67.22,-.378,.437,.389,.119,56.36,3.88,29.97,14.99,14.99,+.103,+.034,4.1,4.91,60.98,"31' 2""","23' 2""",49.6,50.4,83.27,"36' 8""","18' 10"""
33204,Shane Lowry,Ireland,2020,70.265,.322,299.4,60.95,69.44,.354,-.356,.203,.678,62.40,3.66,30.48,21.12,9.36,-.064,+.151,5.2,2.59,61.75,"27' 9""","22' 9""",69.2,30.8,82.52,"29' 3""","14' 8"""
37189,Harold Varner III,United States,2020,70.297,.930,301.9,61.69,70.57,.442,-.215,.458,1.145,58.93,4.01,27.49,13.37,14.12,+.205,+.066,6.4,3.40,62.67,"26' 2""","24' 11""",50.0,50.0,82.64,"29' 4""","17' 0"""
29518,Brendan Steele,United States,2020,70.302,.708,303.6,59.93,68.14,.539,.126,.081,.582,58.31,3.86,30.76,13.51,17.25,+.104,+.048,7.5,2.45,59.33,"28' 9""","23' 7""",46.1,53.9,81.25,"30' 3""","17' 10"""
34021,Bud Cauley,United States,2020,70.308,.638,290.5,59.02,65.57,.322,.052,-.116,.586,64.29,3.34,30.02,13.65,16.38,+.083,+.036,8.2,3.47,58.31,"26' 10""","24' 0""",43.4,56.6,81.15,"33' 2""","14' 8"""
25804,Bubba Watson,United States,2020,70.308,.711,311.0,57.93,67.68,.208,.064,.649,.648,58.07,3.67,31.48,15.55,15.93,E,+.098,6.4,4.42,57.65,"29' 6""","23' 11""",48.9,51.1,81.41,"32' 8""","16' 11"""
23108,Matt Kuchar,United States,2020,70.312,.677,282.9,65.82,64.98,.014,.687,-.039,-.010,60.91,3.79,25.33,15.43,9.90,+.029,+.028,6.0,2.62,66.08,"23' 0""","25' 11""",61.7,38.3,83.61,"33' 4""","18' 7"""
29478,Kevin Kisner,United States,2020,70.360,.757,289.2,65.23,65.37,.234,.559,.058,.199,63.96,3.79,27.41,16.50,10.91,+.047,+.031,5.3,1.90,65.36,"20' 5""","25' 10""",59.5,40.5,84.43,"32' 10""","17' 5"""
45486,Joaquin Niemann,Chile,2020,70.364,.502,301.7,56.48,69.30,.562,-.242,.370,.744,57.86,3.92,33.00,16.23,16.78,+.013,+.014,5.3,3.95,57.79,"24' 1""","23' 7""",49.3,50.7,82.14,"29' 3""","23' 5"""
25364,Paul Casey,England,2020,70.373,.431,307.2,63.60,70.63,.631,-.383,.546,.814,60.14,3.64,27.79,15.51,12.28,+.026,+.094,4.4,3.07,64.78,"27' 6""","25' 9""",55.0,45.0,86.33,"32' 9""","15' 1"""
24024,Zach Johnson,United States,2020,70.388,.466,285.9,62.76,68.03,.287,.369,-.092,.097,62.11,3.77,28.78,17.11,11.67,+.080,+.093,5.7,2.12,63.40,"22' 10""","22' 11""",56.3,43.7,83.49,"33' 4""","15' 5"""
35449,Adam Long,United States,2020,70.410,.533,292.0,62.47,67.74,.358,.226,.004,.307,60.67,3.78,29.16,13.32,15.84,+.057,+.129,6.2,4.24,60.44,"24' 11""","24' 10""",48.0,52.0,83.10,"33' 1""","17' 6"""
36801,Mark Hubbard,United States,2020,70.414,.508,290.1,62.84,66.67,.204,.413,-.044,.095,60.85,3.74,28.29,11.69,16.60,+.154,+.076,6.4,1.87,63.46,"23' 4""","22' 10""",42.6,57.4,82.79,"33' 4""","16' 7"""
34076,Joel Dahmen,United States,2020,70.415,.588,295.4,64.58,63.85,.336,-.063,.356,.652,60.51,3.68,27.90,12.98,14.92,+.137,+.175,4.6,2.73,64.81,"22' 6""","22' 10""",47.3,52.7,82.02,"31' 7""","17' 8"""
49771,J.T. Poston,United States,2020,70.429,.431,290.2,63.74,64.74,-.366,.572,.130,-.141,60.40,3.88,28.15,11.69,16.46,+.117,+.214,5.1,3.06,63.68,"26' 6""","24' 3""",41.0,59.0,82.78,"35' 4""","16' 6"""
39997,Corey Conners,Canada,2020,70.430,.405,298.7,67.08,71.55,.582,-.603,.600,1.007,56.20,3.73,24.28,9.44,14.84,+.147,+.146,6.0,2.07,67.66,"23' 2""","24' 1""",39.9,60.1,85.81,"33' 8""","17' 6"""
25396,Kevin Na,United States,2020,70.430,.691,286.9,62.74,63.22,.267,.693,-.410,-.002,65.96,3.80,28.40,13.83,14.56,+.158,+.044,5.1,3.28,63.23,"25' 4""","24' 6""",49.8,50.2,79.86,"32' 2""","17' 8"""
35310,Lanto Griffin,United States,2020,70.451,.640,302.5,57.16,65.52,.152,.336,.076,.304,63.40,3.87,31.90,14.82,17.07,+.011,+.012,6.9,3.68,57.50,"27' 4""","25' 10""",45.2,54.8,80.56,"33' 2""","18' 7"""
47993,Denny McCarthy,United States,2020,70.454,.469,293.8,61.60,67.46,-.243,.988,-.139,-.518,56.98,4.22,27.96,12.82,15.14,+.124,+.172,5.4,3.87,62.76,"28' 5""","23' 4""",46.7,53.3,80.98,"33' 8""","17' 10"""
53165,Doc Redman,United States,2020,70.477,.594,297.4,68.27,70.80,.584,-.004,.346,.598,57.54,3.94,23.57,11.73,11.84,+.147,+.017,5.5,2.76,68.16,"23' 2""","23' 7""",50.2,49.8,86.40,"30' 7""","17' 10"""
48822,Sebastián Muñoz,Colombia,2020,70.485,.691,302.3,60.42,66.34,.308,.055,.218,.636,62.48,4.05,30.36,15.92,14.44,+.089,+.017,5.3,3.40,60.90,"25' 3""","24' 10""",52.6,47.4,82.63,"32' 2""","15' 4"""
26329,Louis Oosthuizen,South Africa,2020,70.493,-.060,300.1,60.63,65.28,-.126,.258,.075,-.318,58.00,3.58,29.98,15.44,14.54,+.025,+.256,6.6,3.23,60.14,"25' 8""","21' 5""",50.7,49.3,80.99,"30' 2""","15' 9"""
32102,Rickie Fowler,United States,2020,70.499,.710,294.9,64.84,66.54,.099,.217,.172,.493,60.38,3.93,27.45,11.71,15.73,+.211,+.104,5.1,2.45,65.03,"30' 8""","26' 2""",45.0,55.0,80.97,"33' 3""","18' 3"""
56762,Will Gordon,United States,2020,70.524,.276,308.8,57.37,71.70,-.106,-.145,.564,.421,57.67,4.09,30.82,17.05,13.77,+.071,+.135,7.2,2.62,59.34,"28' 5""","28' 11""",56.3,43.7,83.26,"29' 9""","16' 3"""
33667,Carlos Ortiz,Mexico,2020,70.528,.458,300.3,55.36,66.74,.122,.095,-.087,.363,62.65,3.71,34.73,16.98,17.75,+.037,-.032,5.8,4.63,54.80,"28' 6""","24' 1""",48.0,52.0,81.55,"33' 6""","17' 2"""
33419,Cameron Tringale,United States,2020,70.534,.788,301.9,54.03,69.66,.632,.086,-.125,.702,64.24,3.89,35.16,19.84,15.32,-.054,-.131,6.4,3.97,54.45,"30' 10""","26' 10""",58.1,41.9,82.86,"33' 2""","17' 1"""
46402,Talor Gooch,United States,2020,70.535,.423,298.2,58.35,67.07,.113,.313,-.019,.110,57.32,3.83,30.97,14.57,16.40,+.193,+.039,7.0,3.64,58.39,"28' 8""","25' 8""",48.4,51.6,80.90,"31' 8""","21' 6"""
36689,Brooks Koepka,United States,2020,70.546,.420,307.0,53.75,66.81,.322,-.236,.362,.656,51.46,3.90,33.59,14.99,18.60,+.041,+.127,8.0,5.50,52.94,"29' 1""","24' 4""",45.7,54.3,79.82,"31' 5""","17' 8"""
29535,Brice Garnett,United States,2020,70.563,.324,290.6,64.36,69.92,-.114,.218,.193,.106,62.10,3.64,28.50,13.69,14.81,+.075,-.151,4.0,4.46,63.06,"23' 4""","23' 3""",46.3,53.7,85.70,"33' 8""","20' 5"""
33948,Byeong Hun An,South Korea,2020,70.568,.055,305.7,54.30,65.78,.256,-.525,-.050,.580,60.61,3.83,33.90,15.80,18.10,+.188,+.054,7.7,4.01,54.43,"33' 11""","23' 2""",46.4,53.6,80.11,"33' 4""","16' 0"""
47128,Richy Werenski,United States,2020,70.573,.484,298.1,57.98,66.67,.038,.485,-.130,-.001,59.52,3.89,33.53,16.40,17.13,+.128,+.089,6.1,3.95,56.37,"26' 10""","23' 1""",50.0,50.0,80.33,"32' 1""","16' 2"""
21209,Sergio Garcia,Spain,2020,70.574,.583,305.8,60.62,68.31,.181,-.754,.848,1.336,59.36,3.84,31.69,17.98,13.71,+.098,-.113,4.9,4.04,59.33,"25' 4""","24' 1""",54.5,45.5,85.78,"31' 0""","22' 0"""
36871,Matthew NeSmith,United States,2020,70.575,.279,295.0,64.14,70.18,.473,.120,-.156,.159,60.00,3.72,26.03,12.68,13.35,+.050,-.011,7.5,3.34,63.15,"27' 10""","24' 9""",51.1,48.9,85.38,"32' 8""","20' 4"""
35506,Mackenzie Hughes,Canada,2020,70.589,.392,298.7,55.77,63.41,-.390,.681,-.352,-.289,60.52,3.71,31.71,15.33,16.38,+.113,+.030,7.1,5.11,56.10,"31' 4""","24' 2""",49.3,50.7,76.61,"33' 6""","16' 11"""
22405,Justin Rose,England,2020,70.589,.318,299.6,60.34,63.16,.233,-.025,.218,.343,57.54,4.00,28.73,14.47,14.25,+.015,+.152,7.2,4.39,59.65,"28' 9""","24' 1""",47.5,52.5,80.64,"29' 6""","11' 11"""
35532,Tom Hoge,United States,2020,70.605,.401,290.4,60.58,65.62,.389,.046,.062,.355,60.48,3.77,30.62,11.51,19.11,+.080,+.038,6.4,2.82,60.15,"24' 11""","22' 9""",38.2,61.8,82.13,"30' 6""","16' 11"""
25493,Nick Taylor,Canada,2020,70.607,.073,296.6,64.24,66.95,.052,-.043,.094,.116,56.98,3.56,28.12,14.78,13.34,+.183,+.146,7.3,2.15,62.41,"25' 11""","25' 0""",52.5,47.5,81.70,"33' 3""","17' 0"""
29926,Danny Lee,New Zealand,2020,70.609,-.088,302.0,57.07,65.62,.238,-.195,.165,.107,59.72,4.06,29.63,15.67,13.97,+.121,+.092,7.8,5.87,56.66,"26' 3""","23' 7""",53.5,46.5,81.70,"33' 2""","17' 8"""
33399,Adam Hadwin,Canada,2020,70.610,.573,294.0,64.53,68.29,.262,.185,-.004,.389,58.49,3.65,26.99,12.23,14.76,+.144,+.152,6.3,2.26,64.49,"26' 3""","22' 9""",48.2,51.8,81.99,"30' 7""","15' 2"""
10809,Jim Furyk,United States,2020,70.616,.356,280.2,74.50,74.22,.568,-.052,-.099,.408,51.93,3.46,18.89,7.75,11.13,+.107,+.154,5.8,1.39,73.96,"17' 9""","24' 7""",38.6,61.4,89.72,"31' 3""","15' 7"""
30944,Jason Kokrak,United States,2020,70.617,.293,312.4,57.64,68.64,.168,-.282,.633,.574,59.14,3.66,32.30,16.50,15.80,+.116,+.137,6.8,3.39,57.55,"30' 3""","24' 2""",51.2,48.8,82.75,"30' 1""","15' 4"""
29970,Dylan Frittelli,South Africa,2020,70.630,.245,291.3,60.80,65.79,.043,-.111,.046,.356,61.78,3.76,29.23,14.20,15.04,+.021,+.067,6.8,2.84,61.09,"26' 5""","25' 1""",46.9,53.1,82.67,"33' 9""","18' 7"""
45157,Cam Davis,Australia,2020,70.639,.560,308.0,58.82,69.25,.213,.005,.211,.556,61.06,4.14,29.98,11.77,18.21,+.112,E,5.7,4.55,59.81,"33' 5""","25' 3""",40.8,59.2,81.75,"32' 8""","16' 4"""
35891,Cameron Smith,Australia,2020,70.643,.146,299.8,54.46,64.06,.020,.280,-.245,-.134,59.18,3.86,33.95,17.76,16.18,+.024,+.111,7.8,3.55,54.74,"30' 7""","23' 6""",53.2,46.8,78.91,"31' 0""","17' 6"""
26596,Ryan Moore,United States,2020,70.707,.559,289.9,68.63,68.56,.370,.033,.291,.526,59.04,3.89,23.95,13.03,10.92,+.212,+.097,7.6,2.52,65.97,"17' 10""","21' 9""",53.0,47.0,86.44,"30' 7""","17' 3"""
21961,Charles Howell III,United States,2020,70.716,.177,301.1,54.57,68.76,-.300,.217,-.132,-.040,57.47,3.67,37.54,15.80,21.74,+.133,+.055,7.0,3.48,52.03,"28' 11""","26' 3""",42.9,57.1,78.79,"35' 7""","18' 3"""
56278,Matthew Wolff,United States,2020,70.726,.491,311.6,58.98,66.82,.099,.123,.607,.369,57.01,3.86,29.16,16.19,12.97,-.018,+.142,5.9,4.36,60.62,"33' 1""","25' 11""",55.2,44.8,81.08,"32' 9""","15' 10"""
30692,Scott Stallings,United States,2020,70.727,.208,297.6,57.31,69.65,.309,.019,-.191,.189,59.84,3.88,29.99,14.11,15.88,+.128,+.010,6.2,4.88,58.89,"28' 3""","25' 3""",46.2,53.8,82.39,"31' 1""","15' 10"""
27649,Brandt Snedeker,United States,2020,70.731,.192,288.5,61.94,65.93,-.336,.347,-.333,-.155,63.08,3.79,29.41,14.78,14.63,+.049,-.010,5.6,3.30,61.69,"23' 8""","21' 9""",51.8,48.2,83.67,"36' 1""","16' 8"""
47347,Adam Schenk,United States,2020,70.732,.303,302.0,62.27,69.07,.001,.118,.279,.185,65.29,3.82,27.97,14.12,13.86,+.075,-.009,5.1,4.05,62.88,"24' 11""","24' 11""",47.2,52.8,83.71,"30' 10""","15' 10"""
27214,Kevin Streelman,United States,2020,70.738,.414,293.9,65.88,67.66,.250,-.084,.246,.498,55.76,3.82,25.16,14.09,11.07,+.102,-.018,6.5,2.64,65.66,"23' 10""","22' 0""",54.8,45.2,85.64,"33' 2""","14' 10"""
33122,Russell Knox,Scotland,2020,70.760,.030,296.3,62.20,70.11,.449,-.350,-.145,.380,63.42,3.63,25.84,10.87,14.98,+.118,+.054,8.2,3.96,61.97,"26' 1""","24' 4""",39.6,60.4,83.20,"30' 6""","14' 10"""
47504,Sam Burns,United States,2020,70.778,.329,312.0,54.80,66.95,-.179,.409,.493,-.080,57.10,3.90,33.38,13.30,20.08,+.019,+.118,7.8,3.65,55.15,"27' 2""","24' 10""",37.2,62.8,81.65,"34' 11""","13' 0"""
23621,Rory Sabbatini,Slovakia,2020,70.779,.071,283.9,60.76,65.24,-.278,-.015,.005,.086,60.29,3.67,27.60,11.42,16.18,+.134,+.038,6.1,4.34,61.99,"26' 10""","24' 1""",40.0,60.0,81.52,"33' 10""","15' 9"""
46442,Maverick McNealy,United States,2020,70.790,.244,296.6,58.23,65.86,-.391,.663,.025,-.419,62.53,4.05,32.55,13.42,19.13,+.065,+.009,8.3,3.11,56.02,"28' 7""","23' 9""",39.2,60.8,82.97,"33' 9""","19' 10"""
30163,Henrik Norlander,Sweden,2020,70.798,.281,292.1,69.57,70.65,.364,-.004,.125,.285,56.78,3.84,23.85,12.37,11.48,+.011,+.021,5.1,2.04,69.01,"22' 0""","23' 10""",53.8,46.2,86.67,"32' 6""","18' 9"""
29268,Bronson Burgoon,United States,2020,70.809,.268,294.6,59.57,66.88,.055,.363,-.067,-.095,59.49,4.15,29.62,10.03,19.59,+.130,+.079,7.8,4.14,58.44,"25' 0""","23' 6""",38.8,61.2,82.35,"31' 10""","19' 8"""
26300,Matt Jones,Australia,2020,70.817,-.129,297.3,59.17,66.23,-.438,.061,.159,-.190,58.01,3.76,27.95,12.79,15.15,+.015,+.114,7.6,4.15,60.27,"27' 7""","24' 2""",44.9,55.1,82.03,"33' 6""","20' 5"""
23325,Vaughn Taylor,United States,2020,70.827,-.058,281.6,67.84,63.75,-.155,.294,-.043,-.352,58.54,3.89,23.78,12.21,11.56,+.113,+.147,7.0,3.26,65.96,"19' 4""","22' 3""",50.0,50.0,85.04,"31' 0""","16' 2"""
45609,Tyler Duncan,United States,2020,70.840,.042,286.3,69.87,67.54,.300,-.132,.075,.174,58.56,3.70,22.79,9.56,13.22,+.154,+.191,5.5,2.44,69.28,"22' 2""","23' 4""",43.3,56.7,84.29,"31' 5""","16' 8"""
33597,Harry Higgs,United States,2020,70.852,-.122,301.0,62.19,66.06,-.361,.080,.307,-.202,60.55,3.66,25.94,10.63,15.31,+.054,E,8.0,3.85,62.19,"25' 11""","23' 0""",40.2,59.8,82.95,"34' 3""","17' 7"""
24361,Pat Perez,United States,2020,70.853,.272,290.3,62.75,70.51,.252,.253,-.163,.019,59.25,3.62,28.83,14.23,14.59,+.025,-.089,5.2,3.06,62.88,"28' 5""","25' 6""",48.5,51.5,85.36,"31' 9""","21' 1"""
34046,Jordan Spieth,United States,2020,70.856,.137,301.6,52.14,62.37,.082,.004,-.279,.134,57.86,3.87,35.68,18.07,17.61,+.104,+.008,5.7,5.67,52.99,"33' 6""","24' 6""",49.8,50.2,76.94,"30' 11""","13' 5"""
33141,Keegan Bradley,United States,2020,70.861,-.045,301.0,59.70,66.42,.351,-.683,.175,.638,55.72,3.47,28.95,13.91,15.04,+.218,+.100,7.5,2.91,60.68,"28' 0""","22' 6""",49.2,50.8,81.65,"32' 2""","17' 0"""
52372,Cameron Champ,United States,2020,70.868,.390,322.0,56.36,67.70,-.143,-.173,.999,.563,57.99,4.04,37.15,18.16,18.99,+.143,+.091,4.1,2.71,56.01,"28' 1""","24' 1""",48.3,51.7,80.47,"33' 0""","17' 1"""
36699,Patrick Rodgers,United States,2020,70.869,.386,308.5,52.95,66.97,-.465,.657,.211,-.271,58.23,3.77,35.75,18.07,17.68,+.049,+.032,6.6,3.96,53.72,"32' 6""","24' 10""",48.6,51.4,79.42,"36' 2""","21' 1"""
27064,Jhonattan Vegas,Venezuela,2020,70.883,.079,309.0,62.00,70.22,-.148,-.347,.721,.426,54.48,4.06,28.71,16.41,12.30,+.032,+.095,5.1,5.27,60.94,"29' 10""","24' 7""",58.2,41.8,85.57,"32' 10""","17' 1"""
31560,Brian Stuard,United States,2020,70.885,.252,281.5,71.84,65.09,.083,.114,-.245,.138,62.28,3.68,22.35,11.17,11.17,+.140,+.100,5.8,1.56,70.28,"20' 7""","23' 7""",47.1,52.9,85.53,"32' 8""","15' 11"""
49964,Aaron Wise,United States,2020,70.899,-.369,301.5,59.94,72.10,.104,-.479,.016,.110,56.19,3.93,29.36,12.13,17.23,+.123,+.158,7.4,4.04,59.15,"30' 1""","24' 5""",40.9,59.1,82.83,"33' 1""","17' 3"""
27095,Nick Watney,United States,2020,70.902,.276,302.3,55.45,70.20,.416,.132,-.433,.145,55.51,4.00,34.88,16.13,18.75,+.065,+.063,4.6,5.24,55.24,"32' 4""","26' 1""",44.4,55.6,81.46,"32' 10""","15' 7"""
25349,Tim Wilkinson,New Zealand,2020,70.936,-.065,284.7,68.27,67.39,-.101,-.085,-.112,.021,63.33,3.61,22.82,10.51,12.30,+.055,+.234,4.7,3.58,68.90,"25' 10""","24' 8""",48.1,51.9,84.60,"31' 10""","13' 5"""
39977,Max Homa,United States,2020,70.942,.279,300.6,58.94,64.60,.115,.140,.272,.140,59.87,3.66,31.20,17.79,13.41,+.112,+.176,6.4,4.01,58.40,"30' 6""","24' 1""",55.5,44.5,79.88,"33' 1""","20' 7"""
28252,Seamus Power,Ireland,2020,70.962,.307,304.5,58.61,69.44,-.358,.108,.124,.200,56.82,4.38,30.90,16.67,14.24,+.024,-.063,5.9,4.17,59.03,"28' 6""","26' 1""",50.4,49.6,84.12,"31' 5""","16' 2"""
31646,Emiliano Grillo,Argentina,2020,70.963,-.182,295.7,66.11,71.54,.580,-.905,.250,.723,53.15,3.77,27.12,13.56,13.56,+.033,+.143,5.2,3.43,64.23,"22' 0""","23' 8""",50.0,50.0,86.64,"29' 8""","18' 2"""
30110,Kyle Stanley,United States,2020,71.008,.074,285.1,71.29,72.54,.335,-.323,.048,.397,58.78,3.83,21.63,7.49,14.14,+.224,-.044,6.0,2.50,69.88,"19' 11""","22' 9""",37.0,63.0,88.68,"30' 10""","14' 2"""
01810,Phil Mickelson,United States,2020,71.009,.147,301.5,54.00,63.51,-.129,-.083,-.020,.230,60.60,3.76,35.89,22.46,13.44,-.071,+.154,5.4,6.53,52.21,"37' 7""","24' 9""",63.7,36.3,78.40,"31' 6""","21' 4"""
26476,Chez Reavie,United States,2020,71.043,.278,284.4,69.73,67.24,.440,-.291,-.107,.569,61.01,3.40,22.53,11.64,10.89,+.161,E,5.4,2.25,69.84,"21' 9""","25' 1""",52.4,47.6,86.72,"31' 1""","16' 3"""
27129,Luke List,United States,2020,71.048,.301,307.8,57.45,69.48,.300,-.504,.387,.805,57.52,3.65,30.67,14.53,16.13,-.015,+.127,6.5,4.56,58.25,"31' 4""","25' 3""",48.8,51.2,82.92,"31' 11""","15' 8"""
32254,Xinjun Zhang,China,2020,71.058,.260,293.8,59.52,66.02,.005,.087,.104,.173,56.26,4.10,31.71,13.37,18.35,+.119,+.073,5.8,3.40,59.05,"24' 7""","23' 9""",40.8,59.2,81.89,"35' 2""","17' 7"""
12716,Charley Hoffman,United States,2020,71.060,.300,296.5,56.85,68.36,.280,.085,-.032,.215,55.36,4.22,29.22,11.60,17.62,-.051,+.195,10.4,4.52,55.87,"28' 5""","25' 5""",38.8,61.2,82.55,"30' 9""","15' 11"""
32150,Michael Thompson,United States,2020,71.061,-.173,288.4,65.40,64.96,-.127,.181,-.187,-.354,60.87,3.44,24.49,13.59,10.90,+.129,+.038,6.3,3.46,65.77,"24' 10""","24' 4""",52.7,47.3,83.85,"33' 0""","19' 0"""
22056,Cameron Percy,Australia,2020,71.073,.113,295.0,59.21,69.63,.482,-.028,-.078,.140,60.98,3.56,31.96,20.00,11.96,-.055,+.098,6.7,3.48,57.83,"25' 3""","23' 1""",57.9,42.1,84.76,"32' 8""","15' 10"""
37275,Sam Ryder,United States,2020,71.091,-.013,297.7,61.22,66.35,.154,-.035,-.033,.022,60.85,3.93,28.04,12.27,15.76,-.025,+.063,5.9,3.88,62.14,"26' 0""","24' 2""",45.9,54.1,81.63,"32' 9""","14' 4"""
19803,Ryan Armour,United States,2020,71.092,-.193,284.1,73.86,67.91,.044,-.418,.020,.225,56.42,3.91,20.35,10.17,10.17,+.172,+.156,3.7,2.23,73.77,"18' 2""","25' 3""",49.1,50.9,86.07,"30' 7""","18' 11"""
33120,Mark Anderson,United States,2020,71.095,-.075,293.1,59.51,66.78,.192,.027,-.123,-.102,65.12,3.04,31.38,15.01,16.37,+.060,+.195,5.5,3.31,59.84,"32' 3""","24' 10""",46.5,53.5,80.67,"32' 1""","18' 1"""
49960,Sepp Straka,Austria,2020,71.102,.368,302.7,60.20,66.98,.119,.252,.285,.116,59.38,3.70,28.42,11.83,16.59,+.126,+.078,5.9,5.22,60.44,"28' 4""","22' 10""",43.3,56.7,82.04,"31' 3""","17' 2"""
29974,Branden Grace,South Africa,2020,71.108,.053,297.3,55.67,68.43,.501,-.352,-.181,.405,59.66,3.61,37.77,13.76,24.02,E,+.206,6.1,3.71,52.40,"24' 10""","24' 10""",38.0,62.0,82.20,"29' 5""","15' 8"""
25900,Lucas Glover,United States,2020,71.120,.085,301.6,64.63,68.74,.400,-.356,.327,.440,57.03,3.93,24.64,10.89,13.75,+.083,+.066,6.6,3.58,65.19,"21' 2""","24' 0""",40.8,59.2,84.78,"32' 1""","16' 10"""
25686,Jason Dufner,United States,2020,71.159,.004,286.2,66.44,67.83,.472,-.681,.047,.686,61.56,3.26,27.60,13.61,13.99,+.174,+.132,4.9,1.93,65.60,"21' 10""","23' 7""",48.9,51.1,84.43,"30' 5""","18' 3"""
32640,Troy Merritt,United States,2020,71.165,-.166,291.8,64.52,66.50,-.323,.470,-.074,-.636,60.00,3.76,24.90,9.39,15.51,+.168,-.125,7.3,4.17,63.62,"27' 4""","27' 4""",39.8,60.2,84.16,"33' 0""","17' 4"""
33404,Chris Baker,United States,2020,71.170,-.120,289.5,69.49,70.07,.238,-.463,.211,.344,59.47,3.45,22.94,9.31,13.64,+.206,+.163,4.8,1.73,70.56,"22' 5""","23' 10""",37.8,62.2,86.42,"33' 5""","16' 9"""
39953,Chase Seiffert,United States,2020,71.175,.196,291.3,62.52,68.11,.043,.300,.087,-.103,57.74,3.65,29.14,12.97,16.17,+.148,-.015,5.8,2.59,62.48,"26' 5""","23' 11""",48.9,51.1,84.24,"33' 3""","18' 1"""
26851,Marc Leishman,Australia,2020,71.186,-.239,295.8,51.88,61.48,.366,-.260,-.202,.021,55.32,3.39,34.96,15.46,19.50,+.221,+.126,8.1,3.20,53.76,"30' 2""","26' 3""",44.2,55.8,77.18,"31' 6""","16' 5"""
20229,Stewart Cink,United States,2020,71.189,.101,295.7,56.38,67.97,.219,.121,-.118,-.019,55.78,3.59,30.06,12.86,17.20,+.028,-.025,8.2,4.98,56.75,"29' 1""","22' 7""",42.4,57.6,81.35,"32' 3""","14' 11"""
33490,Bo Hoag,United States,2020,71.193,-.332,294.7,63.18,69.98,-.295,.122,-.143,-.454,56.35,3.55,26.94,13.76,13.18,+.022,+.149,6.4,3.66,62.96,"25' 0""","24' 1""",49.0,51.0,84.63,"35' 7""","18' 1"""
48887,Matt Wallace,England,2020,71.206,.031,301.7,53.08,63.64,-.554,.027,.158,.004,58.33,3.66,37.97,18.08,19.89,+.200,-.060,6.1,3.07,52.80,"29' 4""","24' 10""",46.7,53.3,79.38,"33' 2""","17' 0"""
34563,Chesson Hadley,United States,2020,71.228,.276,296.0,66.71,70.21,.437,-.065,.099,.341,53.70,4.31,25.86,13.32,12.54,+.125,+.129,3.1,3.92,67.08,"28' 6""","23' 4""",53.1,46.9,86.19,"30' 0""","17' 6"""
33410,Andrew Landry,United States,2020,71.228,-.536,289.7,65.72,64.11,-.169,-.341,.189,-.194,59.21,3.63,26.86,10.54,16.32,+.126,+.134,5.3,2.44,65.42,"23' 7""","21' 11""",39.2,60.8,84.56,"32' 7""","17' 0"""
29484,Peter Uihlein,United States,2020,71.235,-.154,301.8,47.42,67.96,-.083,.362,-.724,-.517,56.45,4.00,38.72,21.68,17.04,+.169,-.020,6.9,7.08,47.35,"38' 8""","24' 0""",55.6,44.4,77.54,"33' 4""","15' 3"""
51766,Wyndham Clark,United States,2020,71.243,-.302,305.1,52.18,62.57,-.570,.557,-.398,-.859,57.66,3.80,37.76,17.76,20.00,+.072,+.063,6.7,6.56,48.96,"36' 6""","26' 6""",48.5,51.5,77.97,"37' 3""","22' 3"""
28679,Fabián Gómez,Argentina,2020,71.252,-.248,289.2,65.80,66.67,-.137,.011,-.251,-.259,60.91,3.55,25.19,8.70,16.48,+.090,+.064,6.1,3.15,65.56,"24' 9""","23' 6""",38.9,61.1,84.66,"32' 11""","16' 2"""
37455,Si Woo Kim,South Korea,2020,71.254,.267,298.1,57.03,65.54,.115,-.079,-.075,.346,58.82,3.89,29.17,14.05,15.13,+.040,+.017,8.0,5.16,57.62,"25' 9""","23' 5""",46.5,53.5,79.83,"32' 4""","18' 11"""
33413,Ben Martin,United States,2020,71.259,-.259,283.6,64.41,67.13,.016,.014,-.029,-.273,62.91,3.67,25.73,10.42,15.31,+.191,-.063,5.2,2.28,66.78,"24' 9""","23' 8""",40.2,59.8,82.90,"31' 2""","17' 9"""
26758,David Hearn,Canada,2020,71.266,-.281,281.8,68.44,66.88,-.229,.120,-.220,-.402,64.14,3.51,26.19,12.30,13.89,+.071,-.032,3.0,3.17,67.66,"22' 0""","24' 9""",43.4,56.6,86.40,"34' 9""","17' 6"""
26499,Rafa Cabrera Bello,Spain,2020,71.285,-.524,293.7,62.55,63.84,-.166,.067,-.096,-.591,57.97,3.64,31.62,11.95,19.67,+.150,+.123,5.1,2.02,61.21,"23' 8""","26' 2""",41.6,58.4,82.09,"31' 8""","14' 2"""
32448,James Hahn,United States,2020,71.285,.327,293.7,61.43,69.44,.150,-.083,.143,.410,55.05,3.67,24.47,10.11,14.36,+.056,-.158,7.4,3.19,64.89,"27' 8""","25' 4""",44.0,56.0,85.88,"32' 5""","16' 5"""
22371,Aaron Baddeley,Australia,2020,71.291,-.081,284.9,59.51,64.89,-.122,.256,-.736,-.337,61.28,3.96,30.74,13.23,17.51,-.011,-.015,7.6,3.50,58.17,"24' 3""","23' 5""",40.6,59.4,80.82,"36' 1""","14' 4"""
39546,Keith Mitchell,United States,2020,71.298,-.258,301.9,58.32,65.02,-.431,.220,.412,-.478,53.10,3.78,28.67,17.40,11.27,+.190,+.123,6.1,5.71,59.49,"28' 0""","26' 0""",58.8,41.2,79.33,"34' 8""","17' 4"""
46550,Brandon Hagy,United States,2020,71.300,-.311,312.8,51.01,67.63,-.561,.160,-.059,-.472,57.09,3.87,39.24,21.13,18.11,-.022,-.019,4.4,7.24,49.09,"35' 10""","24' 9""",53.3,46.7,80.56,"32' 10""","19' 9"""
27942,Rob Oppenheim,United States,2020,71.300,-.368,284.2,62.95,65.21,-.123,-.499,-.282,.131,62.04,3.44,29.55,13.58,15.97,+.180,+.024,5.9,1.60,62.94,"24' 3""","25' 0""",44.3,55.7,82.42,"33' 1""","18' 5"""
25818,Scott Piercy,United States,2020,71.306,-.169,297.2,62.68,64.73,.134,-.213,.263,.043,57.28,3.41,30.46,11.35,19.11,+.135,+.177,5.6,2.30,61.64,"25' 0""","24' 10""",35.9,64.1,84.77,"31' 8""","18' 2"""
23788,D.J. Trahan,United States,2020,71.307,-.581,297.6,64.69,68.20,-.191,-.457,-.027,-.123,57.62,3.81,26.96,14.13,12.83,+.203,-.092,4.6,4.78,63.70,"29' 5""","24' 7""",53.7,46.3,85.69,"33' 5""","12' 6"""
27330,Josh Teater,United States,2020,71.335,-.793,294.0,68.24,71.54,.095,-.800,-.080,.007,53.33,3.93,25.07,12.27,12.80,+.250,-.043,4.0,3.73,67.20,"22' 8""","23' 1""",50.4,49.6,86.56,"30' 9""","14' 8"""
32791,K.H. Lee,South Korea,2020,71.339,-.182,296.4,64.98,65.20,-.274,-.102,.066,-.080,62.08,3.74,26.75,13.25,13.51,+.069,+.080,6.8,3.97,62.52,"25' 3""","24' 6""",50.2,49.8,83.43,"34' 1""","16' 9"""
27936,Martin Laird,Scotland,2020,71.344,-.082,302.1,63.74,70.51,.187,-.497,.251,.415,60.87,3.59,25.68,10.86,14.81,+.083,+.159,5.7,4.20,64.44,"24' 1""","23' 4""",46.8,53.2,83.33,"31' 9""","15' 7"""
46441,Robby Shelton,United States,2020,71.358,-.121,296.6,61.17,66.90,.127,-.152,.057,.031,53.66,3.73,29.22,15.99,13.22,+.171,+.063,6.2,3.15,61.46,"24' 6""","22' 8""",55.6,44.4,84.00,"34' 2""","16' 0"""
34255,Joseph Bramlett,United States,2020,71.367,-.298,299.3,57.35,70.02,.015,-.155,-.072,-.144,53.15,3.62,32.16,16.08,16.08,+.103,+.057,7.6,2.77,57.49,"25' 11""","24' 1""",50.2,49.8,82.73,"30' 11""","14' 10"""
28775,Nate Lashley,United States,2020,71.384,-.321,287.0,62.05,64.85,-.353,.201,-.276,-.522,57.75,3.38,29.59,16.14,13.45,+.165,+.127,5.4,3.80,61.23,"22' 10""","27' 11""",57.4,42.6,80.82,"33' 5""","18' 2"""
35461,Beau Hossler,United States,2020,71.387,-.499,306.6,53.90,65.17,-.710,.456,-.160,-.955,57.62,3.57,31.96,14.43,17.53,+.101,+.163,8.2,5.30,54.49,"33' 4""","25' 0""",44.5,55.5,80.15,"35' 6""","16' 4"""
52375,Doug Ghim,United States,2020,71.402,-.520,296.0,63.69,69.58,-.244,-.321,-.074,-.199,57.99,3.53,25.83,16.11,9.72,+.079,+.143,6.1,3.58,64.45,"28' 8""","24' 1""",61.6,38.4,84.62,"29' 10""","14' 0"""
19846,Brian Gay,United States,2020,71.407,-.578,288.5,58.68,64.81,-.293,.129,-.353,-.707,56.89,3.89,29.31,13.51,15.80,+.182,+.138,7.9,4.74,58.05,"26' 2""","22' 3""",43.9,56.1,81.50,"33' 2""","15' 7"""
32757,Patton Kizzire,United States,2020,71.444,-.606,294.8,54.03,64.85,-.368,.453,-.661,-1.060,56.61,3.78,32.41,16.05,16.36,-.028,+.115,6.0,6.48,55.09,"31' 7""","24' 9""",49.1,50.9,79.09,"33' 0""","18' 1"""
49298,Kramer Hickok,United States,2020,71.472,-.530,292.8,67.15,66.21,-.384,-.534,.195,.004,63.76,3.18,22.27,9.94,12.33,+.129,+.040,6.6,1.59,69.58,"23' 2""","24' 2""",49.7,50.3,85.11,"35' 2""","17' 4"""
51894,Vince Whaley,United States,2020,71.478,-.745,300.9,58.38,66.67,-.761,.277,-.002,-1.022,57.89,3.87,31.43,13.77,17.66,+.029,+.038,7.3,3.64,57.66,"31' 0""","22' 4""",44.2,55.8,81.54,"34' 0""","18' 9"""
27974,Sung Kang,South Korea,2020,71.489,-.532,303.4,55.63,65.30,.000,-.307,.006,-.225,54.17,3.64,33.22,15.21,18.00,+.071,+.191,7.1,4.41,55.28,"27' 0""","25' 11""",46.6,53.4,81.19,"34' 5""","18' 8"""
46435,Austin Cook,United States,2020,71.522,-.150,293.8,66.75,68.24,-.492,.115,.276,-.265,56.85,3.72,24.10,12.28,11.83,+.114,+.110,4.6,3.14,68.11,"24' 11""","24' 2""",52.4,47.6,84.62,"32' 7""","16' 10"""
35658,Kris Ventura,Norway,2020,71.567,-.115,305.7,59.67,67.17,-.314,.694,.172,-.808,55.38,4.23,32.56,14.99,17.57,+.147,-.017,4.4,3.36,59.69,"32' 1""","24' 7""",45.5,54.5,83.90,"33' 11""","21' 8"""
29479,Scott Brown,United States,2020,71.572,-.347,288.5,67.37,64.50,-.307,-.259,.215,-.088,59.66,3.41,24.57,12.21,12.36,+.174,+.165,4.3,3.30,67.82,"23' 2""","24' 0""",50.2,49.8,83.80,"34' 7""","19' 5"""
32366,Kevin Chappell,United States,2020,71.573,-.364,300.6,56.54,65.18,-.304,.198,-.099,-.562,57.98,3.85,30.54,15.38,15.16,+.060,E,7.0,4.75,57.69,"29' 1""","25' 2""",47.0,53.0,78.71,"32' 7""","18' 8"""
34466,Peter Malnati,United States,2020,71.574,-.492,287.6,54.45,62.57,-.431,.333,-.461,-.825,60.94,3.72,32.72,15.21,17.51,+.009,+.061,6.6,5.22,55.45,"28' 7""","23' 2""",46.3,53.7,78.80,"32' 6""","21' 1"""
49766,Hank Lebioda,United States,2020,71.578,-.621,294.7,60.34,67.68,-.053,-.615,-.062,-.006,55.94,3.60,31.71,14.63,17.07,+.204,+.095,6.4,2.96,58.89,"26' 2""","23' 11""",43.7,56.3,82.31,"33' 8""","15' 1"""
27554,Scott Harrington,United States,2020,71.583,-.344,307.1,58.36,64.46,-.579,.088,.234,-.432,55.63,3.59,27.90,12.55,15.35,+.235,+.021,7.2,4.27,60.61,"27' 6""","24' 8""",46.2,53.8,80.44,"35' 2""","17' 6"""
33486,Roger Sloan,Canada,2020,71.586,-.600,291.5,58.26,65.58,-.384,-.060,-.198,-.540,61.08,3.41,31.50,16.13,15.37,+.037,+.047,6.1,3.80,58.63,"30' 10""","23' 2""",51.4,48.6,82.07,"33' 6""","13' 5"""
31420,Anirban Lahiri,India,2020,71.601,-.674,294.4,60.74,68.10,-.560,-.222,.050,-.453,57.71,4.20,30.53,14.95,15.58,E,+.188,5.9,3.74,59.81,"25' 8""","24' 5""",44.9,55.1,82.41,"34' 5""","19' 8"""
35732,Wes Roach,United States,2020,71.602,-1.056,290.5,62.61,67.92,-.449,-.505,-.175,-.551,58.01,3.73,26.06,14.66,11.40,+.086,+.044,6.8,3.26,63.84,"25' 8""","22' 10""",50.5,49.5,83.18,"35' 0""","17' 0"""
40042,Tyler McCumber,United States,2020,71.636,-.725,310.2,54.25,66.25,.014,-.751,.215,.026,55.59,3.79,36.78,16.09,20.69,+.083,+.143,4.8,3.83,54.60,"30' 7""","25' 0""",44.5,55.5,81.51,"32' 5""","19' 0"""
29908,C.T. Pan,Chinese Taipei,2020,71.637,-.852,287.0,60.26,67.26,.277,-.767,-.258,-.085,54.24,3.21,28.69,16.28,12.42,+.284,+.206,6.5,2.68,62.08,"25' 9""","23' 4""",59.4,40.6,81.79,"32' 1""","20' 6"""
40058,Zac Blair,United States,2020,71.705,-.809,280.9,62.62,63.47,-.443,.103,-.405,-.912,60.60,3.64,29.50,11.65,17.84,+.185,+.123,6.2,2.16,62.16,"24' 5""","23' 7""",40.5,59.5,82.99,"34' 1""","17' 3"""
32662,Michael Gligic,Canada,2020,71.720,-.208,298.4,59.46,67.13,-.089,-.175,.136,-.033,59.51,3.58,28.36,11.94,16.42,+.078,E,5.3,3.62,62.69,"28' 11""","23' 7""",39.1,60.9,84.35,"34' 3""","18' 9"""
27963,Chris Stroud,United States,2020,71.733,-.577,287.0,59.41,64.61,-.194,.058,-.390,-.635,58.70,3.83,28.63,10.14,18.49,+.075,+.176,6.8,4.57,60.04,"27' 0""","24' 1""",39.8,60.2,81.49,"32' 1""","17' 6"""
28420,Ryan Brehm,United States,2020,71.798,-.821,315.3,48.78,68.78,-.327,-.547,.346,-.273,55.87,3.74,37.10,21.04,16.06,-.085,+.054,8.4,5.88,48.64,"33' 7""","24' 8""",57.8,42.2,79.11,"31' 4""","18' 6"""
32139,Danny Willett,England,2020,71.805,-.289,301.2,55.36,62.50,-.336,.239,-.004,-.528,54.07,3.63,35.08,17.77,17.31,+.197,+.051,5.7,3.42,55.81,"31' 7""","24' 4""",50.5,49.5,77.50,"34' 4""","16' 1"""
34213,Grayson Murray,United States,2020,71.810,-.691,313.8,54.17,63.89,-.167,-.770,.164,.080,55.56,3.97,35.60,14.05,21.55,+.011,+.200,6.8,3.75,53.86,"30' 2""","24' 5""",42.9,57.1,78.17,"31' 1""","21' 5"""
48119,Ben Taylor,England,2020,71.823,-.584,295.2,57.92,68.92,-.054,-.002,-.337,-.583,58.30,3.36,32.48,18.41,14.07,+.127,+.222,8.2,3.07,56.27,"30' 7""","24' 6""",58.9,41.1,81.60,"31' 11""","16' 5"""
34431,Robert Streb,United States,2020,71.836,-1.155,293.7,58.08,67.33,-.221,-.573,-.117,-.582,52.72,3.50,31.36,22.50,8.86,+.179,+.131,6.1,2.50,60.00,"29' 3""","25' 1""",72.7,27.3,81.55,"32' 3""","16' 11"""
25572,Graeme McDowell,Northern Ireland,2020,71.866,-.788,283.9,62.02,63.31,.122,-.222,-.586,-.566,54.26,3.42,31.02,15.41,15.61,+.111,+.225,3.9,2.70,62.43,"21' 7""","26' 2""",50.3,49.7,80.42,"34' 6""","16' 7"""
21407,Arjun Atwal,India,2020,71.867,-1.002,286.5,66.51,66.49,-.377,-.548,-.315,-.454,59.36,3.45,28.67,17.56,11.11,+.226,-.122,3.9,2.51,64.87,"23' 4""","24' 2""",61.9,38.1,86.14,"31' 11""","14' 6"""
34256,Andrew Putnam,United States,2020,71.871,-1.021,277.9,57.03,63.77,-.495,.841,-1.121,-1.862,60.33,3.20,35.89,14.90,20.99,+.140,+.318,4.7,3.61,55.76,"31' 11""","28' 8""",41.5,58.5,79.84,"35' 11""","18' 2"""
27556,"Ted Potter, Jr.",United States,2020,71.877,-.883,290.2,60.65,68.94,.110,-.468,-.378,-.415,57.72,3.45,30.00,18.30,11.70,+.091,-.070,7.7,4.04,58.30,"29' 0""","23' 0""",57.1,42.9,84.88,"30' 7""","15' 0"""
25632,Jimmy Walker,United States,2020,71.927,-.846,298.0,46.81,62.20,.444,-.349,-.909,-.496,51.44,3.46,39.32,16.34,22.98,+.133,+.066,8.1,6.82,45.78,"38' 4""","24' 1""",40.1,59.9,74.96,"32' 1""","17' 4"""
32333,Kevin Tway,United States,2020,71.992,-1.013,303.8,49.85,62.62,-.350,-.349,-.422,-.664,52.32,3.29,35.65,16.46,19.20,+.077,+.090,7.8,4.64,51.90,"39' 1""","25' 11""",45.0,55.0,75.15,"35' 1""","18' 3"""
33449,Zack Sucher,United States,2020,72.006,-.381,301.6,53.28,68.36,-.403,-.253,.127,-.128,54.15,3.89,34.04,18.37,15.66,+.135,+.115,9.3,3.01,53.61,"31' 9""","21' 9""",57.2,42.8,82.90,"36' 10""","17' 10"""
31557,Jim Herman,United States,2020,72.022,-.901,285.6,69.28,64.17,-.438,-.240,.210,-.660,51.94,3.20,22.53,10.03,12.50,+.297,+.192,6.3,1.92,69.23,"22' 1""","26' 0""",43.8,56.2,84.82,"35' 1""","20' 9"""
48045,Michael Gellerman,United States,2020,72.048,-.525,293.5,62.52,68.25,.088,.194,-.404,-.720,57.08,3.69,27.23,13.01,14.22,+.085,+.148,7.0,3.86,61.93,"25' 11""","24' 3""",51.9,48.1,82.62,"31' 0""","17' 6"""
24924,Bill Haas,United States,2020,72.060,-1.064,294.3,61.30,69.44,-.128,-1.068,-.133,.005,59.09,3.64,26.37,10.34,16.03,+.079,+.184,7.4,6.75,59.49,"32' 11""","23' 2""",41.2,58.8,84.39,"34' 10""","13' 6"""
39324,J.J. Spaun,United States,2020,72.066,-.660,297.4,57.83,66.00,-.266,-.123,-.057,-.537,50.99,3.81,30.54,13.02,17.51,+.103,+.057,5.8,4.64,58.98,"25' 11""","24' 10""",45.5,54.5,80.52,"31' 0""","16' 5"""
32618,Rhein Gibson,Australia,2020,72.087,-.870,297.8,51.93,65.22,-.757,.432,-.888,-1.303,58.15,3.80,33.84,14.97,18.87,E,+.043,8.7,4.34,53.15,"35' 8""","25' 6""",46.1,53.9,78.54,"34' 6""","24' 6"""
34314,Sebastian Cappelen,Denmark,2020,72.106,-1.090,303.7,51.15,64.36,-.862,.055,-.293,-1.145,61.18,3.51,37.13,14.35,22.78,+.056,+.147,7.8,3.38,51.69,"33' 3""","22' 0""",38.3,61.7,78.81,"35' 1""","14' 11"""
40009,Dominic Bozzelli,United States,2020,72.277,-.963,299.0,51.69,62.96,-.393,.500,-.839,-1.463,54.17,4.19,36.31,16.00,20.31,+.045,+.096,6.2,5.85,51.69,"36' 2""","24' 2""",43.2,56.8,75.35,"34' 9""","16' 1"""
35230,Nelson Ledesma,Argentina,2020,72.579,-1.835,298.2,50.98,62.64,-.645,-.062,-.704,-1.773,56.88,3.60,36.67,16.67,20.00,+.182,+.164,7.9,4.24,51.21,"33' 4""","23' 3""",45.6,54.4,77.46,"33' 5""","14' 4"""
28307,Matt Every,United States,2020,72.589,-1.766,292.3,58.03,65.06,-.400,-.636,-.335,-1.130,48.76,3.96,29.63,14.64,14.99,+.012,+.205,5.8,5.82,58.73,"31' 1""","24' 5""",48.7,51.3,80.60,"32' 10""","14' 2"""
23623,Bo Van Pelt,United States,2020,73.586,-2.460,291.7,59.23,65.12,-1.060,-.783,-.568,-1.676,49.26,2.98,29.53,15.12,14.42,+.242,+.138,4.0,5.81,60.70,"29' 7""","23' 10""",52.7,47.3,81.03,"33' 3""","18' 8"""
35617,Martin Trainer,France,2020,74.865,-3.454,302.1,48.07,52.05,-2.115,-.325,-.760,-3.129,51.13,2.89,37.36,22.68,14.68,+.253,+.172,4.8,9.11,48.70,"36' 6""","28' 0""",59.7,40.3,71.41,"43' 7""","20' 3"""
46970,Jon Rahm,Spain,2021,69.300,2.098,309.0,63.73,71.93,.717,.331,.834,1.767,62.98,4.51,25.39,12.30,13.09,-.017,+.082,8.4,3.69,62.53,"23' 0""","26' 7""",47.9,52.1,84.69,"31' 11""","16' 6"""
30925,Dustin Johnson,United States,2021,69.619,1.253,312.9,57.87,66.67,.315,.429,.361,.824,59.95,4.25,29.63,15.69,13.93,+.059,-.015,7.1,6.21,57.03,"29' 9""","29' 3""",55.4,44.6,80.88,"33' 6""","15' 5"""
26329,Louis Oosthuizen,South Africa,2021,69.714,1.599,297.8,63.47,67.64,.459,.764,.023,.835,63.81,3.86,25.15,13.65,11.50,-.083,+.105,9.2,3.23,62.40,"23' 0""","24' 8""",57.5,42.5,81.98,"33' 1""","16' 7"""
47959,Bryson DeChambeau,United States,2021,69.728,1.823,323.7,54.18,67.15,.291,.456,1.162,1.367,59.20,4.50,33.55,16.35,17.20,-.025,+.039,5.4,6.26,54.78,"34' 11""","31' 0""",50.9,49.1,79.80,"31' 4""","20' 7"""
35450,Patrick Cantlay,United States,2021,69.736,1.820,302.8,60.71,70.16,.486,.402,.569,1.418,67.30,4.29,28.57,13.12,15.45,-.048,+.024,6.8,4.44,60.21,"24' 8""","25' 7""",44.8,55.2,84.25,"34' 0""","16' 8"""
33448,Justin Thomas,United States,2021,69.773,1.444,303.9,55.72,67.79,.887,.026,.235,1.418,61.81,4.31,30.34,13.42,16.91,-.006,-.031,9.0,5.71,54.97,"27' 3""","25' 8""",47.5,52.5,79.61,"30' 2""","14' 10"""
48081,Xander Schauffele,United States,2021,69.859,1.484,307.6,58.83,68.64,.650,.480,.266,1.004,59.21,4.28,27.52,14.11,13.42,E,-.041,8.6,4.47,59.40,"27' 4""","26' 8""",51.3,48.7,81.20,"33' 10""","17' 7"""
40026,Daniel Berger,United States,2021,69.862,1.296,296.7,65.48,70.50,.834,.214,.264,1.082,63.00,4.23,24.90,10.14,14.76,-.027,-.019,6.4,3.15,65.55,"21' 5""","25' 3""",39.2,60.8,85.12,"32' 0""","14' 9"""
46717,Viktor Hovland,Norway,2021,69.888,1.316,302.2,63.86,68.61,.648,.054,.656,1.263,60.77,4.40,25.83,11.88,13.95,+.015,+.122,8.0,3.00,63.22,"21' 9""","25' 8""",44.6,55.4,83.54,"31' 6""","16' 2"""
29221,Webb Simpson,United States,2021,69.901,1.253,292.5,67.08,69.37,.393,.435,.071,.818,64.95,4.34,24.68,14.10,10.58,+.100,-.033,4.7,4.35,66.27,"26' 4""","27' 6""",60.9,39.1,85.62,"33' 5""","13' 9"""
36689,Brooks Koepka,United States,2021,69.938,1.357,310.7,56.63,68.01,.482,.187,.631,1.171,57.89,4.21,30.33,14.54,15.79,-.018,+.019,9.0,4.99,55.68,"28' 7""","26' 7""",49.1,50.9,82.17,"31' 11""","15' 1"""
45526,Abraham Ancer,Mexico,2021,69.939,1.243,290.4,71.05,69.27,.499,.412,.350,.831,64.58,4.20,20.46,7.00,13.46,+.046,+.013,5.8,2.66,71.04,"17' 5""","24' 8""",36.7,63.3,87.57,"33' 5""","15' 7"""
35891,Cameron Smith,Australia,2021,69.969,1.106,297.9,59.23,65.72,.291,.573,-.020,.533,62.25,4.48,26.72,11.95,14.76,+.014,+.009,7.9,6.13,59.25,"26' 8""","27' 4""",46.7,53.3,80.84,"32' 3""","16' 3"""
29725,Tony Finau,United States,2021,69.972,1.130,305.5,56.29,67.10,.461,.090,.281,1.040,59.47,4.16,30.14,14.62,15.52,-.006,+.062,8.7,4.13,57.06,"30' 8""","26' 1""",50.4,49.6,80.02,"31' 9""","16' 8"""
34360,Patrick Reed,United States,2021,70.039,1.313,291.4,63.21,62.11,.279,.669,-.003,.644,62.97,4.00,25.41,13.14,12.27,+.107,+.092,8.7,2.74,63.20,"24' 9""","26' 9""",52.1,47.9,80.83,"36' 9""","15' 9"""
28237,Rory McIlroy,Northern Ireland,2021,70.043,1.368,319.3,57.36,65.77,.403,.187,.660,1.181,57.89,4.51,30.15,14.27,15.88,-.094,+.113,5.6,6.90,57.31,"31' 4""","24' 7""",46.7,53.3,80.72,"31' 10""","17' 3"""
45486,Joaquin Niemann,Chile,2021,70.045,1.124,310.6,59.20,68.57,.326,.312,.556,.812,60.14,4.14,29.98,14.30,15.68,+.052,-.023,6.8,4.22,58.98,"26' 2""","27' 7""",53.5,46.5,81.88,"33' 3""","17' 10"""
47483,Will Zalatoris,United States,2021,70.065,1.118,307.4,56.40,69.54,.751,-.066,.319,1.184,61.22,3.82,32.70,13.80,18.90,+.096,-.008,6.4,4.67,56.26,"30' 5""","26' 2""",45.8,54.2,82.10,"32' 5""","18' 0"""
39997,Corey Conners,Canada,2021,70.067,1.142,295.4,70.15,69.93,.698,-.008,.625,1.150,58.44,3.99,21.93,11.09,10.83,+.095,+.093,6.0,3.27,68.79,"21' 3""","23' 7""",50.0,50.0,87.05,"32' 2""","17' 3"""
50525,Collin Morikawa,United States,2021,70.109,1.071,295.2,69.60,70.80,1.170,-.457,.281,1.528,57.56,4.23,21.32,10.71,10.61,+.031,+.202,5.7,3.57,69.37,"21' 8""","25' 10""",50.2,49.8,86.81,"30' 2""","15' 8"""
33419,Cameron Tringale,United States,2021,70.110,1.079,297.5,61.17,67.63,.363,.480,-.006,.598,64.37,4.11,28.16,13.77,14.39,E,+.032,6.8,3.80,61.25,"25' 3""","24' 9""",49.7,50.3,81.64,"32' 9""","13' 4"""
34099,Harris English,United States,2021,70.115,.984,299.4,64.29,65.76,.125,.544,.076,.441,64.02,4.26,23.76,11.01,12.75,+.007,+.108,7.8,4.40,64.04,"23' 4""","28' 8""",43.0,57.0,82.53,"33' 11""","23' 9"""
34098,Russell Henley,United States,2021,70.117,.952,289.8,67.07,69.44,.831,.025,.071,.926,63.85,3.73,23.01,12.24,10.76,+.147,-.083,6.5,3.43,67.07,"22' 3""","25' 4""",55.9,44.1,85.85,"31' 4""","13' 3"""
34046,Jordan Spieth,United States,2021,70.118,1.069,299.5,53.92,64.58,.365,.389,-.091,.680,61.32,4.30,32.74,14.95,17.80,+.066,+.020,8.4,6.49,52.41,"29' 4""","22' 5""",47.8,52.2,78.79,"35' 10""","14' 9"""
27644,Brian Harman,United States,2021,70.158,.816,291.7,66.88,64.33,-.082,.432,.133,.385,63.71,3.91,23.64,10.42,13.22,+.128,+.163,5.8,3.90,66.61,"24' 6""","23' 1""",44.9,55.1,83.05,"33' 6""","15' 1"""
25364,Paul Casey,England,2021,70.176,1.220,303.9,62.20,68.83,.895,-.073,.258,1.293,61.63,3.90,23.13,11.50,11.63,+.011,+.011,8.6,5.63,62.63,"28' 11""","25' 9""",53.7,46.3,84.00,"29' 11""","18' 8"""
47504,Sam Burns,United States,2021,70.184,1.248,305.3,58.90,67.79,.458,.579,.257,.669,57.29,4.43,28.23,11.63,16.60,-.090,+.009,6.7,6.46,58.65,"29' 0""","24' 11""",41.8,58.2,82.19,"32' 1""","14' 0"""
24138,Ian Poulter,England,2021,70.221,.819,285.2,66.33,60.88,-.162,.695,-.079,.123,64.30,3.63,23.46,9.31,14.15,+.157,+.155,7.6,4.19,64.74,"24' 1""","25' 6""",42.3,57.7,81.87,"36' 0""","17' 8"""
34363,Tyrrell Hatton,England,2021,70.249,1.140,299.0,63.02,63.89,.651,.138,.322,1.002,60.99,3.91,23.49,12.67,10.82,+.057,+.146,8.0,5.87,62.60,"25' 11""","26' 0""",51.5,48.5,81.19,"31' 11""","14' 7"""
39971,Sungjae Im,South Korea,2021,70.281,.976,297.1,69.12,69.08,.237,.292,.526,.684,61.41,4.08,22.69,9.24,13.45,+.014,+.069,6.1,2.42,68.77,"21' 6""","24' 5""",43.3,56.7,86.35,"33' 10""","16' 2"""
33204,Shane Lowry,Ireland,2021,70.318,.825,299.6,59.91,68.35,.543,-.162,.112,.987,57.74,3.91,28.26,14.99,13.27,+.043,+.099,8.9,4.46,58.35,"24' 10""","25' 10""",54.3,45.7,82.08,"33' 3""","18' 4"""
12716,Charley Hoffman,United States,2021,70.326,1.194,306.5,57.11,67.85,.646,.330,.341,.864,61.08,4.20,29.88,12.47,17.42,+.011,-.037,7.1,6.42,56.55,"29' 10""","24' 5""",43.2,56.8,81.86,"31' 4""","17' 2"""
46046,Scottie Scheffler,United States,2021,70.326,.932,305.0,63.49,68.08,.145,.023,.515,.909,58.79,4.39,26.87,16.74,10.13,+.144,-.015,5.8,4.81,62.49,"26' 7""","26' 3""",61.2,38.8,84.02,"34' 1""","17' 1"""
31646,Emiliano Grillo,Argentina,2021,70.338,.562,298.2,64.78,71.47,.669,-.104,.368,.666,58.82,4.10,23.36,13.24,10.11,+.031,+.024,7.3,4.28,65.07,"25' 10""","23' 11""",56.1,43.9,86.27,"30' 0""","17' 10"""
27214,Kevin Streelman,United States,2021,70.341,.673,295.6,66.32,69.21,.418,-.008,.196,.681,57.14,3.97,23.26,11.42,11.85,+.065,+.120,6.7,3.78,66.27,"22' 4""","23' 11""",47.9,52.1,83.76,"32' 7""","15' 8"""
30944,Jason Kokrak,United States,2021,70.370,1.053,307.9,60.18,69.19,.281,.628,.352,.426,55.74,4.28,27.47,13.50,13.97,+.109,+.063,7.4,3.90,61.22,"27' 7""","26' 9""",47.4,52.6,81.43,"32' 10""","20' 0"""
24024,Zach Johnson,United States,2021,70.401,.642,289.0,62.50,66.87,.085,.667,-.215,-.024,58.88,3.67,28.77,15.38,13.39,+.057,+.142,5.9,3.89,61.44,"22' 4""","24' 8""",51.4,48.6,82.28,"33' 7""","16' 8"""
21209,Sergio Garcia,Spain,2021,70.423,.736,309.4,61.18,70.05,.279,-.409,.796,1.145,62.16,3.96,27.63,12.82,14.81,+.064,-.041,6.3,4.73,61.34,"26' 6""","25' 9""",48.3,51.7,84.10,"34' 4""","13' 4"""
30926,Chris Kirk,United States,2021,70.444,.748,291.9,63.44,68.35,.314,.046,.119,.702,63.88,3.72,26.37,13.67,12.70,-.015,+.042,6.1,4.23,63.33,"24' 0""","24' 0""",51.8,48.2,84.31,"31' 5""","15' 4"""
24502,Adam Scott,Australia,2021,70.447,.739,306.0,55.26,65.35,.356,.475,-.101,.264,52.56,4.00,32.52,14.97,17.55,+.245,+.025,5.5,6.63,55.34,"32' 2""","31' 0""",46.3,53.7,76.49,"32' 2""","12' 10"""
46402,Talor Gooch,United States,2021,70.457,.680,299.1,60.16,65.80,.435,.140,-.071,.540,63.00,3.80,27.99,11.42,16.56,+.079,-.023,6.7,5.14,60.16,"28' 2""","26' 2""",41.9,58.1,81.60,"34' 3""","18' 5"""
27064,Jhonattan Vegas,Venezuela,2021,70.486,.633,312.1,56.94,68.81,.257,-.184,.647,.817,56.48,4.07,30.50,18.08,12.42,-.018,+.030,7.4,5.45,56.64,"33' 1""","27' 1""",59.5,40.5,81.70,"33' 4""","17' 7"""
33141,Keegan Bradley,United States,2021,70.489,.800,300.2,65.03,69.96,.856,-.548,.327,1.348,59.14,3.77,23.81,11.72,12.09,+.015,+.103,6.4,4.19,65.58,"27' 5""","24' 11""",49.3,50.7,84.47,"31' 8""","18' 4"""
28252,Seamus Power,Ireland,2021,70.495,1.013,295.1,62.56,68.20,.393,.168,.012,.845,65.96,4.00,24.19,8.92,15.27,-.135,E,8.1,4.46,63.29,"25' 1""","25' 10""",38.0,62.0,83.74,"32' 10""","17' 4"""
40098,Matt Fitzpatrick,England,2021,70.512,.988,293.5,68.37,64.39,.026,.367,.539,.620,57.92,3.92,22.83,11.14,11.68,E,+.024,5.7,3.53,67.93,"19' 11""","24' 6""",51.6,48.4,84.78,"37' 11""","16' 6"""
25396,Kevin Na,United States,2021,70.522,.527,288.5,66.56,64.11,-.027,.105,-.253,.422,65.12,4.00,24.47,12.28,12.19,+.152,+.045,6.6,3.05,65.84,"23' 4""","25' 5""",51.6,48.4,82.13,"33' 5""","16' 4"""
32757,Patton Kizzire,United States,2021,70.541,.610,300.9,58.03,67.76,.169,.432,-.083,.178,58.95,4.23,29.59,13.48,16.11,-.054,+.041,6.3,6.46,57.66,"30' 0""","25' 11""",48.3,51.7,82.11,"32' 4""","16' 7"""
32839,Hideki Matsuyama,Japan,2021,70.563,.641,299.9,62.25,67.03,.614,-.433,.240,1.074,61.05,4.06,26.44,13.13,13.30,-.045,+.072,6.8,4.38,62.40,"26' 10""","26' 1""",51.4,48.6,83.28,"32' 5""","15' 5"""
52375,Doug Ghim,United States,2021,70.570,.640,292.9,68.55,69.64,.516,-.269,.252,.909,62.77,4.13,22.13,11.76,10.37,+.029,+.093,4.4,3.19,70.29,"23' 4""","24' 7""",53.1,46.9,85.77,"30' 7""","14' 2"""
20229,Stewart Cink,United States,2021,70.576,.463,306.6,56.42,69.44,.417,.164,-.064,.299,58.18,3.93,28.01,14.10,13.91,+.020,+.099,8.1,6.31,57.61,"31' 11""","25' 8""",50.7,49.3,82.41,"33' 1""","14' 10"""
37189,Harold Varner III,United States,2021,70.592,.862,300.7,59.87,67.78,.470,.069,.104,.792,58.43,3.76,28.56,13.77,14.78,+.043,+.007,8.0,3.03,60.42,"26' 10""","24' 9""",48.4,51.6,82.48,"31' 9""","18' 2"""
48887,Matt Wallace,England,2021,70.594,.875,298.4,59.84,63.94,.443,.112,.106,.763,53.49,3.58,27.19,15.02,12.17,+.016,+.241,8.2,5.51,59.13,"31' 2""","26' 0""",53.9,46.1,80.86,"36' 11""","14' 9"""
49766,Hank Lebioda,United States,2021,70.642,.693,295.0,61.16,69.14,.332,.431,-.134,.263,64.50,3.78,27.82,11.69,16.13,+.050,-.069,6.6,4.57,61.02,"29' 9""","28' 6""",41.5,58.5,83.96,"32' 7""","16' 0"""
26300,Matt Jones,Australia,2021,70.665,.280,304.0,55.62,65.74,-.422,.273,.124,.007,61.05,3.68,31.35,13.70,17.66,+.083,+.006,8.7,5.00,54.95,"28' 8""","26' 4""",42.3,57.7,80.48,"35' 11""","15' 5"""
49964,Aaron Wise,United States,2021,70.671,.412,300.6,60.04,70.35,.357,-.432,.249,.845,58.78,4.11,26.60,12.16,14.43,+.050,+.068,7.2,5.67,60.52,"27' 10""","24' 7""",49.2,50.8,83.24,"33' 5""","14' 6"""
40006,Erik van Rooyen,South Africa,2021,70.674,.512,305.3,61.12,64.38,.141,.193,.126,.319,58.33,3.90,26.87,10.77,16.10,+.046,+.149,6.6,4.90,61.62,"25' 9""","26' 5""",41.3,58.7,80.71,"31' 8""","16' 10"""
22405,Justin Rose,England,2021,70.678,.097,297.5,60.53,65.95,-.045,.375,-.142,-.278,52.87,3.87,28.27,17.14,11.13,+.159,+.237,8.1,4.24,59.36,"26' 9""","24' 9""",56.5,43.5,80.67,"32' 2""","18' 10"""
24361,Pat Perez,United States,2021,70.710,.592,292.2,62.03,66.26,.185,.372,-.120,.220,63.12,3.83,25.60,13.17,12.43,+.075,+.028,5.6,4.45,64.38,"28' 9""","25' 3""",54.6,45.4,82.51,"33' 11""","18' 3"""
29974,Branden Grace,South Africa,2021,70.741,.383,293.8,55.50,64.47,.161,.150,-.162,.233,59.07,3.78,33.49,12.63,20.86,+.056,+.037,7.0,4.87,54.69,"29' 2""","26' 3""",37.7,62.3,78.37,"33' 2""","18' 0"""
39977,Max Homa,United States,2021,70.745,.327,300.8,58.44,63.89,.372,-.043,.122,.371,59.93,3.93,28.05,13.38,14.67,+.051,+.137,9.8,3.99,58.14,"25' 3""","26' 0""",51.1,48.9,80.85,"32' 6""","14' 4"""
46442,Maverick McNealy,United States,2021,70.764,.233,298.7,60.48,66.52,-.223,.118,.271,.115,61.70,3.99,29.66,12.21,17.45,+.131,+.071,5.1,4.03,61.18,"25' 6""","25' 11""",38.0,62.0,82.26,"33' 1""","17' 9"""
45157,Cam Davis,Australia,2021,70.779,.472,309.0,56.11,65.31,.159,.173,.312,.299,56.90,4.17,30.62,12.41,18.21,+.044,+.039,6.2,6.37,56.81,"32' 8""","25' 3""",41.1,58.9,78.93,"33' 3""","14' 9"""
27349,Alex Noren,Sweden,2021,70.780,.634,297.9,58.26,63.21,-.110,.538,-.045,.096,60.96,3.76,29.09,9.30,19.78,+.223,-.021,6.6,5.00,59.35,"29' 4""","24' 2""",33.2,66.8,79.00,"37' 0""","18' 2"""
35310,Lanto Griffin,United States,2021,70.788,.592,302.9,57.02,65.12,.394,.384,.019,.208,58.58,3.66,30.41,14.21,16.20,+.011,+.127,7.8,4.80,57.01,"28' 4""","28' 2""",47.4,52.6,79.90,"32' 8""","14' 8"""
49960,Sepp Straka,Austria,2021,70.792,.137,303.2,57.61,66.84,.114,.092,.073,.045,57.07,3.96,32.24,16.64,15.60,+.175,+.085,5.4,6.30,56.11,"27' 10""","25' 8""",52.6,47.4,78.88,"32' 5""","17' 4"""
28089,Jason Day,Australia,2021,70.815,.778,300.3,61.31,66.67,-.043,.067,.442,.711,61.54,3.48,26.27,14.69,11.57,+.011,+.053,7.4,4.29,62.03,"25' 9""","29' 1""",53.6,46.4,82.04,"37' 0""","16' 11"""
21961,Charles Howell III,United States,2021,70.819,.393,297.6,60.66,67.22,-.401,.114,.505,.279,65.86,3.34,29.72,13.30,16.42,+.165,+.010,6.9,3.66,59.70,"22' 8""","25' 2""",47.2,52.8,82.99,"36' 11""","14' 5"""
29535,Brice Garnett,United States,2021,70.820,.075,288.1,70.72,68.12,-.324,.396,.161,-.321,62.50,3.57,22.00,11.37,10.64,+.098,+.156,4.5,2.71,70.80,"21' 10""","25' 1""",49.4,50.6,87.31,"33' 5""","19' 3"""
30927,Brendon Todd,United States,2021,70.842,.415,275.2,75.25,64.86,-.176,.620,-.234,-.205,60.66,3.62,18.81,9.15,9.66,+.250,+.154,4.5,1.51,75.15,"18' 3""","26' 0""",49.1,50.9,86.79,"35' 10""","19' 1"""
25900,Lucas Glover,United States,2021,70.861,.360,294.9,64.05,66.72,.172,-.141,.185,.501,58.61,3.83,25.78,11.47,14.31,+.075,+.070,6.9,3.20,64.09,"23' 3""","23' 2""",46.0,54.0,83.03,"32' 9""","14' 9"""
33486,Roger Sloan,Canada,2021,70.866,.365,295.8,61.78,68.77,.222,-.060,.166,.425,60.74,3.79,27.17,11.48,15.69,+.037,-.031,5.4,4.45,63.00,"32' 9""","25' 8""",44.4,55.6,85.17,"33' 7""","14' 2"""
25804,Bubba Watson,United States,2021,70.871,.541,304.6,59.92,67.95,.103,-.210,.613,.751,56.53,3.59,30.87,15.01,15.86,+.061,+.024,5.7,4.60,58.84,"24' 9""","25' 11""",47.2,52.8,84.76,"34' 6""","15' 7"""
37455,Si Woo Kim,South Korea,2021,70.872,.469,296.3,62.71,65.78,-.026,-.183,.223,.652,62.87,3.89,27.27,10.74,16.54,+.021,+.008,6.7,3.98,62.08,"23' 2""","24' 8""",40.2,59.8,83.33,"33' 9""","17' 8"""
32448,James Hahn,United States,2021,70.897,.193,297.1,66.94,68.81,-.004,.165,.079,.028,59.29,3.96,23.43,11.02,12.41,+.065,+.011,6.5,4.18,65.89,"27' 10""","24' 8""",46.0,54.0,86.45,"32' 8""","14' 9"""
33667,Carlos Ortiz,Mexico,2021,70.911,.399,303.0,60.36,67.03,.039,-.019,.246,.418,58.06,3.89,26.00,12.13,13.86,+.025,+.029,7.8,5.81,60.40,"27' 1""","25' 5""",50.4,49.6,81.70,"32' 2""","19' 8"""
23320,Ryan Palmer,United States,2021,70.920,.506,304.6,59.98,65.54,.246,.099,.242,.407,61.87,4.08,26.16,11.30,14.85,-.058,+.019,8.1,5.49,60.28,"24' 11""","24' 4""",47.6,52.4,82.36,"31' 7""","15' 6"""
19803,Ryan Armour,United States,2021,70.922,.223,282.0,72.79,67.02,-.082,.354,.013,-.131,59.61,3.79,18.56,9.33,9.23,+.070,+.207,5.7,2.36,73.39,"19' 5""","24' 3""",51.3,48.8,87.04,"32' 3""","16' 11"""
29908,C.T. Pan,Chinese Taipei,2021,70.922,.274,296.3,61.11,65.83,.245,-.108,-.002,.382,60.37,3.44,29.92,13.68,16.24,+.021,+.041,6.1,4.45,59.51,"25' 0""","26' 0""",48.3,51.7,81.99,"32' 3""","16' 4"""
33122,Russell Knox,Scotland,2021,70.923,.194,291.2,66.17,70.41,.522,-.260,.018,.453,61.43,3.57,24.66,10.75,13.91,+.156,+.210,5.2,3.70,66.40,"23' 5""","24' 2""",45.9,54.1,85.08,"31' 10""","18' 10"""
31560,Brian Stuard,United States,2021,70.924,.315,277.8,73.31,66.72,.043,.230,-.147,.085,61.16,3.74,19.95,9.16,10.79,+.030,+.089,4.2,2.21,73.67,"18' 7""","24' 1""",45.8,54.2,88.14,"32' 1""","18' 11"""
29420,Billy Horschel,United States,2021,70.925,.301,294.7,65.70,66.47,-.195,.285,.289,.016,59.73,3.69,24.59,13.07,11.51,+.072,+.135,6.2,3.63,65.56,"22' 0""","24' 7""",57.2,42.8,84.05,"35' 8""","16' 1"""
32640,Troy Merritt,United States,2021,70.942,.170,289.9,61.95,64.63,.025,.282,-.207,-.112,60.90,3.46,27.86,11.27,16.59,+.125,+.152,6.2,4.33,61.59,"25' 7""","23' 5""",42.7,57.3,81.09,"33' 1""","17' 7"""
30692,Scott Stallings,United States,2021,70.952,.123,297.4,59.26,68.20,.353,.030,.024,.093,62.76,3.47,28.14,11.30,16.84,-.063,-.038,6.7,4.90,60.23,"28' 6""","25' 11""",38.3,61.7,82.80,"33' 1""","15' 1"""
33399,Adam Hadwin,Canada,2021,70.961,.322,293.4,62.97,62.44,-.320,.471,-.042,-.149,60.00,3.47,25.43,12.58,12.85,+.113,+.188,6.3,4.74,63.54,"26' 0""","24' 3""",49.8,50.2,79.85,"34' 4""","22' 10"""
31420,Anirban Lahiri,India,2021,70.982,.077,298.4,57.56,64.62,-.254,-.039,.280,.116,60.51,4.03,30.31,13.08,17.22,-.039,-.031,6.7,3.74,59.28,"26' 2""","24' 6""",45.0,55.0,82.67,"33' 1""","18' 8"""
33490,Bo Hoag,United States,2021,70.992,.377,290.7,63.92,69.67,.246,.000,.141,.377,61.26,3.49,26.01,10.94,15.07,-.102,-.026,7.2,1.82,64.97,"23' 9""","24' 0""",41.5,58.5,86.57,"34' 5""","14' 8"""
35506,Mackenzie Hughes,Canada,2021,71.018,-.088,293.5,58.05,64.44,-.340,.483,-.340,-.572,58.16,3.66,32.06,15.94,16.13,+.118,+.024,6.7,4.48,56.77,"27' 8""","27' 7""",51.1,48.9,79.59,"35' 2""","17' 4"""
34256,Andrew Putnam,United States,2021,71.019,.027,283.8,61.59,66.10,.109,.335,-.519,-.308,62.98,3.58,28.09,13.31,14.77,+.079,+.066,6.6,3.79,61.52,"25' 4""","26' 0""",46.7,53.3,82.37,"34' 11""","15' 7"""
27129,Luke List,United States,2021,71.020,.266,312.7,55.48,68.41,.251,-.626,.557,.892,58.70,3.88,30.86,15.62,15.24,-.032,+.080,6.1,7.04,56.03,"31' 6""","24' 8""",51.3,48.7,81.40,"33' 2""","16' 7"""
36871,Matthew NeSmith,United States,2021,71.021,.235,295.9,65.09,71.09,.683,-.377,.012,.612,53.71,3.74,25.09,8.70,16.39,+.155,+.010,5.6,4.26,65.04,"27' 4""","24' 7""",36.4,63.6,85.40,"33' 2""","17' 5"""
36801,Mark Hubbard,United States,2021,71.033,.169,280.2,67.84,64.99,-.039,.282,-.251,-.113,59.67,3.61,23.03,8.92,14.11,+.167,+.236,6.0,2.76,68.21,"23' 3""","24' 5""",41.9,58.1,82.61,"33' 4""","14' 10"""
22056,Cameron Percy,Australia,2021,71.037,.108,286.7,63.66,72.58,.698,-.352,-.115,.460,57.11,3.66,27.37,14.41,12.97,+.056,+.008,6.4,3.00,63.27,"24' 4""","23' 9""",49.2,50.8,86.25,"31' 3""","17' 3"""
27649,Brandt Snedeker,United States,2021,71.037,.300,286.6,64.04,64.48,.000,.341,-.255,-.041,57.36,3.73,26.31,11.45,14.86,+.027,-.026,6.5,4.72,62.45,"25' 10""","23' 10""",43.8,56.2,83.90,"35' 4""","13' 8"""
30911,Tommy Fleetwood,England,2021,71.046,.072,300.8,57.78,64.44,.051,-.137,-.134,.209,58.07,3.52,30.06,15.18,14.88,+.082,+.141,7.8,5.21,56.90,"24' 7""","26' 4""",53.6,46.4,78.83,"35' 6""","14' 7"""
47347,Adam Schenk,United States,2021,71.054,.188,299.5,60.90,67.37,.058,.137,.159,.051,61.60,3.90,27.06,13.12,13.94,+.013,+.007,6.4,5.43,61.09,"28' 9""","26' 2""",48.1,51.9,85.58,"33' 8""","17' 1"""
20396,Lee Westwood,England,2021,71.054,.271,294.1,62.93,64.78,.167,.069,.055,.202,54.45,3.48,25.46,11.17,14.29,+.099,+.203,8.5,4.24,61.81,"25' 11""","27' 4""",49.5,50.5,80.72,"34' 11""","16' 6"""
47993,Denny McCarthy,United States,2021,71.057,.048,295.4,62.31,64.01,-.353,.435,-.207,-.387,60.43,3.55,26.63,11.68,14.95,+.079,+.031,6.4,5.16,61.78,"30' 1""","26' 0""",46.8,53.2,82.42,"35' 7""","15' 11"""
48822,Sebastián Muñoz,Colombia,2021,71.073,.344,297.5,62.96,66.67,.243,.047,.130,.297,58.82,4.09,27.42,11.94,15.48,+.026,+.088,5.8,4.03,62.74,"22' 0""","26' 9""",45.7,54.3,83.33,"33' 5""","15' 9"""
26476,Chez Reavie,United States,2021,71.075,.187,281.9,74.11,67.13,.505,-.445,.155,.632,58.35,3.46,18.15,8.97,9.17,+.242,+.135,5.6,1.71,74.50,"19' 7""","24' 9""",52.3,47.7,87.82,"31' 2""","19' 8"""
26331,Charl Schwartzel,South Africa,2021,71.088,.386,303.0,57.76,66.86,.183,.025,-.027,.361,60.04,3.64,29.29,13.29,16.00,-.012,-.029,8.3,5.24,57.13,"30' 2""","26' 6""",46.0,54.0,81.97,"36' 0""","17' 10"""
25818,Scott Piercy,United States,2021,71.100,-.234,298.2,60.00,65.61,.005,-.482,.090,.248,60.94,3.75,28.09,9.68,18.40,+.006,+.198,5.4,6.60,59.89,"25' 3""","26' 5""",38.3,61.7,83.27,"33' 0""","17' 11"""
27770,Camilo Villegas,Colombia,2021,71.109,.124,292.5,56.44,65.58,.236,-.277,-.145,.401,60.80,3.60,31.88,18.73,13.15,+.042,+.083,6.4,4.46,57.30,"29' 5""","23' 11""",59.7,40.3,81.81,"32' 3""","14' 7"""
53165,Doc Redman,United States,2021,71.123,-.023,294.0,64.87,65.86,.215,-.002,-.035,-.021,62.10,3.43,24.00,10.32,13.68,+.162,+.092,6.1,4.53,65.37,"25' 8""","24' 5""",45.6,54.4,82.10,"32' 7""","16' 1"""
39953,Chase Seiffert,United States,2021,71.130,-.042,290.9,65.23,66.74,.147,-.131,.021,.090,59.96,3.62,23.85,11.15,12.69,+.071,+.057,6.3,3.85,66.03,"26' 10""","24' 8""",48.8,51.2,85.32,"34' 5""","13' 10"""
34563,Chesson Hadley,United States,2021,71.134,-.005,297.5,56.36,64.58,-.036,.552,-.289,-.557,58.17,3.72,29.78,16.38,13.40,-.083,+.106,5.6,7.57,57.07,"28' 3""","25' 7""",56.5,43.5,81.21,"32' 5""","20' 9"""
34174,John Huh,United States,2021,71.134,-.228,290.5,65.63,65.52,.034,-.639,.147,.412,60.83,3.41,25.07,11.61,13.46,+.084,+.134,5.8,3.82,65.30,"25' 11""","23' 7""",43.6,56.4,84.62,"34' 3""","17' 5"""
23621,Rory Sabbatini,Slovakia,2021,71.141,-.078,287.5,62.08,64.81,-.198,.176,-.001,-.254,54.74,3.95,28.51,10.61,17.90,+.138,+.051,6.6,3.32,61.52,"25' 3""","24' 4""",38.4,61.6,81.57,"36' 1""","15' 11"""
36699,Patrick Rodgers,United States,2021,71.160,.038,306.7,54.07,67.10,-.400,.062,.305,-.023,55.96,3.74,32.25,16.96,15.28,+.085,+.038,7.2,5.41,55.17,"31' 0""","26' 10""",54.2,45.8,79.92,"36' 2""","19' 0"""
34076,Joel Dahmen,United States,2021,71.162,-.028,292.3,67.57,65.24,.148,-.344,.214,.316,58.67,3.95,20.72,10.80,9.92,+.110,+.071,7.2,3.82,68.27,"21' 10""","23' 2""",52.2,47.8,83.92,"33' 4""","16' 8"""
32139,Danny Willett,England,2021,71.164,.160,293.9,60.00,60.64,-.207,-.096,-.056,.256,56.16,3.68,30.13,13.25,16.88,+.108,+.216,7.3,4.94,57.66,"33' 6""","26' 8""",44.0,56.0,78.93,"37' 5""","12' 0"""
30110,Kyle Stanley,United States,2021,71.167,.049,292.1,66.72,69.88,.550,-.712,.244,.761,59.63,3.30,23.96,9.21,14.74,+.072,+.137,6.2,3.01,66.83,"19' 10""","23' 7""",42.6,57.4,84.95,"30' 2""","18' 2"""
49298,Kramer Hickok,United States,2021,71.175,-.091,290.8,68.58,68.04,-.187,-.255,.117,.164,57.68,3.64,21.47,6.99,14.49,+.063,+.074,5.8,3.62,69.08,"22' 5""","23' 6""",36.1,63.9,84.66,"35' 0""","19' 2"""
32333,Kevin Tway,United States,2021,71.175,-.112,307.0,53.24,67.11,-.252,.203,-.139,-.315,57.77,3.63,33.95,14.12,19.83,-.094,+.061,5.7,7.70,52.64,"33' 5""","25' 0""",44.8,55.2,80.67,"35' 2""","14' 11"""
35532,Tom Hoge,United States,2021,71.187,.077,289.2,63.70,62.62,.304,-.106,-.050,.184,60.68,3.88,27.18,11.70,15.49,+.112,+.099,5.4,3.05,64.33,"26' 4""","24' 2""",42.5,57.5,82.26,"31' 11""","14' 10"""
37275,Sam Ryder,United States,2021,71.187,-.218,297.2,61.83,68.09,.129,.056,-.019,-.274,54.05,3.73,26.32,10.89,15.43,+.075,+.049,8.4,4.55,60.78,"25' 0""","24' 6""",44.4,55.6,82.42,"31' 11""","18' 9"""
51894,Vince Whaley,United States,2021,71.207,-.044,296.6,56.45,65.14,-.409,.166,.168,-.209,60.56,3.59,32.42,17.52,14.89,E,+.064,8.4,3.63,55.57,"27' 0""","24' 5""",54.4,45.6,81.45,"36' 11""","17' 6"""
33597,Harry Higgs,United States,2021,71.212,.169,298.9,57.26,63.68,-.184,.243,-.064,-.075,56.21,4.06,30.34,12.46,17.87,-.022,+.078,5.9,5.99,57.78,"29' 10""","23' 8""",44.5,55.5,80.47,"32' 10""","15' 4"""
34466,Peter Malnati,United States,2021,71.212,-.062,290.5,56.71,62.78,-.109,.238,-.278,-.300,56.34,3.91,30.74,13.94,16.79,+.052,E,7.7,5.27,56.31,"29' 8""","25' 8""",50.0,50.0,79.25,"32' 8""","16' 5"""
32150,Michael Thompson,United States,2021,71.215,-.063,288.1,68.41,65.54,-.151,.062,-.104,-.125,59.26,3.57,24.39,11.83,12.57,+.101,+.170,4.9,3.17,67.58,"21' 11""","24' 6""",52.1,47.9,84.59,"33' 2""","17' 5"""
29478,Kevin Kisner,United States,2021,71.216,-.003,289.1,67.61,64.96,-.266,.392,-.215,-.396,58.54,3.72,20.71,9.05,11.65,+.179,+.023,7.3,3.85,68.16,"20' 4""","26' 5""",48.2,51.8,82.94,"34' 8""","17' 3"""
49771,J.T. Poston,United States,2021,71.221,.022,299.9,57.02,62.24,-.488,.706,-.131,-.684,56.74,3.55,29.85,11.54,18.32,+.065,+.095,8.8,4.49,56.87,"27' 2""","23' 9""",39.6,60.4,77.74,"35' 9""","19' 6"""
32791,K.H. Lee,South Korea,2021,71.227,.074,298.4,63.06,64.26,-.066,-.236,.172,.309,60.26,3.64,26.55,13.78,12.77,+.006,+.017,5.4,4.57,63.47,"24' 8""","23' 0""",54.7,45.3,82.27,"34' 0""","17' 9"""
23108,Matt Kuchar,United States,2021,71.250,.009,287.8,66.09,65.49,.046,.104,-.371,-.095,57.56,3.58,23.47,11.37,12.10,+.020,+.054,6.6,4.28,65.65,"23' 0""","24' 9""",46.7,53.3,83.15,"34' 9""","13' 8"""
25686,Jason Dufner,United States,2021,71.253,.003,289.6,64.52,65.96,.197,-.392,.165,.395,61.10,3.43,25.71,11.98,13.73,+.121,+.130,6.6,3.02,64.65,"23' 6""","22' 10""",45.1,54.9,82.97,"31' 1""","14' 10"""
30163,Henrik Norlander,Sweden,2021,71.264,.013,294.1,67.09,69.18,.468,-.442,.152,.455,60.52,3.27,23.56,10.67,12.88,+.075,+.126,5.6,3.56,67.31,"24' 0""","24' 0""",48.0,52.0,86.15,"32' 8""","16' 6"""
31323,Gary Woodland,United States,2021,71.279,.096,309.5,55.01,62.94,.291,-.076,-.190,.173,53.32,3.71,29.20,11.03,18.17,+.103,+.068,7.8,7.02,56.02,"32' 4""","24' 3""",41.4,58.6,76.38,"33' 8""","18' 3"""
51766,Wyndham Clark,United States,2021,71.283,-.409,314.6,47.05,63.39,-.640,-.045,-.015,-.364,60.31,3.51,37.63,15.38,22.25,-.009,+.007,6.0,7.80,48.54,"38' 3""","27' 6""",45.8,54.2,77.07,"35' 1""","19' 6"""
39546,Keith Mitchell,United States,2021,71.286,-.140,307.2,56.50,64.62,-.310,-.057,.570,-.083,57.01,3.83,30.43,15.43,15.00,+.029,+.042,6.4,6.63,56.52,"31' 2""","26' 2""",49.1,50.9,79.23,"34' 6""","14' 10"""
35449,Adam Long,United States,2021,71.288,-.457,288.6,67.41,63.03,-.541,.144,.109,-.601,57.25,3.57,24.03,11.91,12.12,+.210,+.179,6.1,2.75,67.11,"23' 11""","24' 11""",47.4,52.6,82.08,"34' 10""","16' 0"""
28775,Nate Lashley,United States,2021,71.302,-.423,292.4,61.79,65.50,-.099,-.217,-.348,-.207,61.02,3.41,29.22,17.73,11.49,+.117,+.062,5.6,4.28,60.88,"24' 11""","24' 9""",61.7,38.3,81.98,"33' 3""","18' 4"""
26851,Marc Leishman,Australia,2021,71.303,.052,293.8,58.46,65.72,.118,.190,-.165,-.138,59.28,3.55,28.38,10.33,18.05,+.025,+.132,8.6,4.99,58.00,"26' 4""","27' 10""",39.2,60.8,80.45,"32' 2""","15' 7"""
23325,Vaughn Taylor,United States,2021,71.322,-.021,278.4,67.68,64.67,.015,.293,-.501,-.314,62.30,3.49,20.84,11.76,9.08,+.077,+.059,5.6,4.54,69.03,"23' 9""","26' 3""",58.0,42.0,85.17,"31' 10""","16' 2"""
32102,Rickie Fowler,United States,2021,71.330,.103,297.0,61.49,63.96,-.244,-.091,.096,.194,56.92,3.72,27.04,15.42,11.62,+.087,+.087,6.1,3.80,63.02,"29' 0""","25' 1""",58.2,41.8,81.34,"33' 7""","18' 6"""
32816,Satoshi Kodaira,Japan,2021,71.330,-.146,286.2,69.64,65.20,.052,.017,.101,-.163,60.29,3.75,19.98,9.58,10.40,+.056,+.134,6.5,3.27,70.21,"21' 1""","25' 3""",49.0,51.0,85.20,"34' 4""","17' 3"""
56278,Matthew Wolff,United States,2021,71.333,-.168,315.9,51.04,64.95,.342,.141,-.333,-.309,52.16,3.84,34.29,16.79,17.50,E,+.085,6.5,7.32,51.94,"31' 2""","26' 6""",51.0,49.0,77.55,"31' 6""","15' 9"""
29268,Bronson Burgoon,United States,2021,71.334,-.309,298.8,59.98,68.36,-.022,-.396,.015,.088,58.29,3.63,29.09,11.95,17.14,+.045,+.022,5.5,4.68,60.78,"27' 10""","26' 3""",40.8,59.2,83.73,"33' 3""","16' 9"""
34431,Robert Streb,United States,2021,71.335,-.323,292.3,58.33,64.57,-.451,.179,-.232,-.502,61.76,3.45,29.26,18.07,11.19,+.037,+.080,7.1,5.03,58.62,"28' 7""","25' 0""",60.9,39.1,80.03,"35' 6""","16' 5"""
25493,Nick Taylor,Canada,2021,71.344,-.033,294.0,63.91,65.62,-.217,.165,.015,-.198,60.68,3.72,25.85,14.66,11.19,+.116,+.154,6.2,4.42,63.49,"26' 5""","26' 1""",57.9,42.1,82.83,"34' 4""","15' 11"""
29518,Brendan Steele,United States,2021,71.383,.115,299.3,61.98,65.42,.103,-.131,.126,.246,57.93,3.54,25.24,13.00,12.24,+.070,+.107,6.1,6.02,62.62,"27' 0""","24' 5""",50.3,49.7,80.75,"31' 1""","16' 4"""
40042,Tyler McCumber,United States,2021,71.386,-.536,309.4,58.30,64.71,-.076,-.681,.290,.145,56.02,3.57,32.18,16.29,15.89,+.101,+.098,6.5,6.01,55.27,"30' 9""","25' 8""",49.7,50.3,79.73,"33' 4""","16' 7"""
26758,David Hearn,Canada,2021,71.397,-.329,274.7,69.96,66.32,-.031,.232,-.507,-.561,59.79,3.55,22.69,10.80,11.89,+.118,+.101,5.6,2.03,69.64,"21' 10""","24' 10""",47.4,52.6,86.32,"33' 10""","14' 6"""
35104,Tom Lewis,England,2021,71.439,-.175,302.5,57.36,65.56,-.238,-.126,.358,-.049,57.86,3.41,31.19,13.06,18.13,+.080,+.127,6.3,5.60,56.89,"27' 1""","25' 4""",42.9,57.1,80.25,"33' 8""","17' 1"""
29970,Dylan Frittelli,South Africa,2021,71.443,-.461,309.3,51.90,64.04,-.333,-.470,.029,.009,60.30,3.39,31.39,15.03,16.36,+.104,+.065,7.3,8.97,52.36,"35' 3""","25' 9""",49.0,51.0,77.84,"34' 7""","15' 9"""
34255,Joseph Bramlett,United States,2021,71.481,-.123,309.6,56.89,68.87,.210,-.724,.224,.601,57.44,3.65,30.61,13.23,17.38,-.112,+.069,5.6,7.65,56.16,"34' 7""","25' 6""",47.3,52.7,82.72,"31' 10""","17' 1"""
22371,Aaron Baddeley,Australia,2021,71.512,-.420,289.3,57.69,63.99,-.328,.314,-.627,-.734,63.43,3.52,28.63,10.28,18.35,-.022,-.059,8.1,4.84,58.47,"28' 9""","27' 1""",34.7,65.3,80.64,"33' 3""","14' 4"""
35461,Beau Hossler,United States,2021,71.525,-.145,305.1,56.28,65.34,-.420,.206,.059,-.351,58.65,3.65,28.57,13.66,14.91,-.007,+.136,5.7,7.97,57.76,"34' 9""","25' 3""",52.1,47.9,80.42,"36' 9""","18' 1"""
26499,Rafa Cabrera Bello,Spain,2021,71.556,-.184,288.0,64.41,62.69,-.227,.318,-.295,-.502,56.94,3.24,25.00,12.32,12.68,+.094,+.136,7.2,3.71,64.11,"22' 7""","26' 9""",50.2,49.8,82.01,"36' 0""","19' 8"""
47128,Richy Werenski,United States,2021,71.567,-.302,293.9,60.90,63.82,-.183,.068,-.214,-.370,58.04,3.48,29.28,16.07,13.21,+.184,+.135,6.4,3.39,60.90,"27' 10""","26' 5""",52.3,47.7,81.03,"33' 9""","16' 0"""
27936,Martin Laird,Scotland,2021,71.576,-.025,295.9,68.84,69.44,.208,-.343,.117,.318,56.59,3.58,21.89,7.37,14.52,+.129,+.056,5.3,3.94,68.88,"22' 8""","27' 1""",37.6,62.4,85.98,"33' 6""","17' 2"""
24140,Sean O'Hair,United States,2021,71.577,-.596,298.5,62.29,67.97,-.290,-.265,-.109,-.331,62.24,3.33,29.77,14.31,15.46,-.021,+.069,6.1,4.44,59.70,"27' 0""","26' 9""",49.2,50.8,83.76,"35' 5""","14' 9"""
27942,Rob Oppenheim,United States,2021,71.595,-.325,284.2,64.60,63.81,.093,-.014,-.557,-.311,61.00,3.82,26.77,10.94,15.83,+.008,+.071,6.0,3.73,63.45,"25' 0""","25' 0""",41.4,58.6,83.46,"32' 7""","15' 3"""
56762,Will Gordon,United States,2021,71.597,-.543,315.0,55.13,67.36,-.142,-.195,.268,-.348,50.29,3.89,31.86,16.58,15.29,+.042,+.123,7.6,5.27,55.22,"33' 3""","26' 6""",51.3,48.7,79.64,"32' 11""","18' 6"""
33413,Ben Martin,United States,2021,71.604,-.114,292.4,66.86,66.67,.011,-.126,.138,.012,60.00,3.58,22.25,9.53,12.71,-.033,-.089,5.3,5.51,66.95,"24' 4""","25' 10""",45.0,55.0,86.00,"34' 2""","17' 1"""
27330,Josh Teater,United States,2021,71.607,-.277,290.0,68.01,66.90,-.109,-.193,-.006,-.084,59.09,3.81,24.51,13.23,11.28,-.058,E,4.8,4.12,66.59,"25' 11""","27' 2""",51.0,49.0,86.46,"33' 3""","15' 2"""
46550,Brandon Hagy,United States,2021,71.609,-.232,311.6,50.78,62.99,-.533,-.159,.330,-.073,56.59,3.54,37.55,17.07,20.48,+.025,-.015,5.2,6.32,50.95,"37' 3""","26' 0""",44.7,55.3,77.62,"35' 9""","17' 0"""
32662,Michael Gligic,Canada,2021,71.614,-.338,299.0,58.78,66.53,-.317,.384,-.104,-.722,59.75,3.48,29.79,15.08,14.72,+.057,+.112,6.8,4.10,59.35,"26' 9""","23' 0""",52.6,47.4,82.80,"35' 1""","14' 8"""
46435,Austin Cook,United States,2021,71.618,-.421,289.2,65.47,64.51,-.568,.309,-.046,-.730,59.35,3.35,25.08,14.32,10.77,+.186,+.070,6.1,4.00,64.82,"22' 10""","23' 10""",58.3,41.7,84.13,"33' 5""","20' 4"""
23983,Luke Donald,England,2021,71.656,-.635,286.1,57.58,67.06,.362,-.176,-.805,-.459,58.13,3.16,26.54,13.59,12.94,+.175,+.107,6.8,7.77,58.90,"32' 6""","26' 5""",53.0,47.0,80.98,"33' 3""","13' 10"""
29926,Danny Lee,New Zealand,2021,71.677,-.514,298.5,59.31,64.78,.122,-.538,.154,.024,53.74,3.56,27.53,13.96,13.57,+.085,+.128,7.4,5.38,59.67,"26' 11""","25' 4""",47.5,52.5,79.78,"32' 8""","15' 4"""
33120,Mark Anderson,United States,2021,71.685,-.137,286.7,63.52,68.15,-.149,-.179,-.035,.042,60.12,3.55,26.89,12.18,14.71,-.071,+.207,5.5,2.52,65.13,"27' 7""","24' 9""",44.8,55.2,84.69,"31' 3""","13' 8"""
48119,Ben Taylor,England,2021,71.694,-.054,295.6,53.00,66.22,-.145,.450,-.416,-.504,60.86,3.56,32.71,15.19,17.52,+.120,E,7.7,4.21,55.37,"32' 0""","27' 5""",47.6,52.4,79.43,"33' 9""","18' 7"""
31557,Jim Herman,United States,2021,71.700,-.454,292.5,66.78,66.67,-.254,-.298,.336,-.156,52.27,3.61,27.51,13.57,13.94,+.202,+.171,3.9,2.08,66.50,"18' 8""","25' 3""",49.2,50.8,84.31,"32' 5""","18' 5"""
34264,Hudson Swafford,United States,2021,71.738,-.684,303.1,63.94,67.89,-.233,.001,.052,-.685,50.84,3.83,25.08,12.70,12.38,+.211,+.085,6.8,4.45,63.63,"27' 4""","26' 7""",54.1,45.9,83.62,"33' 10""","19' 9"""
29479,Scott Brown,United States,2021,71.754,-.525,294.5,62.41,64.65,-.020,.106,-.148,-.632,60.31,3.69,28.38,11.58,16.80,-.074,+.235,5.3,4.20,62.09,"27' 2""","24' 6""",40.9,59.1,82.37,"33' 4""","16' 2"""
33948,Byeong Hun An,South Korea,2021,71.756,-.707,302.6,51.97,63.29,-.152,-.867,.008,.159,59.46,3.40,34.49,14.99,19.50,+.113,+.154,6.9,6.29,52.31,"34' 6""","25' 6""",47.1,52.9,77.83,"34' 5""","15' 8"""
24924,Bill Haas,United States,2021,71.763,-.310,295.8,56.98,65.78,-.411,.170,-.309,-.480,62.36,3.50,27.25,9.47,17.78,-.026,+.024,10.2,5.77,56.81,"28' 8""","24' 10""",39.1,60.9,79.87,"37' 3""","15' 7"""
23788,D.J. Trahan,United States,2021,71.785,-.727,291.9,57.05,65.57,.152,-.564,-.171,-.163,57.70,3.33,30.09,14.26,15.83,-.040,+.110,9.1,5.17,55.64,"26' 1""","24' 10""",49.6,50.4,81.56,"36' 7""","17' 5"""
45609,Tyler Duncan,United States,2021,71.788,-.575,290.0,67.52,64.26,.042,-.472,.136,-.103,58.20,3.31,24.14,10.93,13.21,+.122,+.174,4.8,4.18,66.92,"19' 7""","24' 5""",45.7,54.3,83.04,"34' 9""","20' 1"""
46441,Robby Shelton,United States,2021,71.807,-.685,293.7,55.82,61.18,-.236,-.322,-.385,-.362,58.14,3.49,31.12,15.71,15.41,+.099,+.117,8.6,5.41,54.90,"27' 9""","24' 2""",49.5,50.5,77.87,"34' 6""","14' 2"""
28420,Ryan Brehm,United States,2021,71.810,-1.128,311.5,51.85,67.72,-.390,-.287,.237,-.841,56.38,3.48,36.27,21.38,14.88,-.042,-.049,6.5,7.97,49.27,"38' 3""","27' 4""",56.1,43.9,80.99,"37' 2""","15' 6"""
39324,J.J. Spaun,United States,2021,71.855,-.394,285.7,68.99,67.36,-.109,-.398,.178,.004,57.68,3.46,22.87,7.99,14.88,+.037,+.103,6.3,2.48,68.32,"24' 8""","25' 9""",34.9,65.1,85.19,"33' 6""","16' 11"""
32254,Xinjun Zhang,China,2021,71.862,-.825,291.7,58.54,62.34,-.161,-.397,-.217,-.428,59.00,3.34,30.14,12.46,17.68,+.033,+.221,7.1,5.07,57.68,"30' 5""","26' 6""",44.3,55.7,79.64,"33' 11""","20' 0"""
01810,Phil Mickelson,United States,2021,71.897,-.442,301.8,54.47,62.99,-.142,-.032,-.161,-.410,52.94,3.72,33.61,19.40,14.22,-.017,+.037,6.5,5.90,53.98,"37' 5""","24' 4""",56.1,43.9,78.99,"35' 7""","15' 10"""
33404,Chris Baker,United States,2021,71.899,-.268,291.9,66.14,65.74,-.182,-.350,.322,.082,60.66,3.15,25.09,10.00,15.09,+.038,+.113,7.4,1.89,65.66,"21' 2""","21' 8""",44.4,55.6,85.58,"33' 6""","16' 11"""
27554,Scott Harrington,United States,2021,71.913,-.564,305.8,59.58,62.73,-.538,-.173,.057,-.391,56.98,3.33,29.07,13.38,15.69,+.162,+.034,5.4,6.81,58.71,"31' 7""","27' 10""",46.2,53.8,81.20,"34' 5""","17' 7"""
32070,Rafael Campos,Puerto Rico,2021,71.919,-.883,299.9,57.64,63.52,-.730,-.066,.210,-.817,55.58,3.82,30.97,12.39,18.58,+.143,-.043,5.8,5.13,58.05,"27' 5""","26' 9""",41.7,58.3,81.74,"34' 6""","19' 9"""
23623,Bo Van Pelt,United States,2021,71.970,-.683,293.2,60.98,65.05,-.103,-.225,-.177,-.458,55.41,3.49,27.31,12.80,14.51,+.027,+.072,7.0,5.28,60.42,"26' 7""","25' 6""",46.5,53.5,84.43,"33' 8""","18' 0"""
33410,Andrew Landry,United States,2021,72.044,-.715,290.4,66.74,63.89,-.191,-.263,-.131,-.452,56.41,3.58,24.32,9.45,14.88,+.183,+.013,4.8,4.37,66.47,"25' 3""","25' 4""",40.7,59.3,82.93,"32' 8""","17' 7"""
28679,Fabián Gómez,Argentina,2021,72.078,-.838,283.3,61.57,62.24,-.351,-.266,-.706,-.573,61.85,3.19,32.13,14.68,17.45,+.195,+.174,5.5,2.77,59.57,"24' 4""","26' 10""",46.6,53.4,79.92,"33' 1""","14' 3"""
52372,Cameron Champ,United States,2021,72.088,-.607,317.1,58.86,66.00,-.154,-.608,.593,.001,53.38,3.91,28.81,11.46,17.35,+.147,+.058,6.3,6.12,58.73,"30' 7""","27' 3""",43.4,56.6,82.57,"33' 7""","18' 9"""
25632,Jimmy Walker,United States,2021,72.121,-.724,297.4,47.18,57.96,-.344,.325,-.661,-1.049,53.39,3.11,37.28,14.63,22.65,+.067,+.214,7.9,6.97,47.85,"36' 0""","25' 9""",39.7,60.3,72.52,"37' 5""","17' 1"""
27556,"Ted Potter, Jr.",United States,2021,72.136,-1.160,288.4,57.08,62.50,-.057,-.495,-.517,-.665,54.47,3.69,30.55,14.84,15.71,+.159,+.151,8.0,5.36,56.11,"27' 9""","23' 10""",50.3,49.7,78.96,"32' 4""","13' 7"""
35658,Kris Ventura,Norway,2021,72.182,-.938,304.7,57.60,61.98,-.751,.435,-.070,-1.373,52.82,3.50,30.28,13.94,16.34,+.017,+.101,6.1,6.90,56.76,"31' 7""","26' 10""",48.8,51.2,80.08,"35' 7""","19' 7"""
19846,Brian Gay,United States,2021,72.193,-1.218,286.8,59.67,60.71,-.774,.203,-.656,-1.421,56.77,3.19,26.43,15.02,11.41,-.010,+.155,8.4,5.01,60.19,"26' 11""","27' 3""",57.2,42.8,80.55,"35' 10""","17' 5"""
32618,Rhein Gibson,Australia,2021,72.197,-1.135,291.2,53.32,62.50,-.722,.623,-.891,-1.758,58.20,3.45,30.41,14.62,15.79,-.025,+.107,8.2,6.24,55.17,"38' 5""","24' 11""",47.1,52.9,79.28,"33' 11""","18' 3"""
27141,J.B. Holmes,United States,2021,72.208,-.874,302.9,46.86,60.30,-.350,-.164,-.515,-.710,53.35,3.58,36.81,20.17,16.64,-.071,+.033,8.1,7.39,47.73,"36' 6""","24' 9""",54.6,45.4,75.60,"34' 7""","14' 10"""
24357,K.J. Choi,South Korea,2021,72.301,-1.188,269.2,66.94,62.82,.178,-.507,-.977,-.681,59.48,3.13,25.25,12.54,12.71,+.145,+.187,5.2,2.84,66.72,"25' 0""","24' 0""",53.8,46.2,83.20,"31' 5""","16' 9"""
35230,Nelson Ledesma,Argentina,2021,72.469,-1.167,288.2,59.25,65.39,-.224,-.386,-.491,-.781,56.19,3.65,28.27,14.76,13.51,+.031,+.183,6.0,3.74,61.95,"28' 4""","26' 1""",55.6,44.4,81.34,"35' 6""","14' 10"""
48045,Michael Gellerman,United States,2021,72.511,-.655,292.1,65.96,70.80,.399,-.771,.012,.116,53.85,3.36,23.96,10.60,13.36,E,+.087,5.5,2.76,67.74,"22' 7""","24' 7""",45.9,54.1,86.93,"31' 3""","12' 7"""
34314,Sebastian Cappelen,Denmark,2021,72.557,-1.507,299.3,51.86,60.91,-.800,.050,-.125,-1.557,55.26,3.39,33.20,14.48,18.73,+.124,+.120,6.9,7.72,52.12,"39' 4""","27' 6""",44.6,55.4,77.19,"33' 4""","18' 3"""
27974,Sung Kang,South Korea,2021,72.614,-1.520,292.7,55.50,62.02,-.647,-.094,-.575,-1.426,53.40,3.26,32.30,15.71,16.59,+.047,+.253,5.3,7.08,55.29,"32' 8""","25' 4""",47.6,52.4,77.50,"34' 1""","22' 0"""
27095,Nick Watney,United States,2021,72.787,-1.442,299.3,51.59,65.33,-.205,-.458,-.689,-.983,56.38,2.98,32.35,16.70,15.65,+.111,-.021,7.0,6.78,53.91,"31' 7""","24' 9""",51.9,48.1,79.84,"32' 5""","17' 4"""
39975,Michael Kim,United States,2021,72.809,-1.369,293.2,49.06,61.11,.022,-.161,-1.247,-1.209,56.73,3.07,37.91,18.41,19.51,+.077,+.172,7.3,6.32,48.49,"39' 8""","26' 3""",50.3,49.7,73.39,"30' 9""","19' 3"""
34213,Grayson Murray,United States,2021,73.115,-2.108,305.5,50.88,62.59,-.260,-1.261,-.063,-.846,46.67,3.33,37.02,16.10,20.93,+.279,+.225,6.8,6.04,50.10,"26' 8""","25' 10""",44.6,55.4,78.30,"32' 6""","17' 0"""
35617,Martin Trainer,France,2021,73.131,-1.781,303.6,49.64,55.46,-1.458,.277,-.597,-2.057,56.24,2.95,33.90,18.40,15.49,+.099,+.142,6.4,9.20,50.46,"36' 6""","25' 9""",54.0,46.0,73.97,"39' 10""","17' 6"""
24781,Hunter Mahan,United States,2021,73.201,-1.788,296.2,56.05,57.50,-1.601,.491,.105,-2.279,53.90,3.30,30.86,15.52,15.34,+.080,+.136,7.2,4.94,56.97,"27' 6""","25' 3""",48.9,51.1,78.21,"38' 9""","18' 5"""
28237,Rory McIlroy,Northern Ireland,2022,68.670,2.115,321.3,58.06,69.91,.626,.495,.771,1.619,62.77,4.53,32.87,15.66,17.20,-.089,-.071,4.8,5.03,57.34,"30' 4""","26' 3""",48.3,51.7,82.11,"30' 7""","15' 8"""
35891,Cameron Smith,Australia,2022,69.203,1.433,299.7,57.49,68.01,.771,.563,-.125,.869,59.94,4.63,32.05,15.82,15.54,+.044,-.009,5.6,6.88,56.12,"30' 4""","26' 6""",53.3,46.7,80.41,"31' 10""","13' 5"""
40098,Matt Fitzpatrick,England,2022,69.217,1.792,303.8,63.38,66.83,.280,.425,.636,1.368,69.62,3.69,26.85,11.33,14.69,+.057,+.049,5.3,6.15,62.52,"25' 2""","24' 7""",45.6,54.4,84.21,"33' 10""","18' 6"""
46046,Scottie Scheffler,United States,2022,69.293,1.677,311.6,59.97,72.29,.819,.202,.356,1.475,59.90,4.60,30.00,15.85,13.83,-.038,-.034,7.6,5.21,57.55,"27' 7""","25' 2""",52.2,47.8,83.48,"30' 10""","14' 10"""
48081,Xander Schauffele,United States,2022,69.462,1.652,308.5,62.20,70.52,.701,.343,.372,1.309,62.04,4.32,26.63,9.94,15.86,+.097,-.012,6.0,5.68,62.49,"27' 1""","25' 10""",39.8,60.2,83.43,"31' 1""","16' 1"""
35450,Patrick Cantlay,United States,2022,69.468,1.522,308.0,60.58,69.28,.363,.367,.526,1.156,65.43,4.44,28.48,13.02,14.43,-.018,E,6.4,6.57,59.54,"23' 7""","27' 1""",48.4,51.6,83.11,"31' 1""","15' 3"""
33448,Justin Thomas,United States,2022,69.493,1.680,314.3,54.78,68.35,.696,.091,.538,1.589,64.67,4.58,32.95,13.04,19.11,-.054,-.026,6.3,7.09,54.46,"29' 10""","25' 7""",42.4,57.6,81.89,"29' 0""","10' 11"""
30911,Tommy Fleetwood,England,2022,69.653,1.050,301.5,59.36,65.67,.181,.375,.027,.675,64.45,3.77,26.79,12.48,13.31,-.038,+.107,6.2,8.32,59.73,"29' 10""","24' 0""",50.5,49.5,80.77,"33' 7""","15' 11"""
33204,Shane Lowry,Ireland,2022,69.661,1.175,306.9,61.36,67.91,.679,.162,.160,1.013,67.46,3.69,30.44,16.13,14.31,+.096,+.057,7.0,2.44,60.12,"27' 10""","24' 6""",54.3,45.7,84.44,"29' 4""","15' 3"""
47483,Will Zalatoris,United States,2022,69.698,1.767,314.7,55.44,70.91,1.063,-.003,.602,1.770,58.54,4.32,37.25,14.09,21.81,+.079,-.104,5.0,4.53,54.53,"29' 7""","24' 0""",36.8,63.2,81.71,"29' 2""","15' 0"""
29725,Tony Finau,United States,2022,69.748,1.499,308.0,57.96,71.25,.659,.091,.543,1.408,63.60,4.22,34.39,16.63,17.76,-.040,-.049,4.4,3.06,58.16,"27' 3""","25' 5""",48.4,51.6,83.75,"31' 6""","15' 11"""
46970,Jon Rahm,Spain,2022,69.755,1.656,318.9,62.50,71.59,.363,.367,1.025,1.290,57.54,4.17,27.11,10.99,15.38,+.119,-.011,6.3,4.88,62.39,"24' 10""","28' 5""",40.2,59.8,83.33,"32' 1""","17' 5"""
39971,Sungjae Im,South Korea,2022,69.762,1.668,303.7,65.51,70.83,.308,.326,.651,1.342,66.02,3.99,28.12,11.73,15.92,+.018,-.063,5.1,2.70,64.53,"22' 1""","23' 4""",44.7,55.3,85.06,"31' 3""","15' 9"""
47504,Sam Burns,United States,2022,69.768,1.390,309.6,55.38,68.68,.554,.553,.067,.838,59.65,4.33,31.97,14.14,17.23,+.040,+.021,6.4,7.27,54.98,"28' 3""","26' 1""",46.3,53.7,78.94,"30' 11""","15' 11"""
45486,Joaquin Niemann,Chile,2022,69.829,1.274,309.1,56.71,67.92,.527,-.061,.545,1.335,61.90,4.15,32.51,12.51,19.53,-.042,-.019,6.0,6.20,55.79,"27' 0""","25' 3""",40.7,59.3,82.83,"30' 0""","16' 7"""
57366,Cameron Young,United States,2022,69.844,1.265,319.3,58.67,64.91,.098,.141,.914,1.124,62.55,4.41,31.33,15.36,15.16,+.086,-.007,6.0,5.42,58.03,"27' 0""","26' 8""",50.0,50.0,81.37,"32' 0""","14' 1"""
50525,Collin Morikawa,United States,2022,69.863,.978,301.8,65.27,68.61,.854,-.088,.361,1.066,59.59,4.03,25.00,12.07,12.07,+.131,+.024,6.8,3.74,65.37,"21' 6""","25' 7""",52.6,47.4,84.49,"28' 11""","15' 5"""
39546,Keith Mitchell,United States,2022,69.916,1.074,311.8,61.76,67.64,.024,.209,.761,.865,63.67,4.06,25.10,12.21,12.40,-.015,+.008,7.3,5.73,62.31,"27' 7""","24' 2""",48.3,51.7,82.93,"33' 3""","16' 2"""
34098,Russell Henley,United States,2022,69.933,1.192,298.7,67.52,70.94,.969,-.162,.060,1.354,56.86,4.21,24.60,11.50,13.10,+.017,+.010,4.1,4.10,67.20,"21' 9""","25' 9""",45.1,54.9,86.31,"31' 11""","14' 8"""
39997,Corey Conners,Canada,2022,69.941,1.143,302.7,66.83,71.90,.601,-.099,.700,1.242,59.09,3.86,23.87,11.55,12.13,+.103,+.033,5.4,4.91,66.03,"18' 8""","23' 3""",49.0,51.0,86.70,"31' 6""","18' 2"""
49964,Aaron Wise,United States,2022,69.944,1.053,308.3,59.15,69.06,.489,.100,.387,.952,62.63,4.07,30.11,14.30,15.81,-.042,+.033,6.1,3.60,60.23,"27' 5""","24' 7""",48.4,51.6,81.70,"30' 10""","18' 8"""
47993,Denny McCarthy,United States,2022,69.971,.837,291.6,64.49,65.33,-.059,.818,-.183,.019,65.54,3.62,26.71,12.15,14.56,+.126,+.055,5.4,3.08,64.81,"23' 11""","23' 11""",49.0,51.0,83.61,"33' 9""","20' 7"""
39977,Max Homa,United States,2022,69.972,1.343,306.3,60.63,65.99,.384,.369,.425,.975,59.96,3.94,28.89,12.26,15.76,+.025,-.008,7.0,4.96,60.02,"21' 4""","25' 11""",44.4,55.6,81.79,"32' 1""","14' 2"""
34363,Tyrrell Hatton,England,2022,70.010,1.034,305.7,54.60,64.06,.153,.742,-.047,.292,57.00,3.88,32.16,14.81,16.64,-.051,+.124,5.4,9.59,53.60,"32' 3""","24' 11""",46.8,53.2,79.48,"33' 4""","21' 3"""
29420,Billy Horschel,United States,2022,70.023,1.031,297.3,65.05,68.17,-.067,.448,.237,.583,62.59,3.80,25.88,12.00,12.88,+.126,+.052,7.5,3.75,63.88,"24' 0""","22' 2""",47.6,52.4,83.54,"33' 7""","17' 5"""
46402,Talor Gooch,United States,2022,70.063,1.022,304.4,61.88,69.33,.653,.005,-.138,1.017,60.71,4.10,28.85,12.40,16.45,+.008,-.032,5.6,4.44,61.10,"25' 9""","25' 11""",43.5,56.5,83.73,"32' 3""","18' 6"""
32839,Hideki Matsuyama,Japan,2022,70.116,1.015,304.7,59.37,68.29,.711,-.028,.127,1.044,64.23,4.18,30.39,10.53,18.89,E,+.034,8.1,4.96,57.51,"25' 2""","25' 4""",38.8,61.2,83.33,"30' 8""","16' 9"""
46717,Viktor Hovland,Norway,2022,70.163,.768,308.4,61.87,66.98,.606,.389,.423,.379,59.38,4.37,28.36,13.06,14.55,+.085,+.076,6.0,5.72,60.70,"25' 8""","25' 8""",49.3,50.7,82.45,"30' 8""","18' 0"""
27644,Brian Harman,United States,2022,70.195,.608,292.2,66.56,67.09,.177,.118,.127,.490,62.89,3.52,26.07,11.87,13.73,+.020,+.078,6.4,2.60,65.40,"21' 7""","23' 9""",48.5,51.5,84.89,"31' 7""","18' 0"""
47529,Mito Pereira,Chile,2022,70.216,1.111,303.9,60.37,69.60,.679,.012,.386,1.099,61.81,3.75,27.82,16.17,11.28,+.050,-.087,6.9,4.42,61.28,"26' 6""","25' 6""",58.1,41.9,84.67,"31' 4""","19' 2"""
34046,Jordan Spieth,United States,2022,70.240,.839,308.4,55.99,67.42,.416,-.207,.335,1.046,61.98,4.07,30.97,16.48,13.72,-.048,+.027,6.4,7.96,55.42,"30' 8""","27' 2""",52.9,47.1,81.78,"32' 7""","15' 6"""
47995,Davis Riley,United States,2022,70.259,.578,307.6,61.93,66.96,.161,.107,.312,.471,57.78,4.15,30.28,15.85,14.43,+.142,+.056,4.6,2.85,62.24,"27' 6""","23' 10""",54.6,45.4,82.96,"32' 1""","13' 11"""
46442,Maverick McNealy,United States,2022,70.282,.683,307.4,57.92,66.79,-.004,.454,.277,.229,57.98,4.10,27.55,11.81,15.37,+.085,-.008,8.1,6.94,57.83,"25' 9""","25' 2""",44.8,55.3,80.80,"33' 10""","16' 4"""
36801,Mark Hubbard,United States,2022,70.284,.600,288.3,62.78,68.30,.494,.239,-.130,.361,63.92,3.75,27.95,9.54,18.41,+.007,+.056,5.4,2.65,63.97,"23' 5""","24' 10""",36.6,63.4,84.52,"32' 2""","19' 1"""
23108,Matt Kuchar,United States,2022,70.291,.756,287.9,63.45,63.93,-.035,.544,-.272,.212,69.20,3.73,25.93,10.19,15.06,-.015,+.011,6.6,5.21,62.97,"21' 9""","25' 2""",44.9,55.1,82.13,"34' 2""","17' 11"""
49771,J.T. Poston,United States,2022,70.295,.697,298.2,59.45,66.73,.018,.279,.180,.417,64.90,3.72,29.39,12.75,16.64,+.038,-.028,8.0,3.25,59.31,"25' 2""","23' 9""",41.4,58.6,81.27,"33' 11""","16' 9"""
28252,Seamus Power,Ireland,2022,70.303,.550,301.0,61.80,68.66,.013,.283,.163,.267,62.95,3.95,27.83,14.09,13.73,-.018,-.026,6.3,4.01,61.85,"27' 4""","27' 9""",53.5,46.5,83.59,"33' 6""","17' 7"""
45522,Christiaan Bezuidenhout,South Africa,2022,70.320,.753,291.6,62.40,66.04,.120,.653,-.035,.100,66.05,3.54,29.15,13.04,15.38,+.136,+.019,6.4,3.32,61.87,"24' 4""","24' 4""",46.9,53.1,82.09,"31' 5""","17' 9"""
32640,Troy Merritt,United States,2022,70.338,.506,292.2,64.00,63.31,.046,.276,.201,.230,62.06,3.66,25.16,10.58,14.21,+.105,+.219,6.1,5.01,64.07,"24' 5""","23' 11""",42.9,57.1,81.52,"32' 7""","17' 7"""
33141,Keegan Bradley,United States,2022,70.354,1.053,307.5,59.77,66.18,.437,.067,.433,.986,58.32,3.79,28.27,13.07,14.77,+.180,-.049,6.0,4.78,61.42,"25' 8""","24' 8""",47.4,52.6,81.63,"30' 4""","20' 7"""
35532,Tom Hoge,United States,2022,70.366,.768,298.1,61.56,66.32,.664,-.009,.058,.777,64.26,3.92,29.38,10.62,18.01,+.042,+.098,6.3,4.27,60.85,"25' 0""","24' 5""",34.3,65.7,82.42,"30' 2""","17' 8"""
21961,Charles Howell III,United States,2022,70.389,.680,304.1,61.84,70.99,.064,-.195,.398,.876,60.28,4.19,26.11,11.06,15.05,-.041,+.125,7.1,4.45,62.37,"25' 6""","25' 10""",42.4,57.6,85.51,"34' 9""","16' 8"""
22405,Justin Rose,England,2022,70.406,.505,299.5,61.04,64.92,.065,.450,.022,.055,57.77,3.91,26.12,11.42,13.49,+.179,+.121,6.2,7.44,61.42,"30' 2""","25' 6""",47.2,52.8,80.99,"30' 5""","17' 6"""
35449,Adam Long,United States,2022,70.417,.553,291.6,64.74,67.17,.062,.402,.088,.150,64.23,3.63,25.86,13.07,12.79,+.082,+.102,5.7,3.05,65.36,"22' 0""","24' 6""",50.9,49.1,82.62,"34' 3""","16' 7"""
37189,Harold Varner III,United States,2022,70.422,.554,305.8,54.61,66.51,.458,-.194,-.058,.748,60.82,4.07,35.25,17.50,17.75,+.036,+.058,6.4,5.24,53.13,"28' 0""","23' 10""",54.1,45.9,79.79,"30' 8""","16' 6"""
30926,Chris Kirk,United States,2022,70.425,.999,300.1,64.50,66.14,.256,-.033,.367,1.031,62.89,3.56,25.16,13.50,11.02,-.049,+.120,5.9,4.97,64.58,"24' 1""","25' 5""",53.9,46.1,84.00,"33' 2""","14' 0"""
30927,Brendon Todd,United States,2022,70.439,.519,279.0,69.31,64.99,-.065,.781,-.340,-.262,64.44,3.76,23.43,10.42,13.00,+.103,+.030,4.6,2.48,69.45,"19' 5""","24' 9""",42.9,57.1,84.83,"34' 7""","15' 6"""
30692,Scott Stallings,United States,2022,70.457,.558,306.0,54.76,65.39,.191,.267,-.024,.291,61.87,3.95,34.12,12.79,21.32,+.057,+.027,6.2,4.44,55.27,"34' 5""","24' 1""",38.0,62.0,79.07,"32' 9""","16' 5"""
31323,Gary Woodland,United States,2022,70.457,.804,309.9,56.80,66.10,.318,.039,.303,.765,61.05,3.36,32.56,14.20,17.87,-.014,+.086,4.5,7.59,55.81,"31' 4""","25' 8""",43.5,56.5,82.22,"32' 6""","17' 10"""
34256,Andrew Putnam,United States,2022,70.468,.437,284.8,64.54,66.55,.032,.310,-.238,.127,65.72,3.54,26.65,9.89,16.76,+.016,+.108,5.4,2.67,65.24,"25' 5""","24' 10""",42.5,57.5,82.81,"34' 11""","14' 6"""
40250,Taylor Pendrith,Canada,2022,70.506,.619,316.1,57.01,70.66,.115,-.092,.591,.711,60.53,4.04,32.64,14.67,17.97,+.122,-.067,6.5,4.03,56.85,"29' 7""","25' 2""",45.9,54.1,82.74,"31' 11""","15' 11"""
24502,Adam Scott,Australia,2022,70.506,.619,312.4,55.34,67.67,.256,.279,.158,.340,57.76,4.01,35.40,16.38,19.01,-.066,+.014,6.9,3.32,54.41,"28' 11""","24' 5""",42.5,57.5,81.62,"30' 4""","14' 3"""
26851,Marc Leishman,Australia,2022,70.511,.784,307.1,55.94,66.36,.166,.507,-.021,.277,61.24,3.96,33.67,11.33,21.33,+.089,-.010,6.3,5.44,55.56,"30' 4""","27' 2""",36.3,63.7,80.20,"32' 7""","16' 10"""
27064,Jhonattan Vegas,Venezuela,2022,70.521,.375,315.7,55.39,68.11,.396,-.232,.393,.607,57.01,3.69,30.73,13.50,16.41,-.035,E,6.8,8.15,55.18,"29' 0""","25' 1""",44.8,55.2,81.66,"33' 1""","18' 9"""
48822,Sebastián Muñoz,Colombia,2022,70.524,.470,303.7,62.05,66.47,.331,-.066,.232,.536,60.28,3.77,28.32,11.45,16.36,+.113,+.161,7.1,3.78,61.35,"24' 10""","25' 10""",44.9,55.1,82.93,"32' 9""","19' 4"""
46340,Alex Smalley,United States,2022,70.535,.120,306.5,60.41,68.28,.260,-.233,.207,.352,60.45,3.71,30.19,14.04,15.79,+.082,-.020,5.8,5.17,59.19,"23' 10""","25' 8""",46.8,53.2,83.24,"31' 5""","15' 10"""
27349,Alex Noren,Sweden,2022,70.545,.482,299.8,56.22,65.71,.002,.457,-.019,.026,64.56,3.59,28.89,9.82,17.53,-.032,+.057,8.7,6.73,57.22,"27' 7""","23' 7""",40.9,59.1,80.88,"34' 6""","17' 0"""
27936,Martin Laird,Scotland,2022,70.574,.390,298.0,68.19,68.77,.444,-.470,.175,.860,63.34,3.44,21.63,8.75,12.88,+.064,+.176,7.1,2.84,68.44,"21' 3""","25' 7""",41.3,58.7,86.06,"32' 4""","18' 1"""
32791,K.H. Lee,South Korea,2022,70.578,.418,302.5,62.15,65.82,-.009,.130,.220,.288,59.87,3.70,27.06,12.88,13.94,+.088,+.019,5.7,4.56,62.92,"24' 3""","25' 1""",49.1,50.9,80.93,"34' 0""","17' 9"""
29221,Webb Simpson,United States,2022,70.583,.367,300.6,64.65,64.60,.143,.038,-.044,.329,58.24,3.78,27.64,14.17,13.47,+.062,+.108,6.7,2.78,62.92,"28' 2""","24' 5""",53.9,46.1,82.08,"32' 1""","15' 1"""
36871,Matthew NeSmith,United States,2022,70.594,.409,298.0,63.71,68.48,.417,-.152,.168,.562,57.28,3.60,27.03,13.56,13.11,+.152,+.173,4.3,4.43,64.56,"25' 8""","23' 7""",50.3,49.7,83.58,"33' 0""","16' 4"""
33399,Adam Hadwin,Canada,2022,70.595,.678,297.2,63.71,67.84,.274,.127,-.084,.550,61.61,3.82,27.31,13.04,14.27,+.093,+.080,5.6,3.90,63.18,"25' 10""","23' 4""",48.3,51.7,83.21,"32' 4""","15' 2"""
36699,Patrick Rodgers,United States,2022,70.595,.563,309.3,50.98,68.17,.091,.360,.163,.203,59.34,3.36,35.74,15.14,19.88,+.016,-.095,6.9,6.49,51.60,"31' 4""","25' 10""",46.1,53.9,79.64,"32' 11""","18' 2"""
34610,Matthias Schwab,Austria,2022,70.598,.261,293.8,59.42,68.65,.180,.118,-.241,.143,59.24,3.66,27.43,13.39,14.04,+.009,-.069,7.0,7.35,58.27,"27' 0""","25' 0""",51.6,48.4,82.39,"34' 4""","17' 3"""
33122,Russell Knox,Scotland,2022,70.603,.143,293.7,66.91,71.41,.450,-.417,.139,.559,58.08,3.38,23.38,9.46,13.45,+.103,+.118,6.0,5.29,65.77,"21' 11""","23' 4""",40.7,59.3,85.40,"30' 7""","18' 10"""
46414,Aaron Rai,England,2022,70.637,.383,295.4,67.37,68.79,.301,-.106,.146,.490,60.20,3.51,25.28,12.54,12.44,+.099,+.016,4.0,3.49,67.52,"23' 7""","24' 9""",50.7,49.3,86.48,"32' 10""","20' 6"""
35506,Mackenzie Hughes,Canada,2022,70.640,.302,298.0,57.53,62.80,-.206,.509,-.289,-.207,59.74,3.60,33.55,16.02,16.77,+.077,+.074,5.2,5.16,56.88,"27' 6""","25' 5""",48.6,51.4,78.85,"33' 4""","18' 10"""
39324,J.J. Spaun,United States,2022,70.669,.308,294.7,64.11,67.02,.127,.100,.124,.208,60.11,3.81,26.67,10.08,15.83,+.167,+.121,6.8,4.62,62.68,"23' 9""","23' 8""",40.3,59.7,82.59,"33' 3""","19' 0"""
27129,Luke List,United States,2022,70.679,.476,314.8,55.12,69.72,.594,-.895,.677,1.371,57.34,3.66,32.23,16.39,15.29,+.086,+.013,7.9,5.17,55.23,"32' 6""","26' 6""",51.3,48.7,82.76,"32' 10""","18' 4"""
29518,Brendan Steele,United States,2022,70.679,.343,307.8,61.39,69.33,.325,-.541,.694,.884,60.55,3.44,27.64,12.20,15.45,+.105,+.067,5.2,3.72,63.41,"25' 6""","24' 2""",45.1,54.9,82.91,"32' 5""","16' 6"""
45609,Tyler Duncan,United States,2022,70.696,.407,295.1,68.90,67.68,.133,-.092,.330,.499,62.47,3.82,24.25,10.28,13.97,+.112,+.120,4.1,2.35,69.27,"22' 9""","23' 2""",43.1,56.9,84.76,"31' 7""","17' 6"""
45157,Cam Davis,Australia,2022,70.714,.542,308.5,55.74,65.31,.269,.096,.138,.446,59.57,4.00,32.48,13.43,19.05,+.120,E,7.2,4.38,55.90,"32' 9""","25' 0""",42.9,57.1,78.43,"30' 7""","17' 2"""
35310,Lanto Griffin,United States,2022,70.735,.292,301.6,58.31,65.46,.438,.121,.012,.171,59.38,3.85,30.33,12.33,18.01,+.065,+.017,6.2,4.72,58.74,"25' 8""","25' 10""",40.6,59.4,81.71,"34' 7""","17' 7"""
34174,John Huh,United States,2022,70.737,.276,292.0,66.44,66.82,.171,-.011,-.012,.287,59.50,3.97,27.68,13.01,14.68,+.065,+.183,4.9,2.74,64.68,"23' 5""","23' 5""",46.9,53.1,84.05,"31' 11""","13' 8"""
33419,Cameron Tringale,United States,2022,70.761,.269,301.9,58.59,67.45,.294,.007,-.135,.262,57.88,3.76,30.97,15.01,15.58,+.006,+.082,6.4,5.19,57.79,"24' 3""","24' 9""",49.9,50.1,81.73,"32' 6""","18' 7"""
23320,Ryan Palmer,United States,2022,70.763,.142,305.6,56.76,66.75,-.056,-.314,.404,.457,56.86,3.52,28.84,13.75,14.29,+.160,+.020,5.9,7.82,58.22,"27' 10""","23' 5""",50.9,49.1,82.16,"32' 1""","16' 7"""
51766,Wyndham Clark,United States,2022,70.771,.231,319.0,52.64,65.23,-.375,.358,.209,-.127,60.79,3.73,31.86,13.72,17.58,+.016,+.027,5.4,10.06,53.29,"37' 11""","24' 9""",47.0,53.0,79.08,"33' 9""","17' 7"""
30944,Jason Kokrak,United States,2022,70.778,.337,309.2,61.31,65.30,.026,.252,.117,.085,60.63,3.72,28.69,12.84,14.89,+.028,+.011,5.2,7.10,59.97,"31' 3""","28' 9""",46.2,53.8,82.87,"35' 3""","16' 10"""
32816,Satoshi Kodaira,Japan,2022,70.785,.046,286.5,71.88,66.99,.118,-.021,.159,.067,57.76,3.86,20.95,8.80,12.15,+.159,+.220,4.0,1.58,73.42,"20' 3""","26' 3""",45.9,54.1,86.65,"33' 0""","17' 5"""
51634,Sahith Theegala,United States,2022,70.788,.339,304.3,54.04,66.47,.185,-.043,.030,.382,63.05,3.83,34.57,15.66,18.91,-.016,-.010,7.4,3.57,54.42,"31' 1""","24' 6""",47.2,52.8,80.55,"32' 9""","18' 3"""
48699,Callum Tarren,England,2022,70.801,.208,312.4,51.83,66.91,.197,-.013,.122,.222,57.18,3.74,39.30,19.97,18.41,+.028,+.013,5.6,5.35,50.65,"29' 6""","25' 7""",52.0,48.0,80.31,"31' 10""","17' 4"""
36326,David Lipsky,United States,2022,70.802,.346,295.2,65.24,68.12,.354,-.036,.001,.382,56.83,3.65,27.42,11.85,15.18,+.103,+.149,5.4,3.43,64.15,"20' 6""","22' 10""",46.5,53.5,84.22,"33' 5""","15' 0"""
29908,C.T. Pan,Chinese Taipei,2022,70.803,.276,296.7,62.26,66.53,.200,.022,-.027,.254,60.12,3.67,28.43,12.68,15.75,+.123,+.081,6.1,3.68,61.76,"25' 8""","24' 3""",46.6,53.4,82.89,"32' 9""","16' 11"""
28089,Jason Day,Australia,2022,70.806,.201,301.6,61.19,64.72,-.137,.089,.018,.112,59.94,3.91,27.56,13.64,13.92,+.010,+.208,7.4,4.55,60.51,"27' 7""","23' 11""",52.3,47.7,80.91,"35' 6""","20' 1"""
23621,Rory Sabbatini,Slovakia,2022,70.836,.263,290.0,61.33,63.94,-.337,.336,-.087,-.073,59.10,3.82,27.34,10.94,16.40,E,+.197,7.5,4.17,61.01,"24' 11""","24' 9""",43.9,56.1,80.73,"34' 9""","16' 3"""
36799,Stephan Jaeger,Germany,2022,70.841,.107,293.0,57.02,63.46,.177,.027,-.506,.080,60.11,3.74,30.65,14.83,15.13,+.104,+.086,5.6,6.97,57.47,"32' 2""","24' 2""",51.5,48.5,79.23,"33' 6""","17' 5"""
47988,Nick Hardy,United States,2022,70.845,.115,305.7,57.73,68.74,-.134,.175,.386,-.059,54.82,3.80,33.39,13.80,19.58,+.164,+.058,5.1,3.69,57.78,"27' 2""","24' 7""",39.1,60.9,82.70,"33' 2""","21' 6"""
34076,Joel Dahmen,United States,2022,70.855,-.021,292.1,67.88,67.91,.195,-.126,.140,.105,55.40,3.84,23.81,12.24,11.01,+.129,+.171,4.6,3.61,68.50,"21' 4""","25' 0""",54.6,45.4,85.12,"32' 7""","16' 9"""
31420,Anirban Lahiri,India,2022,70.869,.231,298.2,61.90,64.89,-.180,-.181,.448,.413,59.12,3.49,27.74,10.61,16.55,+.106,+.110,7.5,3.73,61.66,"22' 8""","24' 3""",39.8,60.2,81.10,"32' 9""","18' 11"""
40115,Adam Svensson,Canada,2022,70.877,.193,293.4,64.10,67.44,.331,.044,-.005,.148,56.48,4.04,28.07,13.04,15.03,+.011,+.159,6.0,2.59,63.39,"22' 10""","22' 10""",47.7,52.3,83.35,"32' 3""","17' 5"""
26300,Matt Jones,Australia,2022,70.879,.394,306.5,54.18,65.57,.107,-.447,.253,.841,60.05,3.79,32.24,14.77,17.47,+.049,-.019,8.2,5.11,54.40,"28' 1""","27' 9""",48.9,51.1,80.68,"33' 9""","14' 9"""
23983,Luke Donald,England,2022,70.882,.056,286.5,56.96,65.17,.451,.128,-.840,-.072,59.76,3.66,28.96,14.88,13.40,+.051,+.064,8.5,7.04,56.16,"30' 9""","25' 2""",53.8,46.2,80.26,"32' 1""","17' 5"""
48117,Kurt Kitayama,United States,2022,70.882,.290,310.8,51.89,65.79,.149,-.017,.142,.307,58.47,3.81,31.96,13.25,17.67,+.075,+.011,5.2,9.43,54.49,"35' 7""","23' 10""",40.0,60.0,78.61,"31' 2""","18' 11"""
54628,Lee Hodges,United States,2022,70.889,.132,300.3,61.69,69.12,.256,-.245,.119,.377,58.61,3.56,31.27,14.41,16.86,+.176,+.152,3.7,3.14,61.92,"27' 7""","24' 3""",45.7,54.3,83.37,"32' 2""","22' 5"""
27214,Kevin Streelman,United States,2022,70.901,.397,295.8,69.48,66.48,.054,-.091,.304,.488,64.41,3.53,21.99,9.68,12.31,+.110,-.047,5.5,2.71,69.77,"23' 10""","23' 11""",45.7,54.3,85.73,"32' 6""","17' 11"""
28775,Nate Lashley,United States,2022,70.902,.290,295.2,63.63,67.69,.093,.206,.017,.084,60.63,4.04,27.45,12.53,14.92,-.032,+.048,6.3,3.34,62.89,"24' 6""","24' 1""",48.5,51.5,85.09,"32' 8""","18' 8"""
34431,Robert Streb,United States,2022,70.906,.047,300.4,59.63,64.32,-.042,-.019,.037,.066,61.35,3.31,29.96,17.22,12.06,+.073,+.090,6.5,4.47,59.73,"26' 11""","23' 4""",59.7,40.3,80.82,"34' 2""","15' 6"""
37455,Si Woo Kim,South Korea,2022,70.916,.227,301.1,64.01,65.59,.072,-.404,.287,.631,61.45,3.85,27.09,9.92,16.57,+.063,+.157,5.5,4.06,63.93,"23' 6""","25' 8""",37.7,62.3,82.87,"33' 9""","18' 0"""
45526,Abraham Ancer,Mexico,2022,70.917,.139,297.1,70.54,66.86,.026,.165,.395,-.026,60.69,3.84,22.27,7.79,14.49,+.258,+.100,5.1,2.49,70.09,"20' 7""","25' 11""",36.1,63.9,87.78,"33' 5""","17' 10"""
51894,Vince Whaley,United States,2022,70.923,-.076,302.0,51.57,63.79,-.466,.341,-.052,-.417,58.12,4.14,35.13,18.22,16.90,+.143,+.030,7.0,6.04,51.81,"33' 1""","26' 0""",51.7,48.3,77.57,"34' 5""","19' 5"""
19803,Ryan Armour,United States,2022,70.924,.237,286.3,73.95,67.56,.122,-.082,.280,.320,61.30,3.20,20.32,9.86,9.27,+.021,+.340,2.6,3.55,74.75,"21' 10""","24' 3""",49.5,50.5,87.41,"31' 1""","21' 9"""
23325,Vaughn Taylor,United States,2022,70.928,-.056,284.7,68.12,66.56,.386,-.330,-.150,.274,63.64,3.77,26.32,13.61,12.70,+.171,+.080,4.0,1.81,67.88,"20' 4""","24' 4""",53.8,46.2,85.56,"30' 10""","16' 7"""
25493,Nick Taylor,Canada,2022,70.930,-.072,296.1,58.29,65.21,.015,-.102,-.036,.030,60.07,3.49,31.23,16.32,14.11,+.057,+.172,7.8,5.31,56.46,"27' 7""","23' 11""",55.6,44.4,79.14,"33' 9""","17' 3"""
49947,Taylor Moore,United States,2022,70.939,.123,302.0,61.76,68.25,-.196,-.027,.243,.150,58.75,4.01,28.45,12.88,15.57,+.101,-.029,6.3,3.61,61.63,"24' 2""","25' 6""",43.7,56.3,83.75,"33' 3""","15' 8"""
24361,Pat Perez,United States,2022,70.941,.402,287.2,59.09,64.25,.199,.145,-.402,.257,61.90,3.77,30.33,15.88,14.45,+.069,E,5.3,4.58,59.80,"27' 6""","23' 5""",52.6,47.4,80.77,"35' 11""","14' 8"""
22056,Cameron Percy,Australia,2022,70.947,-.062,292.3,61.41,66.79,-.078,-.136,.021,.074,60.84,3.80,30.45,15.45,15.00,+.015,-.118,5.5,3.86,60.23,"24' 10""","22' 1""",48.5,51.5,84.56,"32' 9""","18' 0"""
31646,Emiliano Grillo,Argentina,2022,70.965,.448,305.6,64.07,67.92,.043,-.022,.480,.470,57.94,4.05,24.97,12.38,12.59,+.017,-.017,7.3,2.91,64.83,"27' 5""","23' 5""",52.6,47.4,84.05,"30' 8""","20' 11"""
29478,Kevin Kisner,United States,2022,70.966,.387,290.4,65.52,67.17,-.171,.561,-.317,-.174,59.74,3.83,25.26,12.17,13.09,+.140,+.140,6.0,2.88,65.84,"24' 3""","26' 2""",48.8,51.2,84.21,"33' 9""","20' 8"""
32448,James Hahn,United States,2022,70.973,-.058,302.8,61.48,65.81,.013,-.278,.286,.220,60.87,3.39,29.16,13.86,15.30,+.063,-.009,5.7,4.46,60.72,"26' 0""","23' 9""",46.1,53.9,83.84,"34' 6""","14' 10"""
35461,Beau Hossler,United States,2022,70.980,.071,309.3,52.09,63.49,-.666,.717,-.121,-.646,58.70,3.47,34.30,20.49,13.81,+.032,+.130,6.2,6.46,53.01,"32' 5""","25' 7""",57.2,42.8,78.86,"36' 6""","20' 0"""
32102,Rickie Fowler,United States,2022,70.987,-.162,309.4,57.91,62.21,-.161,-.253,-.022,.092,56.94,3.45,28.11,11.58,15.80,+.122,+.094,6.2,8.69,57.78,"30' 2""","25' 1""",41.8,58.2,76.47,"31' 3""","16' 7"""
51890,Greyson Sigg,United States,2022,70.994,-.049,294.9,62.87,68.09,.056,-.051,.017,.002,61.12,3.67,28.13,12.30,15.83,+.089,+.131,7.3,2.62,62.00,"26' 4""","24' 8""",45.0,55.0,85.08,"33' 11""","17' 7"""
52374,Brandon Wu,United States,2022,71.006,-.195,295.3,62.12,69.22,-.019,-.065,.165,-.130,57.80,3.74,28.44,11.05,16.58,+.033,+.110,4.7,5.53,62.13,"24' 7""","24' 5""",42.6,57.4,84.52,"33' 8""","16' 9"""
46601,Trey Mullinax,United States,2022,71.008,.197,317.2,54.86,66.73,.021,-.158,.451,.354,58.45,4.04,35.33,17.56,17.78,+.038,E,5.4,5.22,54.00,"34' 5""","24' 10""",49.0,51.0,79.70,"32' 11""","17' 2"""
29970,Dylan Frittelli,South Africa,2022,71.013,-.041,304.1,50.50,64.64,-.007,.061,-.192,-.102,59.29,3.56,33.27,16.11,16.68,+.045,-.006,7.2,9.29,50.71,"32' 10""","26' 10""",48.3,51.7,77.33,"34' 6""","15' 9"""
26476,Chez Reavie,United States,2022,71.039,-.184,283.9,70.43,66.54,.467,-.368,-.209,.184,60.35,3.44,23.16,10.27,12.89,+.135,+.198,4.6,2.03,70.25,"20' 8""","23' 10""",46.7,53.3,85.81,"32' 2""","18' 11"""
55708,Hayden Buckley,United States,2022,71.041,.139,300.1,67.51,69.54,.086,-.308,.568,.447,56.71,3.57,24.55,10.59,13.96,+.141,+.248,5.9,2.25,67.29,"21' 1""","23' 3""",46.2,53.8,86.32,"32' 8""","18' 0"""
52375,Doug Ghim,United States,2022,71.056,-.157,295.6,64.22,66.47,.158,-.405,.135,.248,60.95,3.29,23.69,12.40,10.69,+.132,+.122,5.5,6.55,64.82,"26' 0""","23' 2""",52.7,47.3,83.45,"32' 5""","18' 0"""
34466,Peter Malnati,United States,2022,71.059,.080,297.1,55.22,64.29,-.023,.204,-.268,-.124,58.91,3.93,30.73,13.52,17.21,+.024,+.161,7.3,5.37,56.59,"31' 3""","24' 11""",44.7,55.3,78.35,"34' 0""","18' 3"""
37275,Sam Ryder,United States,2022,71.064,-.028,294.0,59.74,65.66,.062,.109,-.153,-.137,57.72,3.74,29.32,12.21,17.11,+.195,+.061,7.5,2.87,60.31,"25' 4""","23' 6""",42.6,57.4,80.85,"32' 4""","17' 11"""
39953,Chase Seiffert,United States,2022,71.067,-.289,289.7,63.37,66.01,.186,-.479,.003,.189,59.62,3.39,30.45,11.20,19.25,+.153,+.070,5.1,1.96,62.48,"23' 1""","25' 1""",40.6,59.4,85.15,"32' 4""","15' 9"""
32150,Michael Thompson,United States,2022,71.070,-.110,287.9,65.87,64.09,-.133,.146,-.255,-.257,62.43,3.76,25.02,10.36,14.66,+.013,+.160,6.0,3.23,65.79,"24' 7""","24' 1""",45.6,54.4,83.75,"33' 2""","21' 4"""
29926,Danny Lee,New Zealand,2022,71.072,-.654,297.8,55.43,61.86,-.085,-.263,.072,-.391,56.02,3.90,32.11,14.68,17.43,+.189,+.075,6.8,5.14,55.96,"27' 0""","22' 1""",46.6,53.4,79.53,"33' 9""","18' 9"""
24138,Ian Poulter,England,2022,71.078,.283,295.6,62.10,62.25,-.217,.468,-.219,-.185,61.20,3.61,21.80,8.80,11.47,-.033,+.043,9.2,8.60,61.95,"30' 8""","24' 10""",45.0,55.0,80.97,"35' 0""","14' 11"""
25818,Scott Piercy,United States,2022,71.084,.012,295.8,56.73,62.63,-.217,.026,.022,-.014,59.85,3.68,32.72,11.30,21.41,+.127,+.106,6.5,4.13,56.63,"25' 9""","24' 2""",37.0,63.0,78.27,"34' 11""","15' 9"""
49298,Kramer Hickok,United States,2022,71.087,-.285,294.5,65.76,65.93,.041,-.274,.232,-.010,57.17,3.37,25.66,9.93,15.73,+.125,+.040,4.7,3.64,65.98,"24' 5""","24' 8""",39.8,60.2,83.36,"34' 8""","15' 8"""
40162,Justin Lower,United States,2022,71.093,-.261,294.2,60.26,67.36,.093,.252,-.334,-.512,58.39,3.88,30.19,11.99,18.19,+.111,+.169,4.9,4.04,60.92,"28' 2""","24' 8""",40.3,59.7,82.48,"32' 1""","14' 8"""
49766,Hank Lebioda,United States,2022,71.098,.061,294.2,62.12,65.63,.085,.195,-.235,-.134,61.01,3.65,28.40,10.93,17.47,+.067,+.078,6.3,4.07,61.20,"28' 9""","25' 5""",39.5,60.5,80.92,"34' 5""","17' 6"""
50095,Austin Smotherman,United States,2022,71.106,.222,304.6,63.10,68.47,.412,-.262,.428,.484,57.21,3.75,26.79,13.97,12.82,+.108,+.174,5.9,3.46,63.86,"27' 0""","25' 2""",51.8,48.2,82.63,"31' 6""","18' 4"""
32139,Danny Willett,England,2022,71.114,.004,297.2,61.55,64.52,-.458,-.066,.016,.070,60.61,3.47,28.86,12.44,15.09,+.066,+.107,7.0,6.80,58.71,"30' 3""","23' 7""",46.0,54.0,80.25,"33' 1""","19' 6"""
20229,Stewart Cink,United States,2022,71.118,-.252,306.2,59.81,68.25,-.013,-.090,.100,-.162,51.82,3.66,28.42,13.59,14.32,+.087,+.061,5.8,6.12,60.17,"30' 6""","26' 3""",49.9,50.1,82.88,"31' 7""","15' 2"""
47347,Adam Schenk,United States,2022,71.118,-.233,304.0,56.25,64.44,.152,.053,-.052,-.286,57.99,3.42,32.39,14.84,17.56,+.107,+.133,5.9,5.26,56.43,"29' 4""","25' 1""",44.7,55.3,80.45,"33' 11""","19' 7"""
49960,Sepp Straka,Austria,2022,71.119,-.029,303.0,59.87,66.55,-.247,.285,.023,-.314,57.97,3.56,27.78,11.70,15.41,+.191,+.073,6.9,5.04,60.89,"28' 2""","22' 8""",43.2,56.8,80.85,"32' 11""","17' 10"""
24925,Jonathan Byrd,United States,2022,71.135,-.114,292.9,61.31,66.18,-.003,.097,-.591,-.211,65.42,3.49,26.95,12.54,14.41,+.024,+.135,6.1,5.42,61.53,"33' 0""","24' 6""",44.8,55.2,82.17,"34' 5""","14' 4"""
35879,Kelly Kraft,United States,2022,71.144,-.121,289.3,66.56,63.45,-.323,.572,-.102,-.693,57.27,3.68,25.61,11.78,13.83,+.111,+.163,4.0,3.71,66.71,"23' 3""","26' 5""",48.0,52.0,83.18,"33' 8""","17' 9"""
24024,Zach Johnson,United States,2022,71.174,-.203,287.1,63.65,64.58,-.159,.183,-.338,-.386,55.39,3.42,28.03,10.92,17.11,+.208,+.133,5.5,3.42,63.03,"25' 6""","25' 9""",40.7,59.3,79.98,"32' 9""","15' 6"""
39058,Lucas Herbert,Australia,2022,71.179,-.280,307.3,50.78,57.82,-.979,.853,-.247,-1.132,60.73,3.74,34.80,14.06,19.51,+.171,+.013,6.3,8.61,51.49,"38' 0""","28' 5""",44.0,56.0,74.02,"37' 1""","19' 9"""
47983,Chad Ramey,United States,2022,71.208,-.510,288.9,64.93,65.91,.053,-.205,-.192,-.306,55.36,3.84,28.03,11.18,16.84,+.125,+.129,6.2,3.55,62.24,"25' 2""","23' 2""",41.3,58.7,83.25,"32' 11""","16' 8"""
36689,Brooks Koepka,United States,2022,71.234,.124,311.9,53.41,63.16,-.064,.262,.210,-.137,56.39,3.83,33.89,15.46,18.44,+.030,+.048,6.1,6.52,53.45,"32' 9""","27' 6""",41.9,58.1,78.48,"33' 9""","17' 10"""
24924,Bill Haas,United States,2022,71.255,-.290,300.5,55.75,64.69,-.513,.151,-.276,-.440,63.46,3.42,31.14,12.50,18.64,-.006,-.009,8.3,4.53,56.03,"33' 1""","24' 8""",42.0,58.0,80.13,"37' 6""","17' 5"""
25198,Francesco Molinari,Italy,2022,71.263,.053,295.4,61.21,63.42,-.142,.126,-.267,-.073,57.31,3.72,29.38,12.20,16.32,+.253,+.141,6.5,5.84,59.11,"24' 9""","26' 6""",43.7,56.3,79.33,"35' 6""","19' 3"""
25900,Lucas Glover,United States,2022,71.270,-.195,297.5,67.54,68.28,.368,-.568,.230,.373,54.43,3.71,23.34,10.82,12.10,+.183,+.126,7.0,3.32,66.78,"21' 5""","24' 6""",46.4,53.6,84.73,"30' 2""","16' 6"""
32757,Patton Kizzire,United States,2022,71.285,-.143,303.7,55.89,65.56,.213,-.136,-.160,-.007,59.50,3.72,31.60,13.24,18.36,+.014,+.067,6.5,5.91,55.96,"30' 7""","24' 2""",42.5,57.5,80.81,"33' 7""","18' 6"""
32662,Michael Gligic,Canada,2022,71.296,-.101,301.2,59.35,67.29,-.087,-.084,.168,-.017,59.09,3.69,30.03,10.43,19.59,+.084,+.049,6.1,3.82,60.05,"27' 11""","23' 11""",35.6,64.4,82.10,"33' 8""","15' 10"""
51997,Andrew Novak,United States,2022,71.303,-.322,297.1,56.33,65.06,.164,-.430,-.080,.109,62.13,3.59,33.42,11.75,20.63,+.013,+.056,7.0,5.22,55.35,"25' 9""","25' 9""",38.1,61.9,81.54,"33' 8""","15' 0"""
31560,Brian Stuard,United States,2022,71.332,-.656,277.4,71.32,64.98,.021,-.349,-.475,-.307,61.85,3.29,21.92,9.27,12.64,+.192,+.148,3.9,3.06,71.13,"24' 0""","24' 5""",41.2,58.8,86.03,"34' 7""","17' 7"""
30163,Henrik Norlander,Sweden,2022,71.365,-.478,291.0,62.35,68.13,.158,-.476,-.222,-.002,57.63,3.36,28.62,12.92,15.70,+.185,+.065,4.7,3.74,62.92,"26' 8""","24' 7""",48.3,51.7,83.33,"31' 7""","13' 11"""
56278,Matthew Wolff,United States,2022,71.375,-.259,318.4,50.00,62.17,-.632,.423,-.234,-.683,55.31,3.81,37.07,11.20,25.87,+.030,+.121,6.0,8.49,48.46,"37' 3""","27' 3""",36.6,63.4,74.92,"33' 0""","22' 9"""
29535,Brice Garnett,United States,2022,71.376,-.104,293.7,67.26,67.17,-.266,.003,.042,-.107,63.08,3.47,25.15,12.34,12.81,+.037,+.165,4.8,2.63,67.43,"22' 2""","23' 7""",49.6,50.4,84.48,"34' 8""","18' 11"""
36884,Ben Kohles,United States,2022,71.385,-.520,287.3,60.69,67.46,.130,.215,-.546,-.735,55.01,3.86,29.61,13.27,16.34,+.040,+.110,5.3,4.53,60.52,"26' 9""","25' 0""",50.2,49.8,82.06,"32' 0""","17' 8"""
48887,Matt Wallace,England,2022,71.400,-.685,303.7,58.98,65.97,-.109,-.003,-.450,-.681,54.81,3.57,28.32,14.88,12.43,+.116,+.117,5.6,7.23,59.83,"31' 2""","25' 1""",56.3,43.7,80.60,"34' 1""","15' 10"""
40006,Erik van Rooyen,South Africa,2022,71.453,-.292,299.4,61.41,65.05,.411,-.333,.090,.041,51.66,3.63,26.03,12.84,12.16,+.141,+.053,5.0,7.19,62.84,"24' 8""","24' 9""",50.6,49.4,80.18,"31' 11""","15' 7"""
53165,Doc Redman,United States,2022,71.467,-.264,294.8,60.18,67.30,.146,.125,-.114,-.389,56.34,3.61,29.05,14.35,14.70,+.016,+.144,4.9,5.17,60.85,"27' 7""","23' 4""",51.5,48.5,82.65,"33' 4""","17' 10"""
34264,Hudson Swafford,United States,2022,71.490,-.314,307.4,60.76,66.75,.438,.002,-.008,-.316,54.05,4.03,28.53,11.38,17.15,+.133,+.013,4.9,6.98,59.64,"28' 3""","24' 6""",45.3,54.7,82.62,"33' 3""","16' 3"""
29289,S.Y. Noh,South Korea,2022,71.496,-.368,299.2,50.29,67.11,.147,.327,-1.137,-.695,55.76,3.87,36.12,16.09,20.03,+.016,-.061,6.4,9.52,47.95,"38' 10""","24' 10""",44.6,55.4,79.91,"33' 8""","14' 5"""
24980,Scott Gutschewski,United States,2022,71.510,-.258,296.9,58.79,68.45,.264,-.335,-.164,.077,59.43,3.52,32.76,13.79,18.97,+.051,+.056,6.1,3.07,58.05,"27' 2""","24' 3""",44.9,55.1,82.54,"31' 1""","16' 5"""
12716,Charley Hoffman,United States,2022,71.510,-.593,309.6,50.32,65.22,-.107,-.434,.008,-.159,56.48,3.71,33.88,11.69,21.37,+.077,+.091,5.5,9.68,51.71,"30' 1""","22' 5""",35.5,64.5,76.58,"32' 3""","18' 5"""
52372,Cameron Champ,United States,2022,71.527,-.082,321.4,57.79,67.16,-.178,-.177,.637,.095,55.59,3.73,33.80,17.21,16.59,+.196,-.027,5.7,3.26,57.21,"30' 4""","26' 10""",49.6,50.4,82.37,"33' 6""","19' 9"""
46435,Austin Cook,United States,2022,71.543,-.281,285.5,66.98,64.01,-.272,.327,-.348,-.608,62.19,3.48,24.62,12.18,12.45,+.022,+.146,5.7,3.42,66.21,"27' 6""","24' 10""",51.9,48.1,84.12,"33' 6""","16' 10"""
32333,Kevin Tway,United States,2022,71.554,-.572,310.2,50.79,64.79,-.654,.129,-.105,-.701,58.20,3.40,34.17,16.70,17.47,+.038,+.098,7.0,7.86,50.98,"35' 10""","24' 2""",49.8,50.2,77.96,"37' 4""","15' 10"""
51950,Max McGreevy,United States,2022,71.556,-.662,289.8,63.62,63.58,-.225,-.129,-.316,-.533,57.63,3.63,27.66,12.47,15.19,+.128,+.052,4.9,3.90,63.51,"27' 9""","23' 10""",46.9,53.1,82.21,"35' 3""","16' 8"""
34563,Chesson Hadley,United States,2022,71.565,-.173,301.8,55.45,65.35,-.003,.511,-.433,-.684,59.12,3.73,30.96,15.59,15.37,E,+.058,5.6,7.68,55.71,"29' 8""","24' 3""",55.8,44.2,79.57,"32' 9""","17' 2"""
36852,Jim Knous,United States,2022,71.566,-.312,299.0,55.73,63.18,-.555,.231,-.290,-.543,61.24,3.78,31.90,17.18,14.72,-.014,+.095,5.5,4.70,57.87,"33' 9""","24' 7""",52.3,47.7,77.79,"32' 5""","19' 8"""
33486,Roger Sloan,Canada,2022,71.569,-.571,296.2,58.02,63.55,-.241,-.103,-.232,-.467,55.53,3.78,30.64,12.23,18.41,+.026,+.078,3.6,6.53,59.26,"33' 9""","25' 0""",40.3,59.7,79.90,"34' 8""","16' 5"""
33597,Harry Higgs,United States,2022,71.606,-.824,301.8,55.52,61.39,-.600,.215,-.350,-1.039,60.61,3.15,34.74,16.07,18.66,+.087,+.087,5.0,5.83,54.48,"30' 4""","25' 8""",46.8,53.2,78.75,"34' 4""","20' 11"""
45540,Jared Wolfe,United States,2022,71.611,-.644,309.6,55.66,68.64,-.189,-.157,-.079,-.487,57.96,3.49,32.45,15.06,17.39,+.098,+.041,6.1,6.83,54.66,"32' 1""","26' 4""",48.9,51.1,80.39,"33' 2""","15' 5"""
30978,Kiradech Aphibarnrat,Thailand,2022,71.616,-.674,293.0,65.39,63.94,-.409,-.032,.015,-.642,57.56,3.64,24.04,10.38,12.31,-.016,+.130,5.0,5.58,66.73,"24' 8""","27' 6""",46.2,53.8,82.63,"33' 9""","17' 11"""
34255,Joseph Bramlett,United States,2022,71.619,-.540,318.3,52.45,68.86,.125,-.951,.332,.411,52.86,3.67,36.81,16.15,20.66,+.043,+.054,4.3,6.59,52.31,"35' 6""","27' 10""",46.7,53.3,81.30,"31' 11""","17' 2"""
54783,Dylan Wu,United States,2022,71.628,-.640,296.5,58.86,66.58,-.204,-.060,-.239,-.580,57.32,3.34,29.34,18.23,11.11,+.192,+.109,7.8,4.70,58.12,"29' 6""","24' 11""",60.7,39.3,82.06,"34' 7""","16' 2"""
33667,Carlos Ortiz,Mexico,2022,71.632,-.622,303.4,56.89,63.39,-.141,-.061,-.069,-.561,55.72,3.77,30.56,13.24,17.32,+.073,+.096,7.0,5.21,57.18,"31' 1""","26' 7""",46.7,53.3,79.22,"32' 11""","17' 0"""
27649,Brandt Snedeker,United States,2022,71.691,-.618,287.1,62.15,66.20,-.081,-.223,-.355,-.395,57.10,3.36,26.71,12.61,14.09,+.211,+.176,6.2,3.86,63.20,"27' 1""","24' 11""",47.5,52.5,81.07,"34' 3""","17' 9"""
27770,Camilo Villegas,Colombia,2022,71.708,-.626,290.9,58.17,65.62,.017,-.611,-.331,-.015,54.80,3.48,32.34,17.95,14.39,+.099,+.103,6.3,4.27,57.12,"26' 4""","24' 1""",55.5,44.5,82.73,"33' 1""","17' 11"""
37212,Paul Barjon,France,2022,71.752,-.605,309.4,58.82,65.49,-.245,-.073,.454,-.531,51.47,3.68,31.79,15.72,16.07,+.122,+.051,5.3,4.28,58.61,"30' 3""","25' 4""",48.7,51.3,82.36,"32' 11""","21' 9"""
31557,Jim Herman,United States,2022,71.791,-.991,291.8,68.27,67.65,-.259,-.460,-.035,-.531,56.57,3.22,25.46,11.97,13.49,+.238,+.127,4.6,2.36,67.62,"22' 5""","23' 11""",52.4,47.6,84.99,"33' 10""","16' 11"""
10381,Curtis Thompson,United States,2022,71.839,-.852,309.2,53.33,63.11,-.505,-.019,-.029,-.833,59.06,3.45,35.29,19.50,15.80,+.170,+.034,5.9,5.71,53.11,"36' 3""","25' 4""",55.8,44.2,77.68,"35' 5""","17' 11"""
35617,Martin Trainer,France,2022,71.841,-.885,305.5,54.12,63.53,-.938,.520,-.340,-1.405,56.45,3.56,34.49,18.44,16.05,+.022,+.084,5.9,6.23,53.41,"33' 9""","25' 7""",53.2,46.8,77.66,"37' 1""","19' 2"""
27139,David Skinns,England,2022,71.907,-.708,301.8,51.15,64.06,-.090,.156,-.819,-.864,53.86,3.77,36.39,18.76,17.63,+.032,+.038,4.8,7.33,51.48,"33' 10""","24' 7""",51.5,48.5,77.81,"34' 6""","14' 7"""
32366,Kevin Chappell,United States,2022,71.909,-.848,310.1,51.76,66.46,-.590,-.085,.001,-.764,51.20,3.80,32.28,14.48,17.80,-.028,+.126,7.2,7.32,53.24,"34' 2""","24' 1""",45.6,54.4,80.49,"32' 6""","16' 0"""
27974,Sung Kang,South Korea,2022,71.923,-.879,293.9,60.94,66.04,-.488,.133,-.386,-1.012,57.06,3.78,29.03,12.44,16.59,+.050,-.029,5.1,4.50,61.37,"28' 8""","24' 8""",44.4,55.6,81.56,"35' 4""","20' 11"""
33490,Bo Hoag,United States,2022,71.970,-.866,294.9,60.06,65.42,-.306,-.122,-.237,-.744,54.75,3.20,30.33,16.63,13.70,+.100,+.247,6.1,3.52,60.08,"23' 11""","25' 4""",53.4,46.6,80.76,"35' 6""","16' 10"""
47856,Seth Reeves,United States,2022,72.005,-.763,309.4,59.94,66.33,-.533,-.276,.475,-.487,53.94,3.87,30.24,16.08,14.16,-.094,+.147,4.1,5.46,60.18,"27' 4""","25' 11""",54.1,45.9,84.21,"33' 5""","21' 9"""
27095,Nick Watney,United States,2022,72.038,-.914,301.2,53.74,66.81,.131,-.186,-.553,-.728,54.41,3.26,32.95,13.11,18.81,+.048,+.139,6.0,8.10,53.93,"33' 8""","24' 8""",43.0,57.0,80.23,"34' 0""","15' 9"""
46550,Brandon Hagy,United States,2022,72.071,-1.046,317.9,48.18,62.54,-.539,-.296,.079,-.750,53.23,3.72,37.70,16.60,21.10,+.130,+.060,5.5,7.74,49.06,"38' 5""","25' 8""",44.6,55.4,76.79,"35' 0""","20' 3"""
25686,Jason Dufner,United States,2022,72.076,-1.087,292.1,59.37,64.11,-.085,-.701,-.287,-.386,54.80,3.38,31.84,13.78,18.06,+.103,+.122,6.9,2.42,58.85,"24' 11""","23' 11""",42.9,57.1,81.56,"31' 3""","18' 2"""
48084,Wesley Bryan,United States,2022,72.093,-1.125,297.2,51.79,61.00,.161,.016,-1.574,-1.141,60.17,3.45,35.28,13.45,21.83,+.125,-.014,5.8,7.99,50.88,"41' 2""","25' 3""",39.1,60.9,75.89,"32' 10""","14' 2"""
54421,Garrick Higgo,South Africa,2022,72.172,-.980,305.0,56.97,63.79,-.155,-.303,-.128,-.677,45.77,3.55,26.00,14.55,10.36,+.140,+.288,7.5,8.18,59.45,"37' 4""","25' 11""",53.3,46.7,76.16,"33' 6""","18' 2"""
28114,Dawie van der Walt,South Africa,2022,72.198,-.880,298.2,59.49,63.80,-.240,-.227,-.030,-.653,53.71,3.56,30.99,14.66,16.34,+.290,+.021,5.0,3.97,60.00,"30' 3""","24' 5""",47.8,52.2,80.79,"34' 11""","18' 10"""
35110,Brett Drewitt,Australia,2022,72.233,-1.364,295.9,56.41,64.66,-.482,-.325,-.726,-1.038,55.83,3.26,31.05,15.79,15.26,+.069,+.178,7.0,4.56,57.37,"29' 10""","24' 3""",52.5,47.5,80.20,"34' 4""","16' 6"""
47128,Richy Werenski,United States,2022,72.310,-1.090,294.9,56.14,62.79,-.513,.248,-.689,-1.339,53.79,3.65,31.65,16.12,15.54,+.028,+.143,5.2,6.33,56.83,"30' 3""","25' 8""",54.8,45.2,78.99,"35' 11""","19' 7"""
39436,Joshua Creel,United States,2022,72.388,-.966,284.6,63.59,60.40,-.409,-.074,-.163,-.892,57.91,3.19,27.59,14.68,12.92,+.197,+.067,4.7,3.13,64.58,"22' 6""","27' 6""",53.9,46.1,81.11,"35' 2""","15' 6"""
27895,Jonas Blixt,Sweden,2022,72.679,-1.374,296.6,58.76,58.78,-1.352,.236,-.005,-1.610,53.91,3.32,30.26,16.17,14.09,+.062,+.204,6.3,4.17,59.30,"29' 6""","23' 11""",52.4,47.6,78.58,"37' 0""","22' 5"""
46046,Scottie Scheffler,United States,2023,68.629,2.314,310.3,62.09%,74.43%,1.194,-0.301,1.021,2.615,64.94%,4.41,30.47%,18.75%,11.72%,-.075,-.031,4.7,2.83%,62.01%,"25' 7""","26' 4""",62.3,37.7,85.38%,"30' 11""","13' 4"""
28237,Rory McIlroy,Northern Ireland,2023,68.777,2.102,326.3,53.25%,67.88%,0.721,0.164,0.907,1.938,61.35%,4.30,36.88%,17.63%,19.25%,E,-.028,4.6,5.00%,53.50%,"27' 8""","27' 10""",46.2,53.8,79.60%,"31' 5""","17' 1"""
46970,Jon Rahm,Spain,2023,69.037,1.679,314.0,57.68%,70.50%,0.878,0.336,0.360,1.343,61.54%,4.49,32.89%,16.09%,16.81%,-.007,+.052,7.2,4.92%,54.98%,"23' 4""","26' 10""",50.3,49.7,82.12%,"30' 2""","15' 4"""
46717,Viktor Hovland,Norway,2023,69.123,1.648,307.6,63.70%,68.18%,0.610,0.236,0.741,1.412,62.10%,4.41,27.98%,12.45%,15.53%,+.026,-.017,5.8,3.40%,62.86%,"24' 1""","24' 11""",45.3,54.7,82.99%,"31' 4""","17' 4"""
48081,Xander Schauffele,United States,2023,69.127,1.869,304.1,57.46%,68.45%,0.880,0.667,0.265,1.201,63.04%,4.21,29.39%,16.39%,13.00%,+.036,+.114,7.7,5.27%,57.61%,"30' 3""","25' 0""",53.9,46.1,80.34%,"32' 7""","17' 0"""
35450,Patrick Cantlay,United States,2023,69.190,1.869,308.6,65.51%,69.75%,0.564,0.305,0.852,1.564,63.27%,4.50,26.36%,12.49%,13.87%,-.092,-.009,5.8,3.12%,64.74%,"23' 8""","25' 9""",45.8,54.2,84.69%,"32' 4""","19' 0"""
30911,Tommy Fleetwood,England,2023,69.248,1.699,302.3,61.82%,64.56%,0.462,0.493,0.388,1.205,65.47%,3.95,27.49%,14.27%,13.22%,+.097,+.082,7.1,3.98%,61.40%,"27' 9""","24' 5""",51.6,48.4,81.15%,"33' 5""","14' 11"""
50525,Collin Morikawa,United States,2023,69.429,1.438,296.2,68.03%,70.99%,1.012,-0.109,0.487,1.547,59.81%,4.21,22.72%,10.96%,11.76%,+.059,+.211,6.3,3.00%,67.94%,"19' 4""","24' 11""",51.6,48.4,85.17%,"30' 10""","15' 10"""
34363,Tyrrell Hatton,England,2023,69.435,1.678,306.5,59.41%,66.38%,0.419,0.597,0.533,1.081,63.98%,4.06,29.01%,12.10%,16.90%,-.006,-.018,7.5,4.25%,59.21%,"26' 1""","24' 8""",41.7,58.3,82.47%,"33' 3""","15' 9"""
39977,Max Homa,United States,2023,69.516,1.638,304.8,60.15%,66.86%,0.475,0.612,0.317,1.026,64.52%,4.34,30.03%,13.10%,16.93%,+.006,+.036,7.5,3.18%,59.31%,"28' 1""","24' 9""",46.0,54.0,80.70%,"33' 0""","14' 6"""
32102,Rickie Fowler,United States,2023,69.576,1.426,308.1,58.51%,68.11%,0.740,0.290,0.126,1.136,61.52%,4.16,29.54%,14.23%,15.31%,+.070,+.069,7.0,4.48%,59.00%,"28' 2""","26' 1""",45.8,54.2,80.20%,"33' 3""","17' 0"""
52955,Ludvig Åberg,Sweden,2023,69.603,1.507,317.1,65.47%,73.33%,-0.006,0.322,0.982,1.185,60.83%,4.76,27.80%,13.58%,14.22%,+.056,-.012,5.1,3.51%,63.58%,"27' 7""","23' 3""",49.8,50.2,86.53%,"31' 8""","15' 7"""
51766,Wyndham Clark,United States,2023,69.642,1.201,313.5,54.91%,67.76%,0.436,0.370,0.139,0.831,61.99%,4.11,33.45%,14.83%,18.62%,+.005,-.058,5.3,5.86%,55.34%,"36' 4""","28' 7""",44.2,55.8,80.77%,"33' 7""","16' 7"""
22405,Justin Rose,England,2023,69.693,1.193,295.2,62.67%,65.85%,0.560,0.404,-0.044,0.789,61.96%,4.01,27.22%,16.04%,11.19%,+.060,+.034,7.0,4.31%,61.46%,"28' 5""","23' 1""",57.5,42.5,81.23%,"31' 9""","20' 3"""
47591,Eric Cole,United States,2023,69.757,1.064,299.0,54.27%,65.92%,0.545,0.505,-0.268,0.559,63.39%,4.40,34.58%,19.65%,14.92%,+.058,-.044,7.1,4.86%,53.50%,"29' 10""","25' 7""",56.9,43.1,80.57%,"31' 2""","17' 0"""
34098,Russell Henley,United States,2023,69.759,0.882,290.9,72.57%,69.51%,0.556,-0.121,0.197,1.003,63.99%,3.98,21.79%,11.09%,10.70%,+.193,+.115,5.0,1.77%,71.44%,"21' 3""","25' 4""",51.6,48.4,85.78%,"31' 10""","14' 10"""
47993,Denny McCarthy,United States,2023,69.825,1.004,295.5,61.50%,66.94%,0.102,0.724,0.035,0.280,65.04%,3.87,27.84%,13.76%,14.09%,+.041,+.120,6.4,3.46%,62.27%,"26' 7""","24' 7""",49.2,50.8,82.55%,"34' 7""","16' 10"""
55182,Tom Kim,South Korea,2023,69.832,0.949,297.6,67.49%,69.51%,0.655,0.115,0.128,0.834,61.54%,4.22,25.14%,9.74%,15.41%,+.055,+.078,5.0,3.31%,66.54%,"23' 10""","25' 3""",38.7,61.3,84.90%,"31' 3""","15' 11"""
39971,Sungjae Im,South Korea,2023,69.839,1.049,299.3,62.98%,66.45%,0.095,0.207,0.467,0.842,62.58%,4.13,28.26%,13.12%,15.14%,+.078,+.019,6.7,1.85%,63.16%,"21' 6""","25' 6""",46.0,54.0,81.63%,"33' 10""","14' 4"""
29725,Tony Finau,United States,2023,69.933,1.124,304.2,60.70%,69.11%,0.789,-0.133,0.288,1.257,61.24%,4.15,28.34%,14.07%,14.27%,-.007,+.078,6.6,4.49%,60.58%,"29' 8""","25' 9""",51.2,48.8,81.85%,"31' 11""","17' 5"""
27644,Brian Harman,United States,2023,69.978,0.680,293.6,66.82%,67.62%,0.008,0.399,0.254,0.281,67.34%,3.88,25.07%,12.76%,12.31%,-.022,+.036,7.3,1.64%,66.00%,"21' 3""","24' 4""",53.1,46.9,84.57%,"33' 3""","17' 1"""
52453,Nicolai Hojgaard,Denmark,2023,69.994,0.731,317.7,50.16%,68.96%,0.360,0.415,-0.061,0.315,53.31%,4.17,39.87%,15.47%,24.40%,E,+.070,5.7,5.23%,49.24%,"31' 4""","28' 4""",42.0,58.0,80.13%,"32' 1""","15' 3"""
28089,Jason Day,Australia,2023,70.018,0.855,304.2,61.67%,66.74%,-0.020,0.336,0.346,0.519,63.88%,4.03,26.36%,12.56%,13.80%,-.033,E,7.7,5.09%,60.86%,"27' 11""","24' 8""",51.7,48.3,82.59%,"34' 0""","21' 4"""
33141,Keegan Bradley,United States,2023,70.050,0.885,305.6,58.49%,67.07%,0.237,0.447,0.202,0.438,57.00%,4.17,29.51%,14.81%,14.70%,+.102,+.094,7.9,4.40%,58.15%,"27' 1""","26' 3""",49.7,50.3,80.39%,"32' 2""","16' 11"""
40098,Matt Fitzpatrick,England,2023,70.079,0.921,304.1,56.61%,65.14%,-0.053,0.525,0.211,0.396,64.63%,3.74,31.05%,17.12%,13.93%,-.008,+.020,7.9,4.57%,56.51%,"26' 5""","27' 2""",56.6,43.4,80.12%,"34' 2""","17' 11"""
24502,Adam Scott,Australia,2023,70.101,0.927,313.0,53.27%,65.77%,-0.169,0.462,0.421,0.465,57.28%,4.29,34.35%,14.40%,19.94%,-.042,E,6.6,5.96%,53.05%,"26' 11""","27' 4""",42.2,57.8,80.17%,"33' 11""","14' 0"""
34256,Andrew Putnam,United States,2023,70.118,0.681,284.7,64.45%,69.72%,0.476,0.513,-0.411,0.168,64.46%,3.73,27.96%,11.04%,16.92%,+.067,+.131,5.6,3.14%,63.26%,"22' 4""","25' 7""",41.5,58.5,84.21%,"35' 8""","16' 10"""
33204,Shane Lowry,Ireland,2023,70.132,0.822,303.8,64.00%,66.31%,0.461,-0.114,0.408,0.937,56.65%,3.48,25.74%,12.48%,13.26%,+.039,+.134,8.2,3.99%,62.03%,"26' 11""","25' 7""",51.1,48.9,82.87%,"33' 11""","19' 11"""
39997,Corey Conners,Canada,2023,70.144,0.918,300.6,61.40%,70.22%,0.534,-0.136,0.586,1.055,57.48%,3.95,27.74%,12.20%,15.54%,+.067,E,7.2,3.53%,61.49%,"22' 7""","25' 2""",43.5,56.5,83.19%,"32' 8""","14' 4"""
34046,Jordan Spieth,United States,2023,70.150,0.710,303.6,56.83%,64.04%,0.173,0.086,0.200,0.624,62.88%,3.81,31.82%,15.45%,16.38%,+.043,+.045,7.4,5.57%,55.17%,"26' 9""","26' 1""",48.6,51.4,79.76%,"33' 10""","17' 10"""
45157,Cam Davis,Australia,2023,70.175,0.738,311.0,55.39%,67.77%,0.160,-0.127,0.514,0.865,61.36%,3.97,31.12%,14.92%,16.20%,+.045,+.012,6.4,5.00%,57.51%,"32' 10""","25' 10""",48.3,51.7,80.03%,"31' 1""","14' 6"""
32839,Hideki Matsuyama,Japan,2023,70.181,0.902,297.2,59.52%,66.86%,0.609,-0.119,0.086,1.020,63.78%,3.84,28.85%,13.55%,15.30%,+.101,+.008,8.1,2.98%,60.06%,"24' 8""","25' 9""",46.7,53.3,80.63%,"32' 2""","12' 11"""
36799,Stephan Jaeger,Germany,2023,70.185,0.834,306.1,57.86%,70.49%,0.213,-0.090,0.332,0.924,62.35%,4.06,32.41%,16.47%,15.93%,-.013,-.008,6.2,4.47%,56.88%,"28' 11""","24' 8""",51.2,48.8,83.39%,"32' 11""","15' 6"""
49771,J.T. Poston,United States,2023,70.202,0.647,297.0,60.47%,68.83%,0.296,0.395,-0.081,0.252,58.65%,3.97,29.08%,12.44%,16.64%,+.076,+.034,6.6,4.03%,60.34%,"27' 5""","26' 0""",42.4,57.6,81.99%,"32' 6""","13' 7"""
51634,Sahith Theegala,United States,2023,70.219,0.788,304.9,52.85%,64.94%,0.175,0.485,-0.139,0.304,59.04%,4.21,35.53%,17.13%,18.40%,+.014,-.010,6.6,6.16%,51.73%,"32' 3""","24' 7""",47.6,52.4,77.34%,"33' 4""","19' 5"""
37455,Si Woo Kim,South Korea,2023,70.229,0.676,296.9,67.80%,65.89%,0.321,-0.308,0.462,0.984,63.52%,3.81,22.16%,9.95%,12.21%,+.103,+.084,7.4,2.93%,67.56%,"21' 7""","23' 10""",44.9,55.1,83.86%,"32' 5""","14' 7"""
47504,Sam Burns,United States,2023,70.233,0.796,311.4,56.61%,63.65%,-0.100,0.584,0.266,0.212,61.89%,3.86,34.16%,13.21%,20.95%,+.071,+.143,5.8,4.57%,55.51%,"29' 9""","25' 1""",39.0,61.0,77.99%,"35' 1""","17' 3"""
33948,Byeong Hun An,South Korea,2023,70.244,0.698,315.6,52.17%,64.13%,0.048,-0.194,0.447,0.892,64.90%,3.98,34.66%,15.26%,19.40%,+.064,+.011,6.8,5.72%,52.82%,"34' 6""","25' 3""",44.8,55.2,78.66%,"33' 4""","17' 8"""
54591,Ben Griffin,United States,2023,70.286,0.684,300.1,56.03%,66.90%,0.086,0.334,-0.066,0.351,62.06%,4.04,34.47%,14.75%,19.72%,+.033,-.011,6.2,4.24%,55.09%,"32' 8""","23' 8""",43.7,56.3,81.38%,"35' 3""","16' 8"""
25493,Nick Taylor,Canada,2023,70.309,0.670,293.7,58.49%,65.59%,0.370,0.241,-0.123,0.429,60.42%,4.00,30.50%,14.00%,16.51%,+.117,-.034,6.9,3.57%,59.07%,"24' 8""","24' 7""",47.6,52.4,81.38%,"32' 6""","16' 6"""
36699,Patrick Rodgers,United States,2023,70.321,0.493,308.8,54.05%,65.63%,-0.059,0.161,0.199,0.331,61.97%,3.71,35.94%,16.41%,19.53%,+.093,+.069,6.3,4.17%,53.56%,"27' 11""","24' 0""",46.8,53.2,77.95%,"35' 9""","17' 10"""
30927,Brendon Todd,United States,2023,70.321,0.735,282.0,67.92%,66.19%,0.200,0.441,-0.348,0.294,65.40%,4.05,24.36%,11.97%,12.39%,+.047,+.125,6.7,1.83%,67.17%,"22' 1""","23' 9""",52.3,47.7,84.44%,"33' 5""","14' 7"""
23108,Matt Kuchar,United States,2023,70.353,0.567,294.4,63.29%,67.89%,0.035,0.145,0.027,0.422,66.16%,3.85,26.52%,13.44%,13.08%,-.007,+.101,7.6,3.18%,62.67%,"24' 10""","24' 8""",52.5,47.5,84.39%,"35' 8""","14' 10"""
33399,Adam Hadwin,Canada,2023,70.360,0.709,295.7,63.38%,67.61%,0.210,0.445,-0.011,0.265,61.99%,3.89,27.91%,13.42%,14.49%,+.049,+.126,5.7,3.11%,63.29%,"25' 2""","25' 0""",50.9,49.1,83.20%,"34' 4""","17' 8"""
47347,Adam Schenk,United States,2023,70.368,0.694,305.6,55.25%,67.74%,0.293,0.344,0.056,0.351,61.65%,3.68,33.19%,15.23%,17.96%,+.045,+.039,7.3,3.84%,55.65%,"28' 9""","23' 9""",47.2,52.8,80.59%,"33' 5""","17' 10"""
35461,Beau Hossler,United States,2023,70.398,0.450,305.3,57.65%,66.87%,-0.263,0.224,0.230,0.226,62.35%,3.89,31.17%,16.28%,14.88%,-.039,-.010,7.4,5.18%,56.25%,"30' 3""","24' 5""",52.4,47.6,82.67%,"36' 11""","17' 4"""
46414,Aaron Rai,England,2023,70.398,0.615,294.1,68.72%,69.63%,0.384,-0.262,0.343,0.877,60.28%,3.85,23.88%,11.49%,12.40%,+.093,+.094,4.8,2.81%,68.51%,"21' 3""","25' 1""",49.6,50.4,85.87%,"33' 4""","21' 8"""
34099,Harris English,United States,2023,70.414,0.516,297.3,62.07%,64.60%,0.138,0.488,-0.288,0.028,63.92%,3.55,27.08%,12.83%,14.25%,+.056,+.131,6.7,4.25%,61.95%,"29' 11""","25' 10""",47.6,52.4,81.41%,"34' 10""","17' 10"""
30926,Chris Kirk,United States,2023,70.417,0.819,296.4,61.35%,66.67%,0.392,0.134,0.009,0.685,62.50%,3.74,29.64%,16.38%,13.26%,+.093,+.023,7.6,3.69%,59.09%,"26' 8""","22' 7""",55.1,44.9,81.49%,"32' 8""","14' 11"""
27349,Alex Noren,Sweden,2023,70.422,0.601,300.2,54.95%,66.18%,0.162,0.475,-0.378,0.126,62.68%,3.64,32.60%,13.66%,18.94%,+.032,+.095,6.5,5.68%,55.23%,"27' 4""","25' 6""",40.2,59.8,79.12%,"34' 10""","16' 6"""
55789,Taylor Montgomery,United States,2023,70.424,0.477,303.8,54.45%,62.96%,-0.515,0.919,-0.206,-0.442,60.74%,4.37,33.88%,13.86%,20.02%,+.090,-.019,7.5,5.56%,53.04%,"31' 2""","25' 7""",41.1,58.9,77.54%,"34' 10""","19' 4"""
39324,J.J. Spaun,United States,2023,70.424,0.587,298.8,63.69%,70.53%,0.268,-0.212,0.293,0.799,65.99%,3.84,27.71%,12.99%,14.72%,+.070,+.079,6.5,2.58%,63.25%,"23' 11""","24' 11""",50.6,49.4,84.83%,"32' 4""","16' 11"""
56630,Akshay Bhatia,United States,2023,70.431,0.241,304.9,63.93%,70.63%,0.394,-0.505,0.389,0.746,59.01%,4.25,28.04%,14.89%,13.15%,+.028,+.108,5.8,4.47%,61.66%,"25' 4""","23' 8""",52.4,47.6,85.73%,"32' 0""","17' 1"""
40115,Adam Svensson,Canada,2023,70.471,0.758,296.2,63.78%,67.94%,0.278,0.217,0.200,0.541,62.50%,3.94,28.28%,12.09%,16.19%,+.094,+.092,6.2,2.99%,62.54%,"22' 6""","24' 5""",42.4,57.6,83.57%,"33' 3""","20' 3"""
33653,Thomas Detry,Belgium,2023,70.478,0.328,307.7,57.81%,65.21%,-0.056,0.259,0.029,0.069,62.74%,4.02,31.67%,16.16%,15.51%,+.070,+.054,6.7,4.34%,57.27%,"31' 5""","23' 4""",51.2,48.8,80.46%,"33' 3""","17' 9"""
46442,Maverick McNealy,United States,2023,70.509,0.227,299.9,54.67%,63.14%,-0.269,0.956,-0.601,-0.729,64.59%,3.62,31.88%,12.93%,18.95%,+.127,+.151,8.9,6.77%,52.48%,"34' 7""","27' 1""",43.2,56.8,76.36%,"36' 4""","17' 6"""
57366,Cameron Young,United States,2023,70.515,0.333,315.7,59.05%,68.99%,0.072,-0.287,0.581,0.620,57.29%,4.34,30.36%,14.70%,15.67%,+.096,+.182,6.7,6.01%,56.97%,"30' 3""","26' 10""",48.4,51.6,81.73%,"31' 1""","17' 8"""
33448,Justin Thomas,United States,2023,70.520,0.836,308.5,55.19%,65.74%,0.362,-0.161,0.198,0.998,58.78%,4.00,30.85%,14.67%,16.18%,+.033,-.044,8.0,5.50%,55.66%,"26' 4""","26' 5""",48.2,51.8,80.24%,"34' 6""","16' 7"""
48117,Kurt Kitayama,United States,2023,70.534,0.125,306.2,51.46%,63.27%,0.285,-0.149,-0.117,0.274,59.03%,3.61,35.36%,16.09%,19.26%,+.116,+.189,7.4,4.75%,52.51%,"31' 11""","24' 2""",45.3,54.7,76.03%,"31' 9""","16' 0"""
31323,Gary Woodland,United States,2023,70.542,0.358,313.8,58.23%,67.94%,0.741,-0.568,0.533,0.926,56.58%,3.67,31.58%,14.40%,17.18%,+.064,+.014,4.9,5.16%,58.39%,"27' 10""","25' 7""",48.2,51.8,82.05%,"32' 1""","18' 4"""
54783,Dylan Wu,United States,2023,70.545,0.595,298.2,60.45%,70.39%,0.253,0.330,0.006,0.266,59.65%,4.03,29.62%,15.27%,14.35%,+.096,+.036,5.4,4.69%,60.26%,"29' 0""","26' 7""",51.9,48.1,83.93%,"34' 2""","18' 9"""
46340,Alex Smalley,United States,2023,70.556,0.385,303.0,58.84%,69.35%,0.407,-0.299,0.254,0.684,61.81%,3.73,31.03%,14.23%,16.80%,+.032,+.005,6.4,3.89%,58.71%,"25' 1""","24' 11""",44.4,55.6,83.02%,"32' 3""","19' 0"""
37275,Sam Ryder,United States,2023,70.559,0.556,294.3,57.08%,66.77%,0.484,0.493,-0.385,0.064,60.39%,4.20,33.01%,14.82%,18.18%,-.009,+.133,6.7,5.08%,55.20%,"26' 6""","22' 8""",47.0,53.0,80.45%,"33' 0""","15' 9"""
49947,Taylor Moore,United States,2023,70.560,0.349,307.1,55.91%,64.14%,-0.039,0.414,-0.041,-0.065,61.66%,3.65,31.09%,13.03%,18.06%,+.060,+.055,7.9,5.03%,55.97%,"29' 9""","23' 11""",41.4,58.6,78.60%,"33' 6""","17' 11"""
36801,Mark Hubbard,United States,2023,70.561,0.614,292.6,61.23%,68.20%,0.572,0.020,-0.182,0.594,60.99%,3.84,30.12%,12.23%,17.89%,+.059,+.060,4.9,4.21%,60.73%,"25' 10""","22' 7""",41.3,58.7,82.94%,"33' 0""","18' 10"""
35532,Tom Hoge,United States,2023,70.567,0.482,295.9,59.17%,67.36%,0.706,0.162,-0.253,0.320,58.10%,4.11,30.40%,12.45%,17.95%,+.104,+.007,7.5,3.39%,58.68%,"24' 11""","25' 3""",43.2,56.8,80.97%,"30' 7""","15' 0"""
31646,Emiliano Grillo,Argentina,2023,70.579,0.266,301.3,61.35%,67.99%,0.213,0.055,0.203,0.211,58.37%,3.91,28.56%,15.47%,13.09%,+.050,+.101,7.6,3.05%,60.82%,"27' 2""","25' 4""",55.1,44.9,82.78%,"33' 2""","17' 7"""
34255,Joseph Bramlett,United States,2023,70.580,0.454,312.4,51.86%,68.33%,0.368,-0.297,0.226,0.751,59.65%,3.89,36.13%,15.45%,20.67%,+.021,+.049,6.1,5.77%,52.01%,"34' 6""","27' 4""",45.0,55.0,79.46%,"33' 4""","14' 9"""
58696,Peter Kuest,United States,2023,70.588,0.773,321.7,61.27%,73.79%,0.052,0.575,0.488,0.198,61.75%,4.39,30.19%,16.11%,14.07%,+.026,-.103,3.7,5.19%,60.93%,"39' 6""","23' 7""",54.6,45.4,85.03%,"31' 11""","18' 4"""
49960,Sepp Straka,Austria,2023,70.597,0.474,299.5,64.49%,68.24%,0.509,0.216,-0.010,0.258,54.75%,3.88,26.26%,11.59%,14.67%,+.083,+.008,4.8,3.93%,65.05%,"27' 2""","24' 1""",46.9,53.1,82.94%,"31' 7""","15' 6"""
54628,Lee Hodges,United States,2023,70.623,0.431,300.3,60.14%,65.52%,0.180,0.165,0.245,0.266,60.84%,3.38,29.12%,13.54%,15.57%,+.109,+.096,6.0,3.89%,60.99%,"25' 3""","24' 9""",48.0,52.0,80.27%,"35' 4""","21' 6"""
50493,Justin Suh,United States,2023,70.646,0.119,299.4,63.35%,66.33%,-0.068,0.529,0.052,-0.410,55.86%,4.17,29.08%,10.66%,18.42%,+.028,+.182,5.5,3.73%,61.67%,"26' 1""","24' 6""",38.9,61.1,82.85%,"32' 5""","17' 5"""
39546,Keith Mitchell,United States,2023,70.652,0.483,313.7,63.32%,67.73%,-0.288,0.054,0.743,0.429,58.42%,3.87,26.88%,13.78%,13.10%,+.090,+.113,6.2,4.99%,61.97%,"27' 10""","26' 4""",50.4,49.6,82.66%,"34' 8""","17' 1"""
22371,Aaron Baddeley,Australia,2023,70.659,0.221,284.5,57.25%,65.76%,-0.055,0.384,-0.586,-0.162,65.11%,3.76,33.13%,14.18%,18.95%,+.065,-.043,5.9,3.79%,57.21%,"28' 10""","26' 3""",42.6,57.4,80.47%,"35' 7""","15' 5"""
32791,K.H. Lee,South Korea,2023,70.679,0.345,300.7,59.57%,68.59%,0.063,-0.010,0.035,0.355,59.50%,3.81,30.90%,17.03%,13.87%,+.032,E,7.9,4.48%,56.72%,"24' 9""","25' 3""",56.0,44.0,83.22%,"34' 4""","16' 4"""
57362,Austin Eckroat,United States,2023,70.692,0.432,301.1,64.32%,67.35%,0.015,0.103,0.363,0.329,62.15%,3.76,27.60%,12.54%,15.07%,+.047,+.153,6.2,3.03%,63.20%,"25' 6""","24' 2""",45.3,54.7,84.75%,"33' 8""","19' 8"""
47988,Nick Hardy,United States,2023,70.694,0.144,309.2,57.28%,69.11%,0.221,0.048,0.090,0.097,57.32%,3.93,32.54%,11.75%,20.80%,+.024,+.056,6.4,4.81%,56.28%,"31' 8""","24' 9""",38.3,61.7,81.72%,"32' 2""","19' 2"""
52374,Brandon Wu,United States,2023,70.720,0.107,295.7,61.64%,68.65%,0.113,-0.161,0.159,0.269,57.63%,3.98,31.12%,12.53%,18.58%,+.092,+.095,3.6,4.35%,60.95%,"28' 0""","24' 8""",38.2,61.8,82.17%,"33' 5""","17' 3"""
45522,Christiaan Bezuidenhout,South Africa,2023,70.747,0.215,291.4,61.45%,65.11%,0.151,0.239,-0.380,-0.023,63.15%,3.52,27.05%,11.66%,15.39%,-.024,+.023,6.8,4.64%,61.48%,"26' 2""","24' 5""",45.5,54.5,80.40%,"32' 5""","16' 10"""
35506,Mackenzie Hughes,Canada,2023,70.749,0.201,299.5,55.35%,65.61%,-0.230,0.367,-0.320,-0.166,61.34%,3.78,35.38%,16.72%,18.67%,-.005,E,5.3,5.64%,53.64%,"30' 3""","26' 8""",47.7,52.3,78.28%,"37' 0""","16' 5"""
51070,Vincent Norrman,Sweden,2023,70.755,0.240,314.2,57.85%,69.02%,0.084,-0.283,0.469,0.523,57.59%,4.00,31.40%,13.03%,18.37%,+.042,+.128,5.6,4.34%,58.69%,"31' 6""","25' 2""",43.7,56.3,81.17%,"33' 0""","20' 5"""
39975,Michael Kim,United States,2023,70.764,0.350,305.0,58.61%,68.16%,0.224,0.094,-0.019,0.256,60.61%,3.59,31.14%,15.78%,15.36%,+.069,+.101,7.5,4.13%,57.20%,"30' 5""","23' 11""",51.0,49.0,81.95%,"32' 7""","17' 10"""
51890,Greyson Sigg,United States,2023,70.788,0.385,295.8,61.43%,69.26%,0.207,0.018,0.064,0.367,61.79%,3.75,28.72%,11.81%,16.91%,+.105,+.055,7.4,3.16%,60.68%,"26' 3""","24' 5""",43.4,56.6,83.62%,"32' 9""","17' 2"""
45242,Kevin Yu,Chinese Taipei,2023,70.808,0.236,311.3,61.50%,72.61%,0.204,-0.804,0.803,1.040,54.00%,4.21,29.95%,13.77%,16.19%,+.009,+.055,5.3,3.63%,61.12%,"27' 11""","23' 8""",45.8,54.2,85.41%,"32' 5""","14' 1"""
50188,S.H. Kim,South Korea,2023,70.824,0.466,308.7,56.53%,63.36%,-0.435,0.278,0.412,0.188,64.07%,3.84,32.29%,14.95%,17.34%,+.056,-.035,7.2,4.11%,56.43%,"28' 8""","24' 11""",47.6,52.4,80.18%,"35' 6""","19' 0"""
28775,Nate Lashley,United States,2023,70.834,0.351,297.4,60.72%,69.73%,0.318,0.074,-0.105,0.277,58.49%,4.06,28.30%,14.92%,13.38%,+.032,+.006,6.9,3.77%,61.06%,"26' 0""","23' 8""",54.3,45.7,84.25%,"31' 8""","16' 9"""
55893,Sam Stevens,United States,2023,70.845,0.154,310.6,55.75%,67.45%,-0.049,-0.314,0.400,0.468,57.65%,3.68,32.13%,16.07%,16.07%,-.027,-.022,7.1,4.48%,56.28%,"28' 8""","24' 4""",48.9,51.1,82.16%,"33' 1""","19' 3"""
57975,Harry Hall,England,2023,70.846,0.149,299.8,54.00%,66.39%,-0.304,0.698,-0.404,-0.549,59.64%,4.07,36.45%,19.02%,17.43%,+.046,+.047,5.0,5.58%,52.99%,"39' 0""","26' 6""",54.2,45.8,78.49%,"35' 6""","15' 9"""
28252,Seamus Power,Ireland,2023,70.847,-0.046,300.0,58.75%,65.45%,-0.354,0.202,-0.034,-0.248,58.04%,3.85,28.43%,12.72%,15.71%,-.063,+.104,9.2,4.98%,57.41%,"24' 7""","25' 11""",47.8,52.2,82.51%,"35' 5""","17' 7"""
58168,Davis Thompson,United States,2023,70.855,0.157,310.3,60.39%,69.39%,-0.198,-0.152,0.449,0.309,58.60%,3.90,32.00%,14.80%,17.21%,+.053,+.112,5.8,4.07%,58.10%,"26' 11""","23' 8""",46.6,53.4,81.69%,"33' 4""","17' 11"""
29908,C.T. Pan,Chinese Taipei,2023,70.857,0.015,296.6,61.45%,70.51%,0.247,-0.090,-0.196,0.105,59.51%,3.67,31.11%,14.07%,17.04%,-.043,+.026,6.1,3.33%,59.44%,"29' 1""","24' 5""",44.4,55.6,83.00%,"32' 8""","15' 6"""
36871,Matt NeSmith,United States,2023,70.870,0.091,297.1,62.27%,69.47%,0.245,-0.130,0.006,0.221,57.17%,3.61,28.71%,14.14%,14.57%,+.047,+.079,4.5,4.20%,62.55%,"25' 11""","23' 11""",51.0,49.0,84.20%,"32' 8""","16' 3"""
25900,Lucas Glover,United States,2023,70.874,0.444,294.9,68.86%,70.50%,0.566,-0.344,0.282,0.787,62.71%,4.04,25.81%,13.35%,12.46%,+.101,-.013,5.1,1.97%,67.11%,"21' 1""","22' 11""",50.0,50.0,86.33%,"30' 4""","15' 4"""
55708,Hayden Buckley,United States,2023,70.887,0.023,304.4,65.09%,68.65%,-0.104,0.051,0.611,-0.028,56.33%,3.49,25.39%,13.36%,12.03%,+.028,+.132,6.4,4.64%,63.58%,"23' 2""","24' 10""",50.2,49.8,84.73%,"32' 9""","19' 4"""
34563,Chesson Hadley,United States,2023,70.917,0.177,299.3,58.25%,69.27%,0.343,0.389,-0.168,-0.212,60.19%,4.09,32.03%,16.57%,15.46%,+.054,-.017,5.7,5.21%,57.08%,"31' 5""","24' 1""",53.4,46.6,81.83%,"33' 3""","16' 2"""
33413,Ben Martin,United States,2023,70.936,0.065,293.9,62.49%,68.23%,0.318,0.028,0.048,0.037,58.91%,4.01,30.48%,13.10%,17.38%,+.052,+.007,6.4,2.73%,60.42%,"28' 3""","23' 4""",45.2,54.8,84.11%,"35' 0""","14' 9"""
34076,Joel Dahmen,United States,2023,70.951,-0.186,296.1,63.12%,67.09%,0.114,-0.603,0.184,0.418,58.17%,3.58,27.43%,14.36%,13.07%,+.106,+.021,6.8,4.06%,61.68%,"24' 9""","24' 3""",51.8,48.2,83.06%,"33' 6""","17' 7"""
52375,Doug Ghim,United States,2023,70.952,0.297,297.7,67.85%,71.51%,0.174,-0.218,0.247,0.515,63.52%,3.81,26.19%,13.15%,13.05%,+.119,+.030,4.8,3.12%,65.92%,"23' 9""","24' 0""",54.7,45.3,86.43%,"33' 4""","18' 6"""
56762,Will Gordon,United States,2023,70.960,-0.073,311.4,61.57%,70.82%,0.154,-0.169,0.358,0.096,52.14%,4.05,30.15%,14.10%,16.06%,+.086,+.069,4.2,5.05%,60.55%,"29' 4""","25' 0""",49.0,51.0,84.14%,"34' 4""","17' 9"""
51997,Andrew Novak,United States,2023,70.973,0.314,299.7,58.44%,67.08%,0.037,0.116,-0.010,0.198,63.23%,3.69,30.24%,12.03%,18.21%,+.070,+.027,6.8,4.47%,58.47%,"28' 10""","22' 4""",41.0,59.0,81.15%,"33' 0""","16' 0"""
48887,Matt Wallace,England,2023,70.980,-0.052,302.7,54.84%,64.62%,0.172,-0.030,-0.423,-0.022,60.00%,3.54,33.30%,17.42%,15.88%,+.042,+.025,5.3,6.17%,55.24%,"34' 0""","25' 3""",55.8,44.2,78.29%,"34' 4""","19' 0"""
27129,Luke List,United States,2023,70.981,0.164,311.3,54.47%,70.78%,0.267,-0.623,0.641,0.787,55.13%,3.93,34.38%,17.71%,16.67%,-.026,+.059,6.5,5.58%,53.58%,"30' 4""","26' 6""",52.6,47.4,83.48%,"33' 8""","17' 9"""
40058,Zac Blair,United States,2023,71.009,0.050,281.6,68.12%,66.45%,0.093,0.004,-0.264,0.046,58.60%,3.72,27.84%,11.23%,16.61%,+.159,+.194,3.4,1.49%,67.24%,"21' 7""","22' 10""",40.5,59.5,83.32%,"34' 2""","15' 7"""
40250,Taylor Pendrith,Canada,2023,71.012,0.195,310.4,55.62%,69.53%,0.014,-0.026,0.320,0.221,58.01%,3.75,34.66%,18.01%,16.65%,+.043,+.060,6.5,5.25%,53.57%,"30' 3""","25' 2""",50.9,49.1,81.15%,"32' 5""","19' 10"""
45609,Tyler Duncan,United States,2023,71.036,-0.093,298.8,67.43%,70.80%,-0.125,-0.104,0.484,0.012,57.09%,3.82,25.64%,10.09%,15.55%,+.111,+.099,5.1,3.55%,65.73%,"23' 2""","23' 0""",41.5,58.5,85.84%,"34' 3""","18' 4"""
46441,Robby Shelton,United States,2023,71.037,-0.076,294.1,59.11%,65.49%,0.125,-0.123,-0.296,0.048,60.53%,3.72,32.52%,15.60%,16.91%,+.036,+.028,6.0,4.56%,56.97%,"29' 4""","24' 10""",48.1,51.9,80.04%,"32' 6""","19' 0"""
47995,Davis Riley,United States,2023,71.038,-0.112,305.9,58.92%,66.01%,0.361,-0.133,-0.017,0.021,54.65%,3.90,28.07%,14.46%,13.60%,+.063,+.093,7.7,5.94%,58.33%,"31' 10""","24' 11""",54.3,45.7,80.53%,"32' 10""","15' 7"""
29420,Billy Horschel,United States,2023,71.042,0.028,298.5,62.56%,64.06%,-0.122,0.326,-0.224,-0.298,55.80%,3.55,25.79%,13.72%,12.07%,+.170,+.070,7.3,4.25%,62.69%,"26' 11""","26' 1""",56.4,43.6,81.17%,"36' 11""","15' 9"""
23320,Ryan Palmer,United States,2023,71.087,-0.068,301.2,61.92%,67.93%,0.223,-0.343,0.210,0.274,57.24%,3.95,26.20%,11.26%,14.94%,+.119,+.030,7.8,5.02%,60.98%,"28' 2""","24' 9""",45.1,54.9,83.05%,"34' 6""","15' 0"""
54421,Garrick Higgo,South Africa,2023,71.095,0.221,310.8,57.26%,66.88%,-0.291,0.101,0.509,0.120,58.47%,3.94,31.23%,14.93%,16.30%,+.079,+.005,6.5,4.92%,57.30%,"29' 2""","24' 2""",48.5,51.5,80.10%,"34' 7""","18' 7"""
39058,Lucas Herbert,Australia,2023,71.104,-0.252,304.5,55.83%,62.10%,-0.496,0.398,0.181,-0.650,59.81%,3.87,32.63%,12.29%,20.33%,+.127,+.111,7.1,5.92%,54.32%,"31' 4""","22' 7""",40.0,60.0,76.46%,"36' 8""","19' 9"""
26596,Ryan Moore,United States,2023,71.115,0.171,287.0,70.15%,69.41%,0.522,-0.029,-0.112,0.200,63.89%,3.83,24.38%,10.40%,13.98%,+.080,+.140,4.7,2.13%,68.79%,"19' 11""","22' 7""",43.5,56.5,86.97%,"31' 7""","13' 3"""
36326,David Lipsky,United States,2023,71.140,-0.210,292.7,63.25%,67.48%,0.330,-0.466,-0.133,0.257,56.22%,3.73,28.88%,14.80%,14.08%,+.108,+.096,6.4,3.03%,61.68%,"24' 5""","24' 6""",53.4,46.6,83.42%,"34' 5""","15' 2"""
25818,Scott Piercy,United States,2023,71.140,-0.144,293.3,60.32%,65.15%,-0.017,-0.009,-0.098,-0.135,61.84%,3.99,31.02%,10.96%,20.06%,+.072,+.038,6.6,3.93%,58.43%,"27' 7""","25' 5""",36.5,63.5,82.26%,"34' 10""","16' 10"""
27214,Kevin Streelman,United States,2023,71.149,0.166,297.3,59.83%,66.61%,0.142,-0.118,0.007,0.284,58.93%,3.43,31.77%,14.22%,17.55%,E,+.006,5.9,3.66%,58.69%,"25' 8""","23' 1""",46.3,53.7,81.54%,"34' 0""","16' 10"""
52513,Carson Young,United States,2023,71.194,-0.149,295.6,65.58%,69.58%,0.066,0.124,0.086,-0.273,57.56%,3.80,27.72%,12.22%,15.50%,+.081,+.094,5.1,2.79%,64.39%,"23' 11""","22' 5""",44.8,55.2,85.72%,"33' 4""","18' 7"""
12716,Charley Hoffman,United States,2023,71.197,-0.119,306.1,55.67%,68.38%,0.408,-0.485,-0.037,0.366,59.87%,3.68,34.01%,11.42%,22.59%,+.084,+.022,7.1,5.71%,53.17%,"28' 9""","25' 2""",34.6,65.4,80.79%,"31' 10""","17' 0"""
20229,Stewart Cink,United States,2023,71.203,-0.410,305.5,52.70%,66.04%,-0.108,-0.084,-0.317,-0.326,58.49%,3.74,34.59%,17.07%,17.52%,+.038,+.097,6.7,6.43%,52.33%,"33' 3""","26' 9""",49.4,50.6,78.69%,"35' 0""","15' 3"""
48699,Callum Tarren,England,2023,71.203,-0.061,312.0,50.69%,67.68%,0.168,-0.188,0.188,0.127,56.08%,3.79,36.49%,17.09%,19.40%,+.014,-.005,5.6,7.35%,50.58%,"35' 5""","26' 11""",48.2,51.8,78.87%,"33' 7""","19' 8"""
40162,Justin Lower,United States,2023,71.225,-0.028,294.2,59.37%,66.56%,0.073,0.354,-0.243,-0.382,60.06%,3.98,30.89%,15.13%,15.76%,+.051,+.107,6.2,4.74%,58.19%,"27' 0""","22' 6""",52.1,47.9,82.58%,"32' 4""","16' 11"""
32816,Satoshi Kodaira,Japan,2023,71.260,-0.245,287.1,71.00%,69.14%,0.115,-0.401,-0.131,0.156,65.43%,3.97,20.84%,10.92%,9.92%,+.034,+.062,4.7,3.19%,71.26%,"26' 2""","22' 2""",51.5,48.5,87.34%,"33' 0""","17' 10"""
24024,Zach Johnson,United States,2023,71.274,-0.429,290.1,65.86%,65.77%,-0.310,0.109,-0.199,-0.537,59.67%,3.16,26.32%,12.90%,13.42%,+.058,+.200,5.9,2.06%,65.68%,"23' 11""","24' 2""",48.1,51.9,84.04%,"35' 7""","15' 8"""
32333,Kevin Tway,United States,2023,71.279,-0.231,308.1,52.59%,67.93%,-0.150,0.019,0.046,-0.250,59.86%,3.40,36.87%,16.74%,20.13%,-.023,+.071,8.0,4.85%,50.32%,"33' 7""","26' 1""",48.4,51.6,80.45%,"35' 4""","17' 11"""
35449,Adam Long,United States,2023,71.291,-0.102,290.9,67.28%,66.32%,-0.449,0.320,-0.182,-0.422,60.58%,3.69,23.49%,11.12%,12.37%,+.101,+.158,6.6,3.43%,66.47%,"23' 10""","25' 0""",48.8,51.2,84.85%,"37' 0""","16' 11"""
29221,Webb Simpson,United States,2023,71.305,-0.301,299.6,62.17%,63.45%,0.051,-0.036,-0.221,-0.264,56.27%,3.49,25.03%,14.42%,10.61%,+.103,+.104,8.6,4.63%,61.77%,"29' 2""","23' 8""",58.8,41.2,81.72%,"34' 4""","13' 9"""
40006,Erik van Rooyen,South Africa,2023,71.309,-0.415,304.9,58.06%,68.38%,0.056,-0.168,0.063,-0.247,53.15%,4.08,33.42%,16.25%,17.17%,+.083,+.144,6.2,5.07%,55.27%,"31' 5""","25' 8""",49.5,50.5,81.76%,"34' 8""","17' 4"""
32757,Patton Kizzire,United States,2023,71.319,-0.380,300.8,57.94%,66.67%,-0.029,-0.116,-0.266,-0.263,59.17%,3.99,32.02%,13.91%,18.11%,+.101,+.057,5.6,6.39%,55.99%,"33' 8""","23' 4""",43.9,56.1,80.04%,"32' 7""","16' 8"""
32139,Danny Willett,England,2023,71.344,-0.129,292.1,58.03%,61.19%,-0.213,0.115,-0.147,-0.244,62.39%,3.16,30.53%,12.21%,18.32%,+.126,+.122,7.7,4.48%,57.26%,"28' 1""","27' 10""",40.7,59.3,79.34%,"35' 6""","17' 1"""
30692,Scott Stallings,United States,2023,71.366,-0.288,301.1,56.36%,65.94%,-0.138,-0.272,0.031,-0.017,60.19%,3.39,32.69%,13.12%,19.57%,+.049,+.033,5.7,5.91%,55.70%,"30' 5""","26' 4""",42.0,58.0,79.42%,"34' 3""","17' 9"""
47983,Chad Ramey,United States,2023,71.368,-0.016,294.3,60.89%,66.83%,-0.239,0.316,-0.015,-0.332,59.54%,3.89,29.55%,12.96%,16.59%,+.073,+.062,5.4,3.86%,61.19%,"25' 11""","24' 8""",45.4,54.6,82.68%,"34' 0""","16' 11"""
50095,Austin Smotherman,United States,2023,71.370,-0.335,300.4,62.55%,66.44%,-0.063,-0.004,0.016,-0.330,58.11%,3.94,29.30%,14.43%,14.87%,+.066,+.117,4.5,5.16%,61.00%,"29' 10""","23' 7""",50.6,49.4,81.78%,"31' 8""","17' 4"""
27936,Martin Laird,Scotland,2023,71.386,-0.234,292.4,65.79%,69.63%,-0.042,-0.050,-0.194,-0.184,58.63%,3.76,28.43%,11.50%,16.93%,+.063,+.093,4.4,3.73%,63.47%,"25' 11""","25' 2""",40.4,59.6,84.12%,"35' 5""","16' 8"""
49298,Kramer Hickok,United States,2023,71.393,-0.359,296.7,63.44%,68.61%,-0.132,-0.191,0.024,-0.168,63.69%,3.45,29.42%,14.99%,14.43%,+.032,+.037,5.7,3.61%,61.24%,"24' 5""","22' 7""",51.7,48.3,84.27%,"34' 3""","18' 11"""
31577,Tano Goya,Argentina,2023,71.398,-0.280,303.1,61.55%,68.70%,-0.445,-0.136,0.145,-0.143,61.34%,4.21,31.54%,10.85%,20.69%,-.032,+.155,4.5,4.36%,59.62%,"28' 8""","24' 6""",35.1,64.9,85.77%,"35' 9""","20' 5"""
52372,Cameron Champ,United States,2023,71.445,-0.453,317.9,59.93%,69.30%,-0.061,-0.312,0.490,-0.141,52.90%,3.83,29.73%,13.39%,16.34%,+.038,+.028,5.2,5.41%,59.71%,"28' 4""","25' 1""",46.4,53.6,82.47%,"34' 3""","18' 2"""
39954,Cody Gribble,United States,2023,71.450,-0.210,299.9,60.51%,67.54%,-0.059,-0.309,0.160,0.099,60.64%,3.81,31.40%,16.42%,14.97%,+.010,+.080,6.1,3.92%,58.58%,"28' 7""","23' 6""",54.6,45.4,85.64%,"33' 6""","19' 9"""
55454,Carl Yuan,China,2023,71.466,-0.351,306.8,54.33%,67.26%,-0.164,-0.148,0.171,-0.204,55.56%,4.02,34.92%,17.46%,17.46%,-.042,+.145,5.6,5.71%,53.76%,"34' 9""","26' 9""",50.2,49.8,79.26%,"32' 8""","16' 10"""
59018,Ryan Gerard,United States,2023,71.469,-0.210,297.7,58.95%,65.05%,0.250,-0.443,-0.148,0.233,56.92%,3.94,30.64%,14.50%,16.14%,+.074,-.052,6.0,4.19%,59.19%,"27' 11""","25' 3""",49.2,50.8,82.33%,"35' 0""","18' 5"""
39067,MJ Daffue,South Africa,2023,71.483,-0.211,310.5,58.46%,66.99%,-0.374,-0.209,0.571,-0.001,57.68%,4.03,32.32%,15.53%,16.80%,-.029,+.006,6.3,5.37%,56.05%,"28' 6""","25' 2""",50.0,50.0,83.86%,"33' 7""","22' 5"""
30163,Henrik Norlander,Sweden,2023,71.484,-0.424,292.3,62.10%,69.11%,-0.004,-0.279,-0.182,-0.145,62.85%,3.46,28.87%,15.39%,13.48%,+.031,+.083,5.5,4.03%,61.57%,"27' 8""","23' 2""",53.7,46.3,84.00%,"33' 8""","18' 1"""
48119,Ben Taylor,England,2023,71.486,-0.122,304.1,50.44%,64.78%,-0.085,0.381,-0.452,-0.503,56.25%,3.58,38.02%,18.14%,19.88%,+.039,-.033,6.9,6.16%,48.96%,"35' 3""","25' 4""",47.9,52.1,77.88%,"33' 10""","18' 6"""
37338,Zecheng Dou,China,2023,71.489,-0.369,302.6,54.49%,67.58%,-0.142,-0.440,0.127,0.071,56.36%,3.92,35.59%,14.60%,20.99%,+.118,+.092,6.0,5.06%,53.34%,"29' 5""","23' 10""",43.4,56.6,79.14%,"32' 8""","16' 0"""
39335,Kevin Roy,United States,2023,71.496,-0.269,303.4,58.37%,68.49%,0.574,-0.581,-0.132,0.312,58.00%,3.87,33.29%,15.82%,17.47%,+.087,E,5.2,5.64%,55.85%,"30' 2""","24' 3""",50.0,50.0,83.16%,"32' 8""","20' 10"""
33122,Russell Knox,Scotland,2023,71.498,-0.293,285.3,62.70%,71.69%,0.540,-0.277,-0.511,-0.016,58.00%,3.54,29.21%,12.11%,17.10%,+.151,+.106,6.4,4.30%,60.05%,"26' 10""","23' 5""",42.4,57.6,84.25%,"30' 9""","15' 6"""
32366,Kevin Chappell,United States,2023,71.517,-0.157,302.0,55.44%,68.06%,0.121,-0.040,-0.165,-0.116,58.07%,3.59,33.60%,13.85%,19.76%,-.021,-.088,5.1,8.15%,53.16%,"35' 2""","24' 0""",43.9,56.1,83.74%,"34' 5""","18' 10"""
34466,Peter Malnati,United States,2023,71.530,-0.182,295.2,51.63%,62.81%,-0.312,0.436,-0.571,-0.619,60.06%,3.76,38.19%,18.76%,19.43%,+.103,+.015,7.0,5.62%,49.14%,"31' 6""","25' 0""",49.4,50.6,76.87%,"35' 11""","18' 6"""
24140,Sean O'Hair,United States,2023,71.533,-0.405,293.3,62.38%,66.56%,-0.193,-0.139,-0.031,-0.266,63.58%,3.81,27.27%,12.12%,15.15%,+.277,-.077,4.9,3.96%,63.87%,"26' 9""","25' 6""",49.0,51.0,85.62%,"34' 7""","21' 1"""
35879,Kelly Kraft,United States,2023,71.536,-0.427,287.3,66.69%,66.98%,-0.245,0.308,-0.198,-0.735,58.88%,3.67,29.39%,15.78%,13.61%,+.043,+.094,4.0,2.96%,63.61%,"22' 11""","23' 5""",57.1,42.9,85.26%,"34' 9""","19' 9"""
25632,Jimmy Walker,United States,2023,71.536,-0.214,307.2,52.31%,64.08%,-0.120,0.022,-0.216,-0.236,59.71%,3.56,35.25%,13.67%,21.58%,+.027,+.079,7.5,5.08%,52.15%,"37' 1""","23' 9""",41.4,58.6,77.62%,"35' 3""","17' 3"""
34409,David Lingmerth,Sweden,2023,71.541,-0.570,278.5,67.00%,61.05%,-0.061,0.060,-0.498,-0.631,59.16%,3.51,26.10%,15.07%,11.03%,+.178,+.122,5.3,2.45%,66.18%,"21' 11""","24' 11""",57.7,42.3,82.43%,"37' 0""","15' 10"""
53165,Doc Redman,United States,2023,71.546,-0.450,293.5,62.21%,69.94%,-0.134,0.020,0.052,-0.470,53.32%,3.78,28.85%,13.99%,14.85%,+.094,+.085,6.0,4.09%,61.03%,"26' 4""","23' 8""",48.1,51.9,85.07%,"34' 3""","16' 3"""
29535,Brice Garnett,United States,2023,71.552,-0.013,288.7,64.61%,70.48%,-0.137,0.136,-0.118,-0.150,59.08%,3.69,28.72%,14.07%,14.65%,+.016,+.089,4.0,4.12%,63.16%,"26' 10""","25' 1""",49.5,50.5,85.51%,"33' 2""","18' 4"""
51349,Nico Echavarria,Colombia,2023,71.586,-0.931,299.4,59.67%,65.74%,-0.416,-0.165,-0.113,-0.765,58.00%,3.41,29.43%,14.25%,15.18%,+.105,+.019,7.3,4.53%,58.72%,"29' 4""","24' 11""",48.3,51.7,81.68%,"34' 7""","18' 9"""
26476,Chez Reavie,United States,2023,71.596,-0.199,288.4,65.80%,68.52%,0.367,-0.124,-0.229,-0.075,58.09%,3.47,27.04%,12.68%,14.36%,+.152,+.119,6.2,2.52%,64.23%,"20' 9""","24' 0""",49.0,51.0,83.61%,"31' 9""","18' 3"""
46435,Austin Cook,United States,2023,71.611,-0.757,282.3,65.28%,65.16%,-0.319,-0.135,-0.564,-0.622,64.92%,3.66,28.59%,14.88%,13.71%,+.028,+.070,5.7,3.62%,62.10%,"24' 11""","26' 0""",52.3,47.7,83.91%,"34' 10""","14' 0"""
27963,Chris Stroud,United States,2023,71.612,-0.213,289.2,60.25%,68.71%,0.229,0.048,-0.412,-0.261,62.31%,3.53,33.69%,13.76%,19.93%,+.062,+.051,3.9,3.00%,59.44%,"28' 11""","25' 4""",42.5,57.5,83.40%,"34' 2""","16' 11"""
22056,Cameron Percy,Australia,2023,71.622,-0.094,289.3,63.45%,69.40%,-0.091,-0.147,0.170,0.053,63.14%,3.40,29.94%,12.14%,17.80%,E,-.013,4.2,2.43%,63.43%,"29' 6""","23' 10""",43.9,56.1,84.89%,"34' 11""","16' 7"""
29289,S.Y. Noh,South Korea,2023,71.634,-0.743,303.7,52.59%,66.67%,-0.335,0.224,-0.624,-0.968,57.60%,3.88,33.28%,16.80%,16.48%,+.067,+.085,7.0,7.29%,52.46%,"35' 4""","27' 6""",51.4,48.6,78.14%,"33' 5""","16' 4"""
47079,Harrison Endycott,Australia,2023,71.637,-0.355,293.2,62.37%,66.23%,-0.184,-0.113,-0.169,-0.242,60.81%,3.67,28.72%,15.96%,12.77%,-.017,+.147,6.6,4.68%,60.00%,"29' 4""","23' 6""",57.0,43.0,83.24%,"34' 6""","19' 0"""
19803,Ryan Armour,United States,2023,71.651,-0.530,283.6,71.10%,69.08%,-0.043,-0.208,-0.153,-0.322,56.64%,3.50,23.33%,10.15%,13.17%,+.074,+.117,4.1,2.38%,70.19%,"21' 10""","24' 3""",42.6,57.4,87.00%,"32' 10""","15' 9"""
31202,William McGirt,United States,2023,71.652,-0.052,280.0,65.72%,65.83%,-0.056,0.255,-0.352,-0.306,63.19%,3.57,29.07%,15.12%,13.95%,+.194,+.128,3.7,2.13%,65.12%,"25' 6""","25' 1""",49.4,50.6,82.46%,"33' 2""","17' 5"""
32640,Troy Merritt,United States,2023,71.685,-0.324,293.4,65.83%,65.28%,-0.075,-0.429,-0.026,0.105,60.87%,3.76,25.67%,11.55%,14.12%,+.088,+.116,7.2,3.40%,63.71%,"25' 9""","23' 7""",46.0,54.0,83.74%,"33' 4""","15' 4"""
32448,James Hahn,United States,2023,71.728,-0.328,298.9,64.63%,68.33%,-0.159,-0.204,0.315,-0.124,53.51%,3.58,28.16%,12.76%,15.40%,+.103,+.017,5.6,2.64%,63.61%,"28' 10""","24' 6""",46.6,53.4,85.87%,"35' 10""","19' 4"""
34431,Robert Streb,United States,2023,71.740,-0.684,297.6,56.98%,66.53%,-0.229,-0.441,-0.037,-0.243,59.84%,3.42,33.95%,18.84%,15.12%,-.015,+.049,6.2,3.84%,56.05%,"29' 2""","23' 9""",55.4,44.6,82.33%,"34' 7""","16' 8"""
48867,Matti Schmid,Germany,2023,71.751,-0.180,314.1,59.93%,68.57%,-0.016,0.071,0.237,-0.251,54.36%,3.99,32.02%,17.77%,14.25%,-.010,-.016,4.2,5.36%,58.39%,"33' 7""","24' 8""",57.1,42.9,83.50%,"34' 5""","15' 11"""
35310,Lanto Griffin,United States,2023,71.754,-0.295,302.3,63.65%,68.52%,-0.405,0.041,0.149,-0.336,60.37%,3.42,27.49%,10.77%,16.72%,+.144,+.045,6.9,3.86%,61.74%,"26' 1""","25' 3""",43.4,56.6,84.65%,"35' 10""","21' 0"""
46601,Trey Mullinax,United States,2023,71.789,-0.537,311.8,48.89%,63.54%,0.032,-0.328,-0.111,-0.209,56.87%,3.55,36.74%,18.37%,18.37%,+.048,+.030,6.3,6.16%,50.83%,"37' 10""","28' 3""",50.5,49.5,75.71%,"33' 1""","18' 3"""
36724,Augusto Núñez,Argentina,2023,71.834,-0.679,310.0,56.38%,68.50%,-0.196,-0.522,0.111,-0.157,61.00%,3.51,33.71%,14.20%,19.52%,-.026,E,5.4,5.96%,54.88%,"35' 7""","25' 10""",44.1,55.9,83.60%,"33' 10""","18' 4"""
24925,Jonathan Byrd,United States,2023,71.865,-0.740,289.3,61.29%,65.19%,-0.515,-0.454,-0.299,-0.287,65.69%,3.43,29.02%,13.14%,15.88%,+.037,+.060,6.9,4.31%,59.80%,"32' 3""","26' 3""",47.5,52.5,82.80%,"37' 10""","16' 2"""
33408,Tyson Alexander,United States,2023,71.870,-0.952,299.5,53.30%,63.86%,-0.291,-0.293,-0.426,-0.659,56.96%,3.61,36.74%,15.45%,21.29%,+.162,+.074,7.1,5.11%,51.04%,"32' 2""","25' 4""",42.1,57.9,78.97%,"34' 4""","17' 9"""
25686,Jason Dufner,United States,2023,71.870,-0.586,299.1,58.02%,68.62%,0.101,-0.697,-0.111,0.111,57.59%,3.68,31.73%,15.08%,16.65%,+.019,+.118,6.7,5.13%,56.44%,"28' 9""","24' 8""",48.9,51.1,83.18%,"32' 11""","17' 3"""
34610,Matthias Schwab,Austria,2023,71.907,-1.021,294.0,61.53%,65.59%,-0.446,-0.374,-0.443,-0.647,58.93%,3.36,29.84%,13.35%,16.49%,+.060,+.074,6.4,4.75%,59.05%,"30' 2""","25' 3""",47.2,52.8,82.72%,"38' 1""","14' 2"""
33597,Harry Higgs,United States,2023,71.982,-1.226,301.6,53.87%,64.68%,-0.844,0.218,-0.487,-1.443,57.12%,3.83,33.13%,16.87%,16.26%,+.015,+.175,7.4,6.77%,52.71%,"36' 4""","24' 9""",54.0,46.0,79.91%,"34' 11""","18' 4"""
49453,Trevor Cone,United States,2023,71.990,-0.345,314.0,53.63%,69.65%,-0.179,-0.197,0.550,-0.147,55.58%,3.78,38.11%,18.18%,19.93%,-.006,-.032,4.2,5.36%,52.33%,"35' 5""","24' 8""",47.9,52.1,83.20%,"35' 7""","18' 7"""
27554,Scott Harrington,United States,2023,71.996,-0.670,308.1,52.74%,66.39%,-0.246,-0.441,0.149,-0.228,54.96%,3.89,36.32%,17.39%,18.93%,+.142,-.007,5.6,6.01%,52.05%,"34' 5""","24' 8""",45.4,54.6,80.63%,"35' 9""","17' 6"""
48084,Wesley Bryan,United States,2023,72.010,-1.074,299.6,53.96%,64.93%,-0.423,-0.483,-0.446,-0.590,62.05%,3.90,34.69%,18.90%,15.79%,-.030,+.013,4.3,5.98%,55.02%,"37' 8""","24' 11""",51.9,48.1,80.42%,"33' 3""","18' 4"""
47128,Richy Werenski,United States,2023,72.017,-0.760,300.5,58.38%,62.79%,-0.802,0.316,-0.137,-1.076,57.01%,3.75,32.59%,18.06%,14.53%,+.104,+.112,5.0,4.74%,57.62%,"32' 0""","24' 5""",56.4,43.6,80.20%,"34' 4""","17' 6"""
35901,Paul Haley II,United States,2023,72.019,-1.044,284.1,65.75%,64.79%,-0.441,-0.238,-0.352,-0.805,57.63%,3.42,28.81%,13.56%,15.25%,+.214,+.140,4.8,3.26%,63.09%,"27' 0""","25' 0""",49.1,50.9,83.11%,"33' 8""","17' 1"""
52411,Kyle Westmoreland,United States,2023,72.114,-0.897,313.5,47.59%,66.46%,-0.510,-0.431,0.093,-0.466,54.51%,3.61,42.30%,16.95%,25.36%,+.148,+.099,3.9,8.41%,45.41%,"43' 2""","24' 4""",42.0,58.0,79.16%,"35' 4""","15' 8"""
58967,Trevor Werbylo,United States,2023,72.156,-1.042,305.7,51.44%,64.12%,-0.757,-0.185,-0.137,-0.857,57.65%,3.35,35.51%,17.19%,18.32%,E,+.117,6.0,6.65%,51.82%,"34' 9""","25' 5""",49.2,50.8,78.85%,"37' 4""","14' 11"""
51414,Brent Grant,United States,2023,72.176,-1.449,311.2,63.62%,68.39%,-0.674,-1.081,0.806,-0.367,50.84%,3.87,30.43%,13.51%,16.92%,+.104,+.168,4.2,5.05%,60.35%,"28' 4""","25' 10""",47.9,52.1,85.23%,"35' 1""","19' 0"""
35617,Martin Trainer,France,2023,72.232,-1.099,302.2,56.41%,65.17%,-0.650,-0.053,-0.364,-1.045,57.72%,3.97,38.24%,18.74%,19.50%,+.039,+.041,5.7,4.78%,51.24%,"34' 7""","23' 8""",51.6,48.4,80.70%,"38' 1""","15' 8"""
31560,Brian Stuard,United States,2023,72.270,-1.084,271.5,64.67%,62.40%,-0.352,0.236,-1.077,-1.320,60.32%,3.41,31.21%,12.28%,18.93%,+.168,+.071,4.3,2.31%,62.14%,"25' 6""","26' 8""",39.4,60.6,82.43%,"35' 9""","18' 1"""
49766,Hank Lebioda,United States,2023,72.300,-0.956,297.6,58.68%,67.58%,-0.221,-0.008,-0.359,-0.948,58.71%,3.26,31.83%,17.04%,14.78%,+.071,+.173,6.3,4.35%,57.57%,"28' 5""","24' 6""",54.4,45.6,83.23%,"34' 11""","13' 11"""
27974,Sung Kang,South Korea,2023,72.497,-0.876,289.0,52.11%,67.23%,0.013,-0.097,-0.610,-0.779,53.98%,3.63,38.00%,16.78%,21.21%,+.077,+.042,4.2,5.36%,52.45%,"33' 6""","27' 2""",45.2,54.8,78.17%,"32' 11""","15' 11"""
31557,Jim Herman,United States,2023,72.506,-1.413,290.0,65.92%,67.46%,-0.579,-0.497,-0.038,-0.917,54.10%,3.29,25.40%,11.32%,14.09%,+.238,+.061,4.8,3.46%,66.28%,"23' 11""","22' 3""",44.4,55.6,83.47%,"34' 6""","18' 9"""
51950,Max McGreevy,United States,2023,72.507,-1.730,290.2,59.17%,63.59%,-0.790,-0.527,-0.439,-1.203,55.39%,3.34,32.77%,10.32%,22.45%,+.217,+.209,4.5,5.33%,57.37%,"29' 10""","23' 6""",33.4,66.6,79.78%,"36' 2""","16' 2"""
33410,Andrew Landry,United States,2023,72.547,-1.315,288.4,64.16%,64.03%,-0.911,0.075,-0.208,-1.390,59.65%,3.35,27.68%,10.48%,17.20%,+.139,+.109,5.8,3.30%,63.21%,"25' 7""","23' 4""",41.2,58.8,83.38%,"35' 2""","19' 6"""
29970,Dylan Frittelli,South Africa,2023,72.552,-1.258,303.2,46.99%,59.62%,-0.620,0.041,-0.695,-1.299,57.14%,3.37,37.93%,15.96%,21.97%,+.064,+.200,7.4,8.43%,46.23%,"39' 5""","24' 3""",45.6,54.4,71.83%,"37' 0""","16' 7"""
28420,Ryan Brehm,United States,2023,72.610,-1.159,308.1,48.96%,64.53%,-0.554,0.212,-0.376,-1.370,54.10%,3.40,39.54%,20.48%,19.06%,+.017,+.101,6.0,7.30%,47.17%,"34' 11""","27' 5""",53.0,47.0,78.39%,"35' 4""","20' 0"""
32662,Michael Gligic,Canada,2023,72.794,-1.409,304.6,52.61%,64.16%,-0.534,-0.281,-0.081,-1.127,54.35%,3.11,38.36%,15.37%,22.99%,+.172,+.101,5.1,5.78%,50.78%,"37' 0""","25' 10""",41.5,58.5,78.62%,"34' 10""","21' 1"""
27095,Nick Watney,United States,2023,72.906,-1.908,295.8,48.54%,63.45%,-0.191,-0.193,-1.343,-1.715,53.60%,3.25,39.30%,18.97%,20.33%,+.100,+.079,6.2,7.05%,47.43%,"41' 3""","26' 11""",49.1,50.9,74.98%,"34' 0""","17' 6"""
51491,Brandon Matthews,United States,2023,73.153,-2.202,321.3,47.38%,64.41%,-0.209,-1.072,-0.029,-1.131,50.53%,3.46,39.49%,15.58%,23.91%,+.038,+.151,3.3,7.25%,50.00%,"45' 4""","24' 7""",38.2,61.8,77.71%,"34' 2""","20' 11"""
46046,Scottie Scheffler,United States,2024,68.645,2.496,303.8,66.90%,73.16%,1.269,0.095,0.816,2.401,66.18%,4.88,24.25%,12.70%,11.43%,-.081,-.109,5.3,4.04%,66.51%,"18' 10""","21' 3""",53.5,46.5,86.22%,"31' 0""","12' 4"""
48081,Xander Schauffele,United States,2024,69.137,1.941,308.5,60.84%,69.97%,0.678,0.510,0.557,1.431,70.73%,4.33,27.42%,11.03%,15.86%,-.066,-.010,5.6,6.62%,60.92%,"26' 7""","22' 10""",44.7,55.3,82.42%,"32' 8""","17' 5"""
50525,Collin Morikawa,United States,2024,69.794,1.203,296.0,70.15%,65.19%,0.292,0.121,0.417,1.082,65.45%,4.34,21.58%,8.24%,13.35%,+.070,+.101,5.4,2.82%,70.18%,"19' 11""","20' 11""",40.9,59.1,85.57%,"34' 10""","16' 6"""
29420,Billy Horschel,United States,2024,69.875,0.731,299.4,63.76%,66.45%,0.007,0.442,0.146,0.289,63.62%,3.87,29.79%,17.01%,12.35%,E,+.064,4.9,4.23%,61.54%,"23' 1""","22' 0""",58.3,41.7,81.40%,"33' 10""","17' 7"""
28237,Rory McIlroy,Northern Ireland,2024,69.914,1.412,320.2,60.29%,65.70%,0.260,0.173,0.730,1.239,64.08%,4.06,26.71%,10.10%,16.49%,+.049,-.138,5.5,6.97%,60.98%,"24' 10""","22' 2""",43.9,56.1,81.39%,"33' 4""","16' 0"""
58168,Davis Thompson,United States,2024,69.944,1.060,306.3,61.88%,68.64%,0.306,0.042,0.280,1.018,60.83%,4.13,28.04%,13.52%,14.16%,+.083,-.060,4.9,5.63%,61.80%,"29' 10""","20' 8""",50.9,49.1,82.66%,"34' 3""","15' 9"""
24502,Adam Scott,Australia,2024,69.969,0.938,307.1,58.28%,66.35%,0.114,0.399,0.321,0.540,62.09%,3.94,29.34%,12.69%,16.53%,-.085,+.083,5.9,6.75%,58.09%,"27' 9""","21' 6""",41.3,58.7,81.41%,"34' 8""","15' 1"""
52955,Ludvig Åberg,Sweden,2024,69.988,1.064,310.1,62.38%,68.15%,0.434,0.135,0.502,0.929,63.95%,4.16,27.95%,13.65%,14.30%,+.008,+.016,6.3,4.55%,61.21%,"25' 0""","22' 11""",48.4,51.6,82.10%,"32' 6""","14' 6"""
51977,Max Greyserman,United States,2024,69.998,0.870,311.0,59.10%,68.54%,0.013,0.749,0.180,0.121,62.16%,4.37,31.92%,13.73%,17.73%,-.052,+.017,5.4,7.55%,55.61%,"30' 0""","20' 11""",44.8,55.2,82.19%,"33' 0""","17' 7"""
27349,Alex Noren,Sweden,2024,70.005,1.011,295.5,63.78%,68.28%,0.286,0.213,0.118,0.798,67.26%,3.81,28.35%,14.23%,13.87%,-.087,-.051,5.9,3.26%,62.73%,"23' 5""","21' 4""",50.3,49.7,84.34%,"36' 10""","16' 10"""
46414,Aaron Rai,England,2024,70.027,1.185,293.8,72.02%,71.58%,0.676,0.054,0.303,1.131,63.18%,3.88,19.38%,8.14%,10.85%,+.036,-.071,4.7,2.91%,73.45%,"21' 3""","21' 5""",46.0,54.0,87.73%,"33' 2""","18' 2"""
46442,Maverick McNealy,United States,2024,70.104,1.037,302.5,61.22%,67.93%,-0.080,0.351,0.391,0.685,65.16%,4.24,30.10%,12.81%,17.20%,+.005,-.100,5.8,3.48%,60.75%,"25' 2""","20' 9""",44.8,55.2,81.86%,"33' 8""","15' 1"""
32839,Hideki Matsuyama,Japan,2024,70.123,1.268,299.4,58.80%,66.74%,0.499,-0.118,0.306,1.386,68.17%,3.91,30.79%,13.15%,17.64%,+.045,+.017,4.2,5.73%,59.33%,"27' 3""","23' 1""",42.7,57.3,80.95%,"31' 11""","13' 10"""
51997,Andrew Novak,United States,2024,70.141,0.786,298.7,58.76%,71.15%,0.430,-0.003,0.159,0.789,62.88%,4.12,30.41%,12.58%,17.16%,+.056,+.068,5.9,5.34%,59.01%,"28' 9""","21' 9""",45.2,54.8,83.10%,"31' 9""","16' 6"""
40250,Taylor Pendrith,Canada,2024,70.185,0.880,313.6,57.39%,67.03%,0.186,0.592,0.149,0.288,58.76%,4.35,29.47%,14.27%,15.20%,+.054,-.058,5.3,8.62%,56.57%,"34' 8""","20' 2""",48.4,51.6,80.78%,"33' 9""","16' 0"""
54591,Ben Griffin,United States,2024,70.192,0.716,295.6,59.21%,69.79%,0.327,0.238,-0.120,0.478,63.88%,4.13,31.27%,12.70%,18.49%,-.013,-.051,5.7,4.42%,58.68%,"29' 5""","21' 11""",43.5,56.5,82.54%,"33' 1""","17' 5"""
33448,Justin Thomas,United States,2024,70.200,0.762,309.1,55.83%,65.59%,0.639,-0.478,0.135,1.240,62.17%,4.20,29.96%,14.13%,15.71%,-.039,+.017,6.5,7.31%,56.39%,"30' 2""","21' 9""",52.2,47.8,79.37%,"33' 4""","15' 5"""
47504,Sam Burns,United States,2024,70.203,1.003,307.4,61.62%,64.69%,0.173,0.496,0.265,0.507,60.78%,4.42,24.86%,10.97%,13.79%,+.016,-.020,6.1,7.60%,61.56%,"27' 1""","22' 2""",46.3,53.7,81.35%,"34' 0""","16' 5"""
34098,Russell Henley,United States,2024,70.215,0.950,291.3,69.49%,64.99%,0.343,0.304,0.014,0.646,65.00%,3.85,22.36%,12.68%,9.68%,+.115,+.096,5.7,3.11%,68.85%,"19' 3""","20' 8""",57.6,42.4,84.89%,"34' 8""","14' 0"""
47679,Victor Perez,France,2024,70.238,0.482,301.1,60.10%,68.52%,0.305,0.126,0.084,0.356,59.56%,3.56,32.69%,15.13%,17.31%,+.126,+.088,4.8,3.75%,58.96%,"28' 5""","21' 9""",49.1,50.9,82.22%,"33' 5""","18' 8"""
39997,Corey Conners,Canada,2024,70.240,0.962,301.2,64.29%,70.31%,0.776,-0.168,0.411,1.130,56.56%,4.02,25.16%,10.65%,14.33%,-.026,+.052,5.8,5.05%,64.19%,"21' 11""","23' 1""",38.9,61.1,83.83%,"32' 7""","19' 1"""
52215,Robert MacIntyre,Scotland,2024,70.266,0.725,304.9,56.64%,65.97%,-0.051,0.321,0.288,0.404,64.85%,3.92,32.10%,14.48%,16.57%,-.091,-.024,5.6,5.79%,57.59%,"28' 11""","20' 6""",45.4,54.6,79.98%,"32' 7""","16' 6"""
37455,Si Woo Kim,Republic of Korea,2024,70.274,0.761,294.8,67.16%,65.40%,0.506,-0.218,0.280,0.980,63.69%,4.02,24.56%,10.99%,13.48%,+.041,+.076,5.5,3.97%,66.02%,"21' 0""","21' 6""",47.2,52.8,83.66%,"33' 11""","14' 2"""
52375,Doug Ghim,United States,2024,70.293,0.871,297.2,68.04%,72.65%,0.659,-0.191,0.413,1.062,62.28%,4.00,23.90%,13.33%,10.57%,-.061,+.055,5.1,3.49%,67.46%,"23' 2""","22' 5""",60.8,39.2,86.25%,"31' 8""","15' 5"""
39971,Sungjae Im,Republic of Korea,2024,70.294,0.800,298.8,63.61%,65.13%,0.054,0.138,0.344,0.662,63.74%,4.26,27.30%,13.83%,13.56%,-.081,+.026,6.2,2.82%,63.69%,"22' 2""","21' 10""",51.0,49.0,82.34%,"33' 2""","18' 5"""
39546,Keith Mitchell,United States,2024,70.311,0.822,311.8,59.09%,70.44%,0.531,-0.330,0.615,1.152,60.32%,4.49,31.90%,16.67%,15.23%,-.019,+.017,4.4,5.08%,58.62%,"30' 5""","22' 0""",55.2,44.8,83.07%,"31' 8""","14' 11"""
48117,Kurt Kitayama,United States,2024,70.314,0.738,308.7,59.29%,68.85%,0.608,-0.433,0.446,1.171,62.75%,3.85,28.62%,10.95%,17.05%,-.036,E,5.7,6.51%,59.81%,"25' 6""","24' 9""",42.1,57.9,83.24%,"30' 1""","16' 11"""
29725,Tony Finau,United States,2024,70.332,1.033,308.4,58.36%,68.99%,0.808,-0.296,0.161,1.330,58.05%,4.25,29.20%,14.14%,14.85%,-.041,-.086,7.1,5.90%,57.99%,"30' 0""","23' 3""",53.7,46.3,83.00%,"32' 11""","13' 11"""
33204,Shane Lowry,Ireland,2024,70.342,0.657,300.4,66.02%,66.98%,0.531,-0.076,0.234,0.733,58.65%,3.89,20.66%,10.21%,10.45%,+.079,+.023,7.6,6.10%,65.61%,"23' 7""","21' 2""",54.4,45.6,84.18%,"33' 4""","16' 3"""
45522,Christiaan Bezuidenhout,South Africa,2024,70.363,0.641,290.7,59.49%,62.06%,0.237,0.459,-0.233,0.181,64.93%,3.80,29.03%,14.61%,14.31%,+.105,+.158,6.2,4.80%,60.06%,"23' 6""","20' 3""",50.8,49.2,77.05%,"32' 5""","14' 0"""
51634,Sahith Theegala,United States,2024,70.373,0.944,305.7,59.04%,67.86%,0.272,0.257,0.350,0.687,60.97%,4.14,28.21%,12.15%,16.14%,-.037,+.014,6.6,6.03%,59.13%,"27' 11""","23' 4""",44.0,56.0,82.23%,"34' 0""","17' 4"""
27644,Brian Harman,United States,2024,70.390,0.788,292.7,67.19%,65.84%,0.322,0.291,0.083,0.497,61.50%,3.89,23.43%,13.53%,9.81%,+.139,+.040,5.0,4.27%,67.48%,"21' 10""","21' 0""",55.9,44.1,83.47%,"33' 9""","18' 3"""
57975,Harry Hall,England,2024,70.423,0.672,301.5,57.52%,66.39%,0.167,0.279,-0.181,0.392,62.40%,4.52,32.81%,17.30%,15.20%,-.124,-.024,4.6,6.29%,56.60%,"33' 11""","21' 7""",56.1,43.9,80.53%,"33' 10""","14' 6"""
35506,Mackenzie Hughes,Canada,2024,70.425,0.705,298.2,54.85%,63.68%,-0.192,0.742,-0.289,-0.037,64.73%,3.93,33.45%,16.08%,17.20%,-.010,E,5.5,5.42%,55.80%,"27' 4""","23' 0""",49.5,50.5,77.88%,"37' 4""","17' 2"""
30911,Tommy Fleetwood,England,2024,70.442,0.659,300.4,69.22%,67.29%,0.099,0.040,0.302,0.618,66.03%,3.56,22.43%,9.15%,12.95%,+.147,+.061,4.7,3.91%,69.31%,"23' 0""","21' 7""",39.3,60.7,85.71%,"34' 10""","20' 1"""
51766,Wyndham Clark,United States,2024,70.444,1.032,314.0,55.25%,65.34%,0.075,0.476,0.420,0.556,59.81%,4.25,32.44%,12.49%,19.49%,+.036,+.009,3.9,8.75%,55.43%,"31' 0""","24' 7""",42.0,58.0,79.23%,"33' 5""","12' 6"""
56630,Akshay Bhatia,United States,2024,70.448,0.748,299.8,65.50%,66.02%,0.264,0.345,0.188,0.403,61.79%,3.90,25.18%,12.68%,12.59%,+.014,E,4.8,5.84%,64.14%,"25' 10""","22' 3""",49.2,50.8,83.33%,"32' 3""","16' 3"""
47993,Denny McCarthy,United States,2024,70.459,0.716,290.6,62.62%,62.64%,-0.017,0.699,-0.324,0.018,66.15%,3.87,28.55%,11.18%,16.82%,+.092,+.016,4.9,4.82%,62.27%,"22' 8""","21' 11""",41.1,58.9,79.51%,"33' 9""","16' 3"""
35461,Beau Hossler,United States,2024,70.462,0.593,302.7,59.66%,69.54%,-0.374,0.496,0.086,0.097,62.88%,4.22,29.12%,16.03%,13.10%,-.035,+.023,5.8,6.23%,58.88%,"28' 7""","22' 6""",55.2,44.8,82.37%,"36' 5""","17' 1"""
59143,Mac Meissner,United States,2024,70.466,0.706,302.8,62.05%,69.98%,0.405,-0.056,0.184,0.762,62.72%,3.99,28.33%,14.67%,13.44%,-.075,+.092,4.3,5.15%,62.49%,"29' 6""","20' 4""",54.1,45.9,82.03%,"30' 7""","14' 7"""
57900,Chandler Phillips,United States,2024,70.470,0.453,295.1,64.42%,65.39%,0.101,0.322,0.005,0.131,63.44%,4.28,27.63%,13.52%,14.01%,+.014,+.050,3.8,5.54%,63.13%,"27' 7""","20' 11""",51.4,48.6,83.39%,"31' 1""","17' 7"""
27064,Jhonattan Vegas,Venezuela,2024,70.486,0.565,313.9,59.05%,72.30%,0.433,-0.280,0.611,0.846,56.82%,4.23,34.21%,18.25%,15.97%,-.060,+.066,4.4,3.24%,58.10%,"27' 0""","19' 8""",54.2,45.8,85.01%,"31' 3""","20' 9"""
39327,Ben Silverman,Canada,2024,70.492,0.717,293.9,62.89%,70.09%,-0.008,0.550,0.097,0.167,64.05%,3.90,30.00%,13.27%,16.73%,+.055,-.092,4.6,2.55%,62.86%,"22' 7""","19' 9""",44.4,55.6,84.79%,"32' 7""","19' 1"""
36801,Mark Hubbard,United States,2024,70.522,0.297,294.7,66.69%,68.18%,0.249,0.017,0.054,0.280,59.08%,4.11,24.14%,8.40%,15.73%,+.073,+.137,4.9,4.45%,66.47%,"23' 9""","24' 5""",35.2,64.8,85.20%,"34' 3""","16' 9"""
34587,Chan Kim,United States,2024,70.544,0.508,301.8,64.58%,70.69%,0.354,-0.412,0.242,0.920,63.98%,4.21,27.47%,14.81%,12.45%,-.008,+.014,3.9,4.32%,64.51%,"28' 6""","22' 3""",56.9,43.1,85.24%,"32' 11""","18' 3"""
35450,Patrick Cantlay,United States,2024,70.549,0.664,302.7,58.42%,63.08%,0.024,0.234,0.187,0.430,63.89%,4.06,29.35%,16.36%,12.99%,+.040,+.032,5.5,7.79%,57.40%,"23' 2""","25' 1""",57.5,42.5,80.09%,"34' 3""","19' 6"""
37378,Min Woo Lee,Australia,2024,70.549,0.478,314.8,57.44%,65.40%,-0.213,-0.110,0.690,0.588,55.23%,3.91,30.48%,12.27%,17.72%,E,-.010,6.1,6.20%,57.74%,"30' 2""","21' 8""",41.2,58.8,80.96%,"34' 0""","17' 10"""
40162,Justin Lower,United States,2024,70.549,0.201,295.2,60.63%,69.59%,0.166,0.350,-0.234,-0.149,58.57%,4.32,30.32%,14.67%,15.03%,-.023,+.018,6.1,6.33%,57.91%,"25' 6""","21' 2""",51.8,48.2,83.37%,"32' 5""","18' 10"""
29908,C.T. Pan,Chinese Taipei,2024,70.549,0.541,294.4,64.43%,67.80%,0.159,0.045,-0.023,0.496,62.87%,3.76,26.90%,12.31%,14.47%,+.096,+.041,5.1,3.81%,64.34%,"22' 1""","22' 7""",48.1,51.9,84.35%,"33' 7""","20' 6"""
32367,Jorge Campillo,Spain,2024,70.563,0.241,296.7,61.76%,66.35%,0.157,-0.110,-0.096,0.352,61.27%,3.71,31.51%,17.08%,14.26%,+.037,-.021,3.3,5.46%,59.86%,"32' 1""","20' 6""",55.8,44.2,83.89%,"35' 1""","17' 0"""
49771,J.T. Poston,United States,2024,70.577,0.486,293.1,65.49%,66.08%,0.012,0.252,-0.011,0.234,59.92%,4.13,25.44%,10.45%,14.99%,+.099,+.133,5.1,4.07%,65.40%,"23' 7""","21' 4""",43.0,57.0,81.99%,"33' 11""","15' 6"""
60004,Jacob Bridgeman,United States,2024,70.581,0.557,300.6,59.50%,68.38%,0.084,0.584,-0.251,-0.027,61.26%,4.43,31.35%,14.34%,16.52%,-.037,E,5.6,6.80%,56.74%,"32' 5""","24' 8""",48.7,51.3,82.56%,"31' 10""","17' 0"""
45242,Kevin Yu,Chinese Taipei,2024,70.599,0.336,308.0,59.66%,71.54%,0.319,-0.288,0.539,0.624,59.89%,4.04,32.64%,13.58%,18.40%,+.006,+.008,5.5,4.49%,58.05%,"26' 3""","20' 4""",44.0,56.0,82.45%,"32' 3""","18' 5"""
33653,Thomas Detry,Belgium,2024,70.600,0.231,303.3,58.98%,63.35%,-0.196,0.532,0.120,-0.301,60.41%,4.10,31.05%,11.77%,19.28%,+.099,-.105,4.7,6.17%,58.07%,"25' 9""","24' 10""",40.7,59.3,79.55%,"34' 4""","17' 6"""
48887,Matt Wallace,England,2024,70.607,0.317,298.7,55.74%,69.53%,0.225,0.069,-0.246,0.248,60.68%,3.97,32.66%,18.35%,13.67%,+.028,-.014,5.2,5.70%,57.22%,"31' 2""","23' 3""",56.7,43.3,82.88%,"34' 2""","16' 6"""
55893,Sam Stevens,United States,2024,70.612,0.541,306.3,59.38%,70.01%,-0.296,0.306,0.433,0.235,62.95%,4.19,32.17%,15.49%,16.68%,-.033,-.071,5.9,4.31%,57.65%,"29' 6""","19' 8""",50.2,49.8,83.60%,"33' 7""","18' 7"""
39975,Michael Kim,United States,2024,70.618,0.184,302.9,58.10%,70.16%,0.311,0.084,-0.239,0.100,57.70%,4.36,31.39%,14.94%,16.22%,+.108,+.031,7.2,6.07%,55.54%,"31' 9""","21' 3""",51.3,48.7,81.85%,"31' 7""","16' 0"""
33948,Byeong Hun An,Republic of Korea,2024,70.627,0.499,317.1,53.33%,67.63%,0.181,-0.079,0.404,0.579,58.35%,4.20,32.93%,16.03%,16.68%,-.085,E,6.2,7.85%,53.22%,"33' 3""","24' 5""",48.2,51.8,79.18%,"31' 5""","15' 9"""
57362,Austin Eckroat,United States,2024,70.633,0.301,300.8,67.86%,66.17%,0.395,-0.172,0.333,0.473,56.75%,3.91,21.66%,10.14%,11.52%,+.104,+.136,5.2,5.35%,67.83%,"22' 11""","21' 11""",47.1,52.9,84.05%,"33' 10""","17' 0"""
51287,Ryo Hisatsune,Japan,2024,70.654,0.271,295.4,63.43%,70.44%,0.181,0.065,0.041,0.206,58.61%,3.92,27.77%,11.59%,15.34%,+.143,+.027,5.7,4.28%,63.05%,"25' 3""","23' 2""",41.1,58.9,85.03%,"33' 3""","18' 2"""
25900,Lucas Glover,United States,2024,70.673,0.646,289.9,69.31%,69.12%,0.710,-0.215,-0.017,0.861,58.99%,3.98,23.37%,10.89%,11.92%,E,+.043,4.0,3.82%,69.37%,"20' 5""","22' 10""",45.9,54.1,85.15%,"31' 0""","16' 10"""
28252,Seamus Power,Ireland,2024,70.681,0.377,300.3,64.52%,67.88%,0.238,0.041,0.059,0.336,63.96%,3.75,24.57%,11.60%,12.57%,+.110,+.021,5.1,5.43%,65.29%,"25' 0""","22' 6""",49.4,50.6,83.61%,"32' 5""","15' 5"""
46717,Viktor Hovland,Norway,2024,70.700,0.721,305.1,60.65%,67.84%,0.458,0.269,0.507,0.451,55.15%,4.28,29.53%,11.81%,17.17%,+.040,-.186,5.8,4.81%,60.58%,"23' 1""","22' 11""",42.1,57.9,83.58%,"31' 11""","18' 1"""
54576,Patrick Fishburn,United States,2024,70.706,0.480,308.8,62.68%,74.21%,-0.083,0.078,0.616,0.403,61.23%,4.11,32.94%,12.58%,19.84%,-.013,+.052,3.5,5.19%,58.88%,"27' 3""","19' 7""",41.4,58.6,87.11%,"32' 9""","18' 10"""
34099,Harris English,United States,2024,70.709,0.359,301.9,65.36%,65.89%,-0.325,0.491,0.095,-0.132,63.75%,3.71,23.85%,10.73%,13.03%,+.063,+.077,7.2,5.14%,63.85%,"25' 4""","22' 1""",45.3,54.7,82.87%,"36' 5""","17' 3"""
29936,Ryan Fox,New Zealand,2024,70.712,0.132,310.9,52.32%,65.95%,0.008,0.181,0.175,-0.049,55.86%,3.86,31.67%,13.82%,17.32%,+.031,+.069,6.2,9.88%,52.82%,"30' 7""","22' 10""",49.4,50.6,78.53%,"32' 3""","16' 5"""
55182,Tom Kim,Republic of Korea,2024,70.715,0.371,299.0,64.92%,66.17%,0.263,-0.081,0.132,0.452,58.00%,4.10,25.55%,10.24%,15.11%,+.033,+.019,5.3,4.97%,64.41%,"20' 0""","22' 9""",42.2,57.8,81.65%,"33' 7""","15' 3"""
35532,Tom Hoge,United States,2024,70.727,0.483,296.2,60.72%,67.66%,0.754,0.037,-0.062,0.446,57.82%,4.23,30.68%,11.45%,19.08%,+.046,+.035,6.0,3.42%,60.02%,"24' 10""","23' 3""",41.9,58.1,81.89%,"30' 7""","16' 5"""
51696,Rico Hoey,Philippines,2024,70.731,0.423,309.3,63.49%,70.90%,0.155,-0.254,0.586,0.677,59.77%,4.16,29.53%,11.62%,17.70%,+.018,+.065,4.6,4.23%,61.89%,"25' 1""","22' 1""",40.6,59.4,85.91%,"32' 8""","14' 8"""
36699,Patrick Rodgers,United States,2024,70.740,0.208,306.1,59.14%,69.83%,-0.191,0.125,0.189,0.083,60.41%,4.04,30.84%,13.88%,16.96%,-.029,+.023,6.6,5.03%,57.55%,"26' 11""","23' 4""",45.3,54.7,81.87%,"33' 6""","18' 0"""
52513,Carson Young,United States,2024,70.742,0.257,295.6,70.50%,69.57%,0.153,0.129,0.301,0.128,58.60%,4.23,23.70%,11.46%,12.14%,+.169,+.026,4.5,2.74%,69.15%,"23' 0""","21' 3""",49.3,50.7,86.55%,"32' 2""","17' 4"""
33141,Keegan Bradley,United States,2024,70.748,0.340,305.5,62.55%,67.09%,0.301,-0.141,0.173,0.482,56.41%,3.95,24.55%,13.18%,11.37%,+.168,+.053,6.6,5.94%,62.88%,"25' 7""","21' 7""",51.3,48.7,82.22%,"32' 7""","12' 9"""
40098,Matt Fitzpatrick,England,2024,70.751,0.406,299.0,63.18%,64.40%,-0.122,0.417,0.036,-0.011,61.76%,3.87,27.38%,13.11%,14.04%,+.058,+.106,4.9,5.10%,62.88%,"22' 0""","22' 2""",53.1,46.9,80.99%,"34' 7""","19' 11"""
30163,Henrik Norlander,Sweden,2024,70.754,0.448,295.3,67.97%,71.72%,0.571,-0.178,0.034,0.626,66.96%,4.12,26.25%,11.50%,14.45%,+.031,-.026,4.7,3.24%,66.08%,"22' 6""","22' 7""",43.9,56.1,85.19%,"32' 9""","20' 11"""
28089,Jason Day,Australia,2024,70.758,0.483,300.8,61.16%,63.45%,-0.343,0.541,0.132,-0.058,63.00%,4.08,26.85%,11.42%,15.55%,E,-.011,6.7,4.98%,61.48%,"25' 10""","22' 9""",42.7,57.3,80.48%,"37' 5""","16' 1"""
40026,Daniel Berger,United States,2024,70.766,0.287,298.1,70.42%,71.20%,0.218,-0.404,0.385,0.691,55.84%,4.04,22.45%,7.80%,14.53%,+.083,+.062,3.6,4.56%,69.51%,"23' 4""","21' 4""",35.0,65.0,87.24%,"32' 5""","18' 1"""
24024,Zach Johnson,United States,2024,70.772,0.318,284.1,66.27%,66.20%,-0.121,0.420,-0.099,-0.103,61.64%,4.02,27.21%,12.52%,14.69%,+.136,+.027,4.7,1.50%,66.61%,"22' 2""","21' 10""",42.9,57.1,83.43%,"34' 4""","18' 9"""
51890,Greyson Sigg,United States,2024,70.778,0.080,294.0,65.21%,71.49%,0.414,-0.502,-0.066,0.581,64.87%,3.63,25.77%,11.95%,13.71%,+.032,+.055,4.9,5.59%,63.82%,"29' 1""","21' 7""",47.6,52.4,87.55%,"33' 5""","15' 2"""
40006,Erik van Rooyen,South Africa,2024,70.783,0.560,308.2,59.89%,69.83%,0.095,0.403,0.278,0.157,57.11%,4.11,29.87%,12.67%,16.58%,+.012,+.033,4.9,7.52%,58.29%,"28' 7""","25' 6""",45.0,55.0,82.76%,"32' 11""","17' 10"""
39324,J.J. Spaun,United States,2024,70.790,0.390,301.5,61.73%,70.90%,0.469,-0.035,-0.016,0.424,57.76%,4.09,29.38%,12.05%,17.23%,+.081,-.033,5.2,5.28%,60.36%,"26' 4""","22' 1""",43.0,57.0,83.66%,"31' 1""","18' 4"""
32333,Kevin Tway,United States,2024,70.805,0.145,306.2,62.29%,70.28%,-0.565,0.362,0.177,-0.217,59.50%,3.77,31.51%,14.79%,16.72%,+.029,+.087,5.0,3.54%,59.97%,"29' 8""","20' 10""",52.0,48.0,84.61%,"38' 2""","18' 8"""
23108,Matt Kuchar,United States,2024,70.819,0.245,288.3,66.07%,66.44%,-0.124,0.351,-0.228,-0.107,60.32%,3.51,25.11%,13.36%,11.75%,+.174,+.048,6.1,3.99%,64.76%,"23' 8""","20' 1""",56.3,43.7,82.74%,"35' 9""","16' 3"""
36799,Stephan Jaeger,Germany,2024,70.825,0.392,310.3,60.56%,66.03%,-0.086,0.010,0.309,0.382,59.63%,4.14,26.32%,11.72%,14.50%,+.034,+.110,6.0,6.75%,61.07%,"32' 1""","22' 4""",49.5,50.5,81.33%,"33' 11""","16' 1"""
47591,Eric Cole,United States,2024,70.828,0.287,297.2,57.25%,62.67%,0.204,0.258,-0.346,0.030,61.61%,3.98,30.56%,15.51%,14.67%,+.005,+.107,6.3,6.13%,57.41%,"29' 11""","22' 10""",52.9,47.1,78.12%,"32' 5""","16' 8"""
57366,Cameron Young,United States,2024,70.841,0.262,308.9,59.61%,66.19%,0.116,-0.234,0.375,0.496,59.03%,3.98,28.54%,13.67%,14.87%,-.020,+.036,5.4,7.39%,58.78%,"27' 10""","23' 6""",47.0,53.0,80.78%,"32' 6""","17' 10"""
34021,Bud Cauley,United States,2024,70.844,0.313,299.7,61.73%,70.58%,0.161,-0.175,0.176,0.488,65.73%,3.72,28.84%,12.07%,16.76%,E,+.012,6.4,3.13%,61.65%,"26' 3""","21' 5""",44.7,55.3,84.13%,"32' 9""","13' 0"""
34046,Jordan Spieth,United States,2024,70.844,0.265,306.9,62.45%,65.87%,-0.204,-0.006,0.500,0.271,53.95%,4.04,24.57%,10.97%,13.60%,E,-.052,5.4,7.31%,62.74%,"27' 1""","21' 11""",44.0,56.0,82.86%,"34' 7""","18' 8"""
47483,Will Zalatoris,United States,2024,70.849,0.016,302.5,59.96%,65.32%,0.197,-0.181,0.128,0.197,61.17%,3.43,29.70%,11.51%,17.45%,+.078,+.054,4.5,6.68%,59.90%,"29' 8""","23' 9""",39.3,60.7,80.09%,"33' 8""","18' 10"""
51349,Nico Echavarria,Colombia,2024,70.853,0.023,295.4,65.28%,70.08%,0.030,0.083,-0.029,-0.061,58.02%,4.23,25.62%,10.58%,14.52%,+.014,+.196,4.9,6.22%,63.90%,"26' 4""","23' 4""",49.8,50.2,83.91%,"33' 7""","16' 6"""
12716,Charley Hoffman,United States,2024,70.895,0.116,304.4,58.37%,66.98%,0.170,-0.241,0.135,0.357,58.41%,4.29,34.06%,13.96%,19.98%,+.024,+.164,5.5,4.09%,56.56%,"30' 7""","21' 1""",42.0,58.0,80.27%,"33' 3""","15' 7"""
32791,K.H. Lee,Republic of Korea,2024,70.897,0.209,301.9,63.32%,67.66%,-0.233,0.155,0.118,0.054,59.69%,3.79,27.63%,13.66%,13.33%,+.105,+.071,6.9,3.87%,62.26%,"26' 3""","20' 11""",52.9,47.1,83.10%,"35' 6""","16' 4"""
60067,Joe Highsmith,United States,2024,70.903,0.026,306.5,62.55%,70.32%,0.061,-0.269,0.066,0.294,57.22%,4.39,30.53%,16.33%,14.07%,-.018,+.138,5.4,4.27%,59.92%,"30' 1""","21' 9""",53.6,46.4,84.57%,"32' 5""","17' 8"""
49960,Sepp Straka,Austria,2024,70.906,0.205,294.7,70.04%,67.53%,0.303,-0.018,0.253,0.223,59.33%,3.68,21.37%,9.76%,11.61%,+.112,+.100,4.8,4.23%,69.63%,"23' 11""","20' 4""",45.1,54.9,84.79%,"34' 5""","15' 3"""
48867,Matti Schmid,Germany,2024,70.907,0.311,308.2,61.02%,69.73%,0.035,0.260,0.259,0.051,58.35%,4.19,30.05%,13.81%,15.78%,+.015,+.109,4.6,5.45%,60.32%,"30' 5""","21' 8""",49.1,50.9,82.50%,"32' 6""","21' 8"""
50484,Hayden Springer,United States,2024,70.920,0.357,311.1,59.42%,69.21%,-0.119,0.177,0.269,0.180,60.65%,4.21,31.76%,12.81%,18.56%,+.007,-.092,4.2,6.93%,57.52%,"33' 7""","22' 5""",43.6,56.4,83.77%,"36' 1""","12' 11"""
48084,Wesley Bryan,United States,2024,70.922,-0.118,302.6,60.57%,69.78%,-0.142,-0.158,0.047,0.040,58.82%,4.34,33.33%,17.08%,15.43%,-.080,-.048,5.6,5.14%,56.79%,"30' 4""","22' 7""",51.7,48.3,83.43%,"31' 6""","14' 8"""
34256,Andrew Putnam,United States,2024,70.941,0.297,280.8,65.70%,68.92%,0.212,0.289,-0.485,0.007,62.22%,3.86,26.46%,11.51%,14.48%,+.033,+.067,4.5,4.03%,65.48%,"21' 7""","24' 3""",45.5,54.5,84.94%,"35' 11""","16' 8"""
48153,Matthieu Pavon,France,2024,70.948,-0.014,300.9,63.18%,65.96%,0.249,0.125,0.027,-0.138,58.55%,3.69,24.35%,11.56%,12.24%,+.044,-.118,6.8,7.48%,61.90%,"27' 2""","22' 4""",51.1,48.9,81.93%,"33' 9""","15' 6"""
49947,Taylor Moore,United States,2024,70.961,0.210,306.8,59.08%,66.39%,-0.289,0.190,0.261,0.020,60.60%,3.78,30.36%,12.87%,17.41%,-.057,-.038,5.4,5.53%,58.75%,"28' 10""","23' 7""",45.0,55.0,82.27%,"35' 9""","17' 5"""
33968,Thorbjørn Olesen,Denmark,2024,70.965,0.101,302.1,55.45%,63.77%,0.022,0.251,-0.372,-0.150,56.55%,3.85,32.77%,14.34%,18.06%,-.052,-.052,7.4,5.40%,54.75%,"34' 4""","25' 4""",47.9,52.1,78.64%,"35' 3""","13' 9"""
34255,Joseph Bramlett,United States,2024,70.975,0.216,311.0,56.10%,69.91%,0.103,-0.472,0.355,0.688,61.10%,3.85,32.38%,15.48%,16.70%,+.006,-.013,5.2,6.92%,55.70%,"32' 0""","22' 5""",50.6,49.4,82.13%,"34' 4""","15' 10"""
40115,Adam Svensson,Canada,2024,70.976,0.100,297.4,65.70%,67.55%,0.344,-0.447,0.059,0.547,61.44%,3.56,24.78%,10.95%,13.90%,+.067,+.053,5.6,4.54%,65.06%,"23' 8""","22' 1""",46.3,53.7,83.36%,"33' 2""","18' 6"""
30926,Chris Kirk,United States,2024,71.013,0.105,299.9,65.53%,65.80%,0.155,-0.427,0.266,0.532,59.49%,4.10,23.94%,11.17%,12.77%,-.058,+.095,6.6,4.57%,64.89%,"24' 3""","23' 6""",47.6,52.4,83.73%,"35' 2""","15' 4"""
33399,Adam Hadwin,Canada,2024,71.018,-0.028,297.6,61.98%,64.91%,-0.053,0.023,-0.002,-0.051,55.51%,4.00,27.76%,15.40%,12.36%,+.057,+.145,5.9,4.36%,62.01%,"23' 1""","23' 5""",52.5,47.5,80.85%,"33' 6""","17' 10"""
29535,Brice Garnett,United States,2024,71.028,-0.150,289.2,70.51%,71.06%,0.185,-0.424,-0.173,0.275,60.80%,3.92,21.85%,10.59%,11.26%,+.134,+.159,5.2,2.35%,70.59%,"23' 1""","22' 9""",46.8,53.2,84.58%,"33' 6""","17' 9"""
31646,Emiliano Grillo,Argentina,2024,71.050,0.050,292.5,63.64%,65.88%,0.272,0.129,0.057,-0.079,57.85%,3.60,27.12%,13.79%,12.77%,+.146,+.074,5.4,3.91%,64.12%,"21' 2""","22' 11""",49.6,50.4,82.24%,"32' 10""","16' 2"""
32757,Patton Kizzire,United States,2024,71.054,0.288,301.7,63.31%,71.95%,0.458,-0.167,-0.062,0.455,60.06%,4.34,28.96%,11.20%,17.62%,-.047,+.073,4.5,4.37%,62.30%,"33' 0""","23' 10""",39.5,60.5,86.11%,"31' 2""","16' 6"""
30927,Brendon Todd,United States,2024,71.058,-0.112,279.8,68.07%,63.08%,-0.423,0.409,-0.398,-0.521,62.01%,3.65,22.31%,11.56%,10.75%,+.083,+.042,4.3,4.45%,68.96%,"23' 6""","21' 9""",52.5,47.5,83.31%,"36' 11""","14' 5"""
51894,Vince Whaley,United States,2024,71.067,-0.177,306.0,54.70%,66.74%,-0.337,0.518,-0.620,-0.694,62.18%,4.18,34.74%,18.12%,16.62%,+.016,+.015,6.5,7.49%,51.23%,"34' 8""","22' 11""",53.6,46.4,79.80%,"36' 1""","13' 8"""
28775,Nate Lashley,United States,2024,71.074,0.236,293.0,66.96%,69.97%,0.212,0.047,-0.243,0.188,63.75%,3.64,28.22%,15.34%,12.88%,-.064,+.084,3.2,3.51%,65.11%,"24' 9""","23' 2""",52.9,47.1,85.77%,"33' 4""","18' 2"""
22405,Justin Rose,England,2024,71.109,-0.445,297.5,63.20%,63.30%,-0.377,0.022,-0.061,-0.467,62.53%,3.66,25.20%,10.78%,14.42%,+.112,+.100,6.9,5.26%,62.67%,"26' 9""","22' 10""",44.0,56.0,82.13%,"34' 1""","14' 9"""
54783,Dylan Wu,United States,2024,71.122,0.045,295.6,61.01%,68.13%,0.180,0.103,-0.287,-0.059,59.26%,4.05,30.87%,16.48%,14.18%,-.051,+.076,4.3,4.80%,60.27%,"29' 3""","22' 7""",55.2,44.8,82.67%,"34' 5""","16' 1"""
31323,Gary Woodland,United States,2024,71.126,-0.220,313.1,54.97%,66.25%,0.268,-0.229,0.053,0.009,53.50%,3.73,31.50%,13.41%,17.99%,+.147,-.023,4.6,8.13%,55.89%,"32' 11""","21' 10""",44.5,55.5,80.02%,"34' 11""","19' 3"""
25493,Nick Taylor,Canada,2024,71.155,0.133,293.2,61.70%,64.79%,0.243,-0.042,-0.120,0.175,60.46%,3.66,26.85%,13.28%,13.57%,-.056,+.064,6.4,4.65%,62.14%,"21' 9""","22' 3""",46.9,53.1,82.41%,"33' 10""","16' 9"""
40058,Zac Blair,United States,2024,71.158,-0.087,283.0,67.37%,66.67%,0.110,-0.114,-0.294,0.027,63.01%,3.49,23.88%,7.50%,16.28%,+.048,+.104,5.6,4.19%,66.47%,"21' 1""","22' 10""",32.5,67.5,85.00%,"34' 9""","15' 3"""
39977,Max Homa,United States,2024,71.176,-0.054,300.2,56.62%,63.71%,0.145,-0.025,-0.383,-0.029,62.21%,3.70,31.86%,14.72%,16.61%,+.051,+.007,6.1,6.62%,55.94%,"26' 5""","24' 1""",49.5,50.5,78.40%,"34' 4""","14' 1"""
47983,Chad Ramey,United States,2024,71.192,-0.057,293.9,65.07%,68.81%,-0.402,0.406,-0.116,-0.462,57.94%,3.95,28.24%,12.12%,15.91%,+.073,+.017,5.5,3.16%,63.33%,"24' 1""","23' 5""",45.4,54.6,84.41%,"34' 2""","19' 11"""
27936,Martin Laird,Scotland,2024,71.200,-0.218,290.5,60.86%,69.37%,-0.328,0.164,-0.357,-0.382,61.21%,3.96,30.92%,14.71%,15.84%,-.031,+.076,5.1,4.86%,59.48%,"26' 3""","23' 7""",52.2,47.8,82.87%,"34' 9""","17' 5"""
59866,Nick Dunlap,United States,2024,71.205,-0.155,307.3,55.25%,64.26%,0.205,-0.006,-0.245,-0.149,54.99%,4.31,31.10%,13.85%,17.14%,+.086,+.057,7.5,6.02%,55.51%,"30' 9""","20' 6""",46.1,53.9,78.37%,"33' 7""","13' 10"""
50188,S.H. Kim,Republic of Korea,2024,71.205,-0.177,303.9,56.94%,62.17%,-0.626,0.491,-0.206,-0.668,59.16%,4.13,29.33%,15.52%,13.73%,+.024,+.042,6.1,7.39%,57.27%,"32' 9""","22' 11""",54.7,45.3,79.05%,"36' 0""","18' 9"""
34563,Chesson Hadley,United States,2024,71.206,-0.046,305.0,59.50%,68.43%,-0.154,0.265,0.062,-0.312,57.33%,3.91,32.34%,15.70%,16.53%,+.086,-.076,5.1,5.23%,57.55%,"27' 3""","22' 3""",52.9,47.1,82.42%,"33' 11""","18' 4"""
29221,Webb Simpson,United States,2024,71.209,-0.144,300.2,58.87%,61.76%,-0.321,-0.299,-0.100,0.155,60.97%,3.49,30.52%,15.70%,14.81%,+.130,+.019,5.6,5.19%,58.67%,"28' 0""","20' 8""",55.6,44.4,80.85%,"34' 1""","20' 11"""
35310,Lanto Griffin,United States,2024,71.211,-0.133,304.8,62.10%,72.53%,0.168,-0.129,0.204,-0.004,53.93%,3.99,31.05%,13.47%,17.46%,-.021,+.083,4.5,4.61%,59.98%,"24' 11""","23' 0""",46.3,53.7,84.50%,"34' 8""","18' 4"""
59095,Chris Gotterup,United States,2024,71.224,-0.139,316.2,49.54%,67.68%,-0.419,-0.083,0.253,-0.056,58.60%,3.88,38.26%,14.67%,22.80%,-.035,-.077,4.7,7.45%,50.34%,"40' 1""","21' 5""",43.1,56.9,80.08%,"35' 4""","18' 5"""
59836,Pierceson Coody,United States,2024,71.256,-0.074,312.6,58.38%,68.66%,-0.378,0.505,0.072,-0.579,55.00%,4.15,34.55%,15.39%,18.68%,+.157,+.008,3.6,5.76%,56.52%,"30' 8""","21' 4""",44.4,55.6,81.86%,"34' 10""","16' 2"""
34076,Joel Dahmen,United States,2024,71.258,-0.073,294.0,67.39%,71.04%,0.486,-0.693,0.278,0.620,58.41%,3.86,26.79%,11.61%,15.08%,+.145,+.051,4.1,2.48%,66.77%,"25' 4""","20' 8""",46.9,53.1,85.36%,"30' 9""","15' 2"""
26596,Ryan Moore,United States,2024,71.264,0.013,288.3,70.38%,68.83%,0.427,-0.580,-0.048,0.593,62.13%,3.61,24.04%,12.59%,11.45%,-.010,+.081,2.9,3.97%,69.05%,"23' 1""","20' 8""",51.0,49.0,86.75%,"32' 4""","18' 5"""
52453,Nicolai Højgaard,Denmark,2024,71.310,-0.176,309.1,54.30%,65.11%,0.359,-0.231,0.013,0.056,55.87%,3.49,31.05%,13.73%,16.99%,+.096,+.107,7.0,9.64%,52.61%,"29' 0""","23' 11""",48.0,52.0,77.97%,"31' 7""","15' 8"""
50095,Austin Smotherman,United States,2024,71.310,0.108,299.8,64.77%,73.17%,0.456,-0.557,0.236,0.665,59.38%,3.74,28.90%,12.55%,15.97%,-.012,+.030,4.9,4.37%,62.17%,"26' 1""","19' 5""",46.1,53.9,85.23%,"31' 9""","15' 2"""
54628,Lee Hodges,United States,2024,71.318,-0.209,296.6,66.75%,68.13%,0.363,-0.302,-0.023,0.093,60.34%,3.62,25.44%,11.75%,13.69%,+.160,+.129,5.0,2.94%,66.58%,"24' 1""","22' 9""",47.0,53.0,83.02%,"32' 9""","18' 10"""
52514,Trace Crowe,United States,2024,71.322,-0.075,301.8,59.96%,66.50%,-0.069,0.074,-0.134,-0.148,57.07%,4.32,29.34%,14.46%,14.60%,-.038,+.038,5.6,5.51%,59.78%,"33' 10""","23' 0""",52.7,47.3,81.78%,"32' 0""","17' 7"""
59442,Parker Coody,United States,2024,71.334,-0.289,303.9,53.29%,66.06%,0.242,-0.223,-0.148,-0.066,61.90%,3.40,36.91%,17.76%,18.99%,+.089,E,5.8,6.13%,51.30%,"36' 1""","21' 9""",53.1,46.9,78.55%,"33' 4""","15' 4"""
46340,Alex Smalley,United States,2024,71.346,-0.351,307.5,62.43%,70.65%,-0.086,-0.418,0.352,0.067,56.78%,3.99,30.84%,12.73%,17.63%,+.021,+.077,4.9,4.90%,59.85%,"26' 6""","21' 8""",44.7,55.3,84.95%,"32' 9""","22' 0"""
32366,Kevin Chappell,United States,2024,71.365,-0.299,300.7,59.49%,68.25%,-0.307,0.058,-0.112,-0.357,58.44%,3.82,29.84%,11.37%,17.76%,+.030,-.016,7.1,7.82%,55.95%,"29' 9""","20' 10""",45.1,54.9,84.10%,"33' 7""","18' 6"""
46441,Robby Shelton,United States,2024,71.367,-0.353,291.6,59.77%,64.69%,-0.162,0.036,-0.577,-0.388,59.63%,3.97,28.43%,11.39%,17.04%,+.045,+.068,7.1,4.87%,59.73%,"28' 8""","21' 7""",45.6,54.4,80.36%,"34' 5""","17' 2"""
52666,Sami Valimaki,Finland,2024,71.375,-0.211,299.2,59.93%,65.09%,-0.036,0.060,0.067,-0.272,57.03%,3.70,29.09%,12.48%,16.60%,+.062,+.113,5.8,3.86%,61.26%,"29' 7""","22' 2""",45.1,54.9,80.87%,"33' 0""","18' 5"""
27139,David Skinns,England,2024,71.385,-0.159,302.8,55.20%,69.99%,0.270,-0.082,-0.234,-0.077,57.79%,3.82,35.49%,18.55%,16.40%,-.020,+.122,5.7,6.04%,53.29%,"32' 8""","20' 5""",52.6,47.4,81.31%,"32' 9""","16' 8"""
36884,Ben Kohles,United States,2024,71.386,-0.348,290.9,70.57%,70.00%,0.169,-0.201,0.015,-0.148,53.59%,3.78,22.08%,10.40%,11.68%,+.161,+.190,4.0,3.47%,70.50%,"21' 4""","21' 11""",50.2,49.8,85.67%,"34' 3""","16' 7"""
26476,Chez Reavie,United States,2024,71.391,-0.198,287.8,68.43%,69.12%,0.394,-0.292,-0.437,0.094,60.05%,3.64,25.58%,12.02%,13.31%,+.117,+.108,4.7,3.62%,66.41%,"24' 8""","21' 3""",49.0,51.0,85.49%,"32' 8""","16' 9"""
47988,Nick Hardy,United States,2024,71.396,-0.093,304.5,59.38%,70.50%,0.223,-0.191,0.253,0.098,57.36%,3.94,32.61%,11.66%,20.95%,+.072,+.024,4.6,4.17%,58.67%,"29' 6""","23' 7""",38.5,61.5,83.55%,"33' 5""","15' 11"""
45157,Cam Davis,Australia,2024,71.404,-0.426,303.2,61.08%,63.49%,-0.105,-0.254,-0.109,-0.172,57.51%,4.06,28.86%,13.52%,15.34%,+.184,+.052,4.5,6.05%,60.54%,"30' 2""","23' 6""",47.3,52.7,79.61%,"34' 0""","15' 1"""
37275,Sam Ryder,United States,2024,71.417,-0.422,292.8,65.83%,67.85%,0.263,-0.127,-0.332,-0.295,55.53%,4.24,27.21%,12.09%,14.87%,+.033,+.120,4.7,5.08%,63.24%,"30' 4""","23' 8""",48.6,51.4,85.51%,"34' 1""","16' 8"""
32070,Rafael Campos,Puerto Rico,2024,71.426,-0.723,303.8,59.98%,68.33%,0.061,-0.288,-0.180,-0.434,58.77%,3.88,32.56%,17.44%,14.95%,+.100,+.019,5.0,6.48%,56.15%,"34' 11""","22' 11""",53.8,46.2,81.13%,"34' 3""","16' 5"""
52374,Brandon Wu,United States,2024,71.430,-0.458,291.5,61.97%,67.70%,-0.006,-0.138,-0.478,-0.320,59.02%,3.85,28.37%,9.11%,18.92%,-.030,+.101,6.1,5.31%,60.55%,"28' 0""","23' 4""",36.5,63.5,82.89%,"34' 7""","15' 6"""
27129,Luke List,United States,2024,71.455,-0.316,304.7,58.47%,67.97%,-0.160,-0.010,0.103,-0.306,55.86%,3.74,31.40%,15.65%,15.65%,+.063,+.126,7.2,4.60%,56.89%,"29' 1""","25' 11""",53.1,46.9,81.38%,"34' 3""","18' 6"""
54421,Garrick Higgo,South Africa,2024,71.460,-0.583,308.8,57.10%,67.86%,-0.377,0.066,-0.184,-0.649,55.80%,3.87,32.71%,14.20%,18.04%,+.097,+.041,5.6,6.87%,55.30%,"34' 5""","22' 1""",44.0,56.0,82.42%,"34' 5""","16' 4"""
27214,Kevin Streelman,United States,2024,71.466,-0.238,297.5,64.35%,68.12%,-0.053,-0.205,0.064,-0.033,55.81%,3.82,27.81%,11.13%,16.69%,E,+.091,4.9,4.55%,62.71%,"24' 5""","21' 1""",45.6,54.4,83.68%,"32' 4""","16' 1"""
36326,David Lipsky,United States,2024,71.478,-0.397,289.6,62.92%,68.28%,0.263,-0.385,-0.415,-0.013,57.61%,3.69,28.54%,13.77%,14.64%,+.034,+.218,6.3,4.88%,60.45%,"27' 2""","21' 3""",50.2,49.8,82.29%,"33' 2""","18' 10"""
50493,Justin Suh,United States,2024,71.493,-0.324,300.2,63.23%,67.04%,-0.523,0.589,-0.203,-0.914,53.53%,4.05,28.84%,10.55%,18.17%,+.090,+.044,5.0,4.69%,61.55%,"28' 0""","21' 10""",39.8,60.2,83.75%,"33' 11""","17' 3"""
52372,Cameron Champ,United States,2024,71.519,-0.160,322.8,60.94%,68.32%,-0.716,0.310,0.883,-0.470,57.54%,3.47,30.10%,15.80%,14.31%,+.104,-.019,4.0,5.37%,60.51%,"29' 10""","22' 2""",50.2,49.8,84.10%,"35' 2""","21' 8"""
32102,Rickie Fowler,United States,2024,71.546,-0.210,297.7,60.59%,65.01%,-0.117,0.136,-0.180,-0.346,58.35%,3.78,26.64%,10.89%,14.80%,+.064,+.019,6.2,6.45%,61.63%,"26' 10""","23' 6""",42.5,57.5,80.76%,"34' 3""","19' 1"""
32640,Troy Merritt,United States,2024,71.560,-0.293,292.8,66.12%,66.07%,0.163,-0.381,-0.123,0.088,58.19%,3.94,26.13%,9.38%,16.38%,-.008,-.093,6.5,4.50%,63.25%,"29' 8""","22' 5""",38.2,61.8,85.53%,"32' 8""","15' 7"""
47347,Adam Schenk,United States,2024,71.617,-0.411,302.1,60.05%,65.16%,-0.531,0.026,0.188,-0.437,59.45%,3.75,30.45%,13.27%,17.19%,+.057,+.060,5.5,4.81%,59.31%,"27' 5""","21' 7""",44.6,55.4,81.23%,"34' 3""","19' 6"""
33486,Roger Sloan,Canada,2024,71.622,0.069,293.2,64.22%,67.34%,0.098,0.181,-0.348,-0.111,62.11%,3.81,29.63%,12.18%,17.46%,+.047,+.011,4.1,4.60%,61.71%,"30' 0""","21' 5""",41.9,58.1,83.15%,"33' 3""","14' 9"""
47420,Jake Knapp,United States,2024,71.630,-0.323,309.5,56.23%,65.41%,0.001,-0.082,-0.045,-0.241,54.60%,3.85,29.81%,16.28%,13.42%,+.071,+.052,6.9,6.87%,56.55%,"33' 7""","21' 6""",55.4,44.6,79.31%,"32' 8""","16' 0"""
45609,Tyler Duncan,United States,2024,71.655,-0.625,297.6,67.01%,67.62%,-0.541,-0.224,0.264,-0.400,60.05%,3.36,25.19%,8.27%,16.93%,+.130,+.078,6.1,3.10%,65.63%,"25' 0""","21' 11""",37.8,62.2,84.94%,"35' 8""","21' 7"""
36871,Matt NeSmith,United States,2024,71.680,-0.484,297.7,63.87%,70.60%,-0.065,-0.187,-0.020,-0.297,56.43%,3.38,28.95%,12.79%,16.05%,+.043,+.136,5.1,4.30%,61.74%,"28' 10""","21' 1""",47.2,52.8,83.63%,"32' 5""","17' 6"""
34466,Peter Malnati,United States,2024,71.685,-0.578,297.7,52.69%,61.41%,-0.308,0.257,-0.589,-0.836,58.73%,3.40,32.22%,15.57%,16.76%,+.115,+.103,6.8,7.63%,53.38%,"32' 3""","21' 2""",48.8,51.2,76.20%,"35' 11""","17' 3"""
48319,Tom Whitney,United States,2024,71.734,-0.602,296.5,65.36%,69.20%,0.231,-0.637,0.197,0.035,55.44%,3.90,27.58%,13.64%,13.93%,+.198,+.064,5.7,4.06%,62.70%,"25' 4""","21' 0""",49.6,50.4,84.75%,"32' 5""","16' 1"""
47995,Davis Riley,United States,2024,71.767,-0.630,303.6,56.62%,64.31%,-0.486,0.289,-0.360,-0.919,57.36%,3.99,31.35%,17.03%,13.48%,+.070,-.037,5.5,7.52%,56.43%,"32' 6""","22' 8""",60.5,39.5,78.16%,"34' 11""","16' 8"""
50497,Adrien Dumont de Chassart,Belgium,2024,71.821,-1.207,302.6,55.54%,66.22%,-0.379,-0.266,-0.336,-0.942,55.56%,3.74,33.08%,16.86%,16.22%,+.117,+.135,6.3,5.96%,54.63%,"38' 7""","21' 7""",50.3,49.7,78.31%,"33' 7""","17' 0"""
22371,Aaron Baddeley,Australia,2024,71.828,-0.499,283.4,57.92%,63.39%,-0.359,0.487,-1.031,-0.986,64.24%,3.58,32.46%,15.05%,17.04%,+.029,+.074,5.1,5.72%,57.09%,"31' 9""","23' 6""",47.4,52.6,79.60%,"36' 2""","16' 0"""
47663,Kevin Dougherty,United States,2024,71.828,-0.539,316.8,56.19%,68.82%,-0.518,-0.414,0.766,-0.124,55.75%,3.62,34.12%,13.59%,20.24%,-.036,+.033,4.1,5.02%,57.02%,"33' 7""","22' 8""",38.5,61.5,82.83%,"34' 3""","23' 7"""
38991,Alejandro Tosti,Argentina,2024,71.895,-0.713,315.6,52.93%,65.06%,-0.602,-0.414,0.547,-0.300,51.84%,4.04,36.71%,16.92%,19.31%,+.117,+.028,5.4,5.72%,52.68%,"26' 2""","23' 9""",48.4,51.6,79.18%,"34' 10""","17' 1"""
55789,Taylor Montgomery,United States,2024,71.916,-0.704,289.7,49.06%,60.49%,-0.442,0.866,-1.352,-1.570,61.72%,3.86,38.10%,19.52%,18.57%,+.043,+.008,6.2,9.05%,46.67%,"39' 3""","24' 6""",49.7,50.3,73.26%,"34' 3""","15' 5"""
23320,Ryan Palmer,United States,2024,72.044,-0.875,298.8,65.10%,63.23%,-0.475,-0.414,0.125,-0.461,58.63%,3.49,29.39%,16.94%,12.45%,-.164,+.108,4.9,3.88%,61.84%,"28' 3""","21' 5""",60.3,39.7,84.20%,"35' 8""","24' 0"""
55708,Hayden Buckley,United States,2024,72.052,-0.746,298.0,65.49%,65.81%,-0.298,-0.284,0.069,-0.462,57.89%,3.51,25.03%,11.43%,13.60%,+.080,+.189,5.8,4.33%,64.98%,"26' 6""","21' 11""",49.5,50.5,83.20%,"35' 0""","20' 5"""
55454,Carl Yuan,People’s Rep of China,2024,72.065,-0.807,309.8,59.26%,63.11%,-0.359,-0.630,0.230,-0.177,58.59%,3.57,30.70%,15.69%,14.46%,+.094,+.087,4.4,6.14%,59.35%,"32' 9""","23' 5""",51.4,48.6,80.81%,"33' 6""","16' 5"""
46113,Ryan McCormick,United States,2024,72.083,-0.786,306.2,55.08%,68.49%,-0.151,0.170,-0.520,-0.955,56.36%,3.86,36.90%,17.89%,18.37%,-.157,+.143,3.8,7.67%,52.24%,"38' 1""","22' 8""",52.8,47.2,80.61%,"33' 7""","19' 4"""
33408,Tyson Alexander,United States,2024,72.102,-0.883,303.3,56.43%,63.19%,-0.468,0.314,-0.806,-1.197,57.55%,3.74,32.33%,15.02%,17.19%,+.098,+.008,6.4,8.17%,53.25%,"37' 10""","25' 5""",46.8,53.2,80.33%,"36' 9""","18' 1"""
56149,Wilson Furr,United States,2024,72.107,-0.550,311.7,54.19%,66.47%,-0.399,-0.024,-0.102,-0.526,58.14%,3.63,34.02%,15.82%,18.04%,+.061,-.040,5.5,7.12%,53.48%,"30' 7""","21' 3""",51.4,48.6,79.57%,"32' 8""","18' 4"""
48699,Callum Tarren,England,2024,72.117,-1.247,306.9,52.99%,66.43%,-0.092,-0.629,-0.344,-0.618,52.96%,3.52,37.77%,14.83%,22.43%,+.040,+.103,5.6,6.72%,50.44%,"34' 11""","22' 8""",42.8,57.2,80.10%,"34' 4""","20' 1"""
48119,Ben Taylor,England,2024,72.267,-1.067,299.4,54.52%,63.71%,-0.644,0.113,-0.675,-1.180,54.07%,3.35,33.83%,14.13%,19.57%,+.049,+.115,6.0,6.52%,53.80%,"33' 11""","22' 3""",46.0,54.0,78.42%,"35' 0""","16' 1"""
51070,Vincent Norrman,Sweden,2024,72.321,-1.374,311.0,58.27%,68.25%,-0.313,-0.954,0.214,-0.420,51.79%,3.00,29.67%,11.46%,17.74%,+.186,+.096,7.1,5.49%,58.24%,"29' 6""","25' 0""",43.0,57.0,80.09%,"35' 3""","19' 3"""
27330,Josh Teater,United States,2024,72.535,-1.421,298.1,63.71%,68.38%,-0.360,-0.862,-0.122,-0.559,54.39%,3.44,30.40%,10.33%,19.89%,+.058,+.222,5.5,4.78%,59.46%,"28' 5""","21' 3""",38.1,61.9,84.49%,"35' 5""","17' 0"""
35617,Martin Trainer,France,2024,72.551,-1.381,302.2,55.19%,62.11%,-1.028,0.347,-0.649,-1.728,57.77%,3.28,34.17%,14.67%,19.14%,-.047,+.049,5.5,7.51%,53.13%,"34' 9""","23' 10""",44.7,55.3,78.67%,"37' 11""","19' 5"""
27649,Brandt Snedeker,United States,2024,72.589,-1.164,281.0,62.03%,63.70%,-0.697,0.147,-0.561,-1.311,55.94%,3.48,28.87%,14.37%,14.23%,+.020,+.194,6.1,3.35%,61.92%,"25' 6""","20' 4""",54.0,46.0,81.39%,"38' 9""","18' 10"""
60767,"Blaine Hale, Jr.",United States,2024,72.697,-1.388,307.1,53.46%,65.28%,-0.157,-0.187,-0.384,-1.201,49.85%,3.65,35.33%,15.83%,19.31%,+.030,E,5.0,9.65%,50.19%,"36' 8""","24' 7""",48.4,51.6,77.15%,"35' 3""","20' 1"""
29478,Kevin Kisner,United States,2024,72.724,-1.691,282.8,62.23%,62.35%,-0.650,0.105,-0.732,-1.796,56.01%,3.19,29.14%,13.34%,15.64%,+.157,+.195,4.0,5.06%,61.96%,"28' 1""","21' 6""",44.6,55.4,80.98%,"37' 5""","19' 9"""
28420,Ryan Brehm,United States,2024,72.795,-1.336,309.0,57.83%,66.11%,-0.555,-0.363,0.103,-0.973,53.01%,3.30,32.53%,17.07%,15.14%,+.160,-.009,6.3,6.28%,55.23%,"37' 5""","22' 10""",55.3,44.7,82.29%,"36' 7""","21' 10"""
37212,Paul Barjon,France,2024,72.869,-1.804,313.0,57.47%,63.00%,-0.898,-0.059,0.085,-1.745,50.42%,3.56,33.39%,13.29%,19.77%,-.025,+.163,4.8,7.48%,54.65%,"31' 6""","23' 7""",41.5,58.5,79.76%,"35' 6""","21' 9"""
34374,Erik Barnes,United States,2024,72.881,-1.868,302.3,53.68%,61.63%,-0.662,-0.028,-1.143,-1.840,56.57%,3.55,31.63%,18.54%,12.76%,+.013,+.064,5.4,9.69%,53.57%,"37' 10""","22' 5""",57.2,42.8,76.97%,"36' 4""","17' 2"""
27770,Camilo Villegas,Colombia,2024,72.920,-1.988,284.9,57.80%,66.28%,-0.251,-0.720,-0.960,-1.268,51.16%,3.52,33.33%,15.70%,17.64%,+.073,+.165,5.5,5.66%,55.50%,"28' 0""","26' 6""",48.7,51.3,80.15%,"36' 4""","13' 8"""
47806,Raul Pereda,Mexico,2024,73.227,-1.879,290.1,56.77%,57.33%,-1.047,0.142,-0.836,-2.020,61.22%,2.96,35.77%,17.48%,18.29%,+.067,+.105,3.9,6.10%,54.27%,"33' 5""","22' 0""",45.5,54.5,76.15%,"36' 9""","19' 11"""
46046,Scottie Scheffler,United States,2025,68.131,2.743,308.3,63.04%,71.39%,1.291,0.382,0.748,2.361,68.69%,4.70,25.86%,14.59%,9.05%,-.022,-.055,6.7,5.73%,63.88%,"23' 2""","17' 8""",62.6,37.4,83.90%,"30' 1""","14' 0"""
28237,Rory McIlroy,Northern Ireland,2025,69.083,1.543,323.0,51.24%,67.72%,0.157,0.597,0.671,0.946,63.80%,4.22,36.09%,14.78%,17.97%,+.073,+.010,7.2,8.55%,51.45%,"31' 8""","20' 1""",45.2,54.8,77.89%,"32' 8""","16' 0"""
30911,Tommy Fleetwood,England,2025,69.357,1.629,299.4,65.37%,65.84%,0.711,0.404,0.242,1.225,63.30%,4.16,24.73%,11.05%,11.49%,+.057,+.040,6.7,6.24%,64.55%,"25' 0""","19' 4""",49.0,51.0,83.52%,"33' 6""","14' 7"""
54591,Ben Griffin,United States,2025,69.692,1.223,305.1,60.03%,69.66%,0.466,0.407,0.196,0.816,63.56%,4.11,29.77%,12.67%,17.10%,+.018,-.036,6.8,4.50%,58.93%,"29' 2""","19' 5""",43.4,56.6,81.29%,"34' 11""","15' 1"""
34098,Russell Henley,United States,2025,69.757,1.317,289.1,68.68%,70.06%,0.577,0.220,0.071,1.097,63.40%,4.13,22.52%,12.50%,10.02%,+.043,-.017,6.4,2.91%,68.21%,"18' 10""","18' 7""",57.3,42.7,85.45%,"31' 9""","13' 7"""
57975,Harry Hall,England,2025,69.764,1.178,303.6,58.05%,65.01%,-0.017,0.881,-0.069,0.298,65.88%,4.56,32.26%,14.47%,15.17%,-.029,+.012,5.1,7.41%,57.89%,"31' 10""","20' 3""",51.3,48.8,79.98%,"35' 7""","15' 4"""
39324,J.J. Spaun,United States,2025,69.830,1.158,306.1,62.05%,69.54%,0.738,0.113,0.291,1.045,60.92%,4.11,29.11%,11.72%,16.45%,+.040,-.008,8.0,4.06%,59.74%,"22' 9""","19' 1""",41.6,58.4,82.26%,"32' 5""","17' 3"""
52215,Robert MacIntyre,Scotland,2025,69.900,0.894,302.7,61.48%,68.65%,0.312,0.251,0.228,0.644,60.76%,4.06,26.93%,11.86%,13.14%,+.119,+.047,8.5,5.61%,60.94%,"25' 5""","19' 1""",47.2,52.8,82.14%,"32' 11""","18' 1"""
54421,Garrick Higgo,South Africa,2025,70.032,0.782,312.9,58.14%,71.64%,-0.114,0.661,0.127,0.121,65.71%,4.96,37.32%,18.78%,18.54%,-.101,+.013,5.9,3.52%,53.29%,"28' 11""","18' 6""",48.0,52.0,78.80%,"34' 5""","16' 8"""
49960,Sepp Straka,Austria,2025,70.047,1.072,297.9,65.66%,70.18%,0.677,0.237,0.228,0.835,59.31%,4.29,24.52%,9.55%,12.21%,+.139,+.078,6.2,6.05%,66.03%,"21' 8""","18' 10""",48.2,51.8,82.49%,"31' 3""","15' 10"""
48081,Xander Schauffele,United States,2025,70.112,0.454,311.9,55.58%,66.93%,0.578,-0.184,0.076,0.637,57.48%,3.92,30.75%,14.13%,14.27%,+.029,+.069,8.7,10.94%,51.94%,"27' 6""","20' 7""",54.4,45.6,75.97%,"32' 0""","20' 0"""
34046,Jordan Spieth,United States,2025,70.118,0.899,306.6,58.12%,64.62%,0.230,0.152,0.313,0.747,59.58%,3.90,28.54%,13.78%,14.75%,+.074,-.035,7.5,6.53%,57.44%,"29' 6""","19' 0""",49.9,50.1,81.22%,"34' 4""","17' 2"""
33968,Thorbjørn Olesen,Denmark,2025,70.134,0.802,304.7,64.29%,71.65%,0.209,0.352,0.220,0.450,59.55%,3.99,28.52%,10.09%,16.16%,+.054,+.065,4.9,5.64%,63.23%,"25' 10""","19' 3""",40.5,59.5,84.85%,"33' 11""","15' 6"""
34099,Harris English,United States,2025,70.143,0.611,304.3,61.76%,66.67%,-0.070,0.418,0.260,0.193,63.64%,3.57,29.34%,12.06%,15.76%,+.048,-.016,6.3,4.56%,61.35%,"25' 0""","18' 4""",46.7,53.3,82.48%,"35' 6""","16' 0"""
59095,Chris Gotterup,United States,2025,70.151,0.585,316.7,55.75%,70.33%,-0.013,0.004,0.566,0.581,63.58%,4.07,34.42%,15.74%,16.14%,+.025,-.071,5.7,8.02%,54.42%,"34' 0""","20' 9""",47.5,52.5,81.90%,"34' 8""","18' 8"""
52453,Nicolai Højgaard,Denmark,2025,70.178,0.715,318.8,53.19%,70.41%,0.600,0.190,0.212,0.524,55.23%,4.35,36.23%,15.10%,16.34%,-.065,+.059,3.4,11.90%,53.29%,"36' 11""","21' 4""",48.4,51.6,79.86%,"33' 0""","15' 4"""
47504,Sam Burns,United States,2025,70.184,0.997,307.5,60.20%,66.08%,-0.118,0.983,0.146,0.014,60.28%,4.24,29.57%,10.34%,17.18%,E,-.041,6.8,6.41%,59.23%,"25' 10""","19' 2""",40.8,59.2,79.56%,"33' 11""","16' 10"""
33448,Justin Thomas,United States,2025,70.187,1.001,305.3,53.32%,65.28%,0.325,0.340,0.078,0.662,59.20%,4.46,34.34%,13.80%,17.53%,-.083,+.053,7.1,8.30%,53.32%,"30' 5""","18' 8""",45.5,54.5,78.07%,"33' 11""","15' 2"""
48117,Kurt Kitayama,United States,2025,70.194,0.826,318.0,57.75%,67.79%,0.389,-0.269,0.535,1.094,58.74%,4.30,30.50%,11.00%,19.50%,-.050,-.119,6.6,4.68%,58.17%,"31' 3""","18' 8""",36.1,63.9,80.65%,"30' 1""","15' 0"""
33141,Keegan Bradley,United States,2025,70.195,0.981,306.4,61.39%,66.04%,0.278,-0.056,0.316,1.037,62.58%,3.83,26.66%,12.70%,13.96%,+.049,+.015,7.3,4.20%,61.82%,"23' 6""","19' 2""",50.8,49.2,82.16%,"32' 11""","17' 4"""
32839,Hideki Matsuyama,Japan,2025,70.214,0.755,300.2,58.50%,65.70%,0.483,-0.034,-0.171,0.789,64.97%,4.02,31.00%,14.76%,16.24%,+.042,+.067,7.9,3.54%,57.58%,"25' 11""","20' 11""",46.6,53.4,76.90%,"30' 8""","14' 0"""
46717,Viktor Hovland,Norway,2025,70.229,0.844,303.3,63.13%,67.26%,0.945,-0.070,0.099,0.914,57.44%,4.20,26.01%,9.09%,14.39%,+.140,+.028,6.4,7.32%,62.75%,"25' 6""","20' 2""",39.4,60.6,82.49%,"30' 1""","18' 0"""
46414,Aaron Rai,England,2025,70.234,0.808,289.6,73.85%,70.52%,0.476,-0.134,0.391,0.942,59.16%,3.85,19.77%,6.29%,12.11%,+.094,-.109,4.9,3.43%,73.26%,"17' 11""","19' 10""",35.7,64.3,87.44%,"35' 7""","15' 11"""
39997,Corey Conners,Canada,2025,70.260,0.683,298.2,66.64%,69.20%,0.315,0.133,0.388,0.550,59.02%,3.86,24.73%,12.51%,9.85%,+.080,+.150,6.3,5.52%,65.81%,"20' 3""","19' 10""",54.1,45.9,82.71%,"31' 7""","19' 1"""
46442,Maverick McNealy,United States,2025,70.264,0.740,306.8,59.15%,68.14%,0.280,0.350,0.185,0.390,57.88%,3.87,29.39%,11.57%,16.05%,+.037,+.124,8.1,5.83%,58.45%,"26' 8""","19' 3""",43.0,57.0,80.94%,"33' 10""","18' 1"""
52955,Ludvig Åberg,Sweden,2025,70.281,0.506,313.9,59.52%,66.18%,0.037,0.051,0.524,0.454,60.00%,4.16,28.54%,11.87%,14.39%,+.092,+.172,7.8,7.07%,58.87%,"26' 2""","19' 3""",46.9,53.1,79.17%,"30' 8""","15' 6"""
46340,Alex Smalley,United States,2025,70.294,0.657,306.2,63.96%,68.73%,0.083,0.043,0.409,0.615,63.22%,4.17,28.22%,11.51%,13.59%,-.046,+.009,5.8,7.05%,62.03%,"24' 10""","18' 0""",44.1,55.9,83.57%,"33' 0""","15' 11"""
33204,Shane Lowry,Ireland,2025,70.312,0.769,298.1,63.01%,67.06%,0.765,-0.123,0.084,0.892,62.17%,3.59,27.83%,12.26%,15.57%,E,+.135,6.0,3.18%,62.97%,"22' 10""","19' 3""",46.6,53.4,81.76%,"32' 0""","17' 3"""
50525,Collin Morikawa,United States,2025,70.313,0.892,298.3,70.65%,69.23%,0.765,-0.313,0.492,1.205,59.86%,4.01,21.30%,8.00%,11.89%,+.027,+.230,5.3,4.22%,70.59%,"20' 2""","18' 4""",42.5,57.5,86.61%,"31' 4""","15' 6"""
34021,Bud Cauley,United States,2025,70.349,0.645,301.4,61.24%,65.92%,0.377,0.118,0.149,0.528,60.13%,3.82,27.28%,12.69%,12.36%,E,+.053,5.9,8.13%,60.91%,"26' 3""","18' 4""",51.2,48.8,80.93%,"33' 1""","17' 0"""
35450,Patrick Cantlay,United States,2025,70.354,1.057,305.9,58.94%,70.05%,0.564,0.155,0.298,0.901,59.65%,4.14,31.24%,16.86%,14.38%,-.045,+.038,7.1,3.14%,58.49%,"25' 5""","19' 4""",55.3,44.7,82.97%,"32' 4""","18' 2"""
29936,Ryan Fox,New Zealand,2025,70.364,0.470,308.7,52.28%,64.21%,0.303,0.193,-0.047,0.277,54.77%,3.91,32.91%,11.12%,18.35%,-.025,+.124,8.6,10.21%,51.72%,"30' 4""","18' 7""",41.2,58.8,76.30%,"31' 8""","19' 4"""
37455,Si Woo Kim,Republic of Korea,2025,70.379,0.751,297.4,66.79%,66.67%,0.425,-0.367,0.343,1.118,62.12%,4.10,23.15%,8.63%,13.39%,+.024,-.065,6.5,5.00%,66.45%,"21' 1""","18' 9""",42.5,57.5,84.24%,"33' 8""","16' 2"""
40098,Matt Fitzpatrick,England,2025,70.382,0.647,302.7,61.29%,66.74%,0.123,0.326,0.103,0.321,61.40%,3.76,28.49%,13.00%,12.78%,+.017,+.150,6.7,6.72%,60.78%,"22' 9""","18' 8""",52.3,47.7,81.39%,"34' 0""","16' 5"""
39546,Keith Mitchell,United States,2025,70.388,0.501,314.2,60.36%,70.50%,0.172,-0.012,0.533,0.513,62.11%,4.43,31.75%,16.19%,13.33%,E,-.111,6.1,7.30%,57.04%,"28' 0""","18' 5""",53.9,46.1,82.29%,"33' 7""","17' 1"""
40250,Taylor Pendrith,Canada,2025,70.390,0.664,311.2,58.74%,68.97%,0.128,0.028,0.542,0.635,57.86%,3.88,29.53%,11.68%,15.89%,+.006,-.008,7.1,6.92%,58.41%,"28' 10""","19' 10""",47.7,52.3,81.47%,"33' 2""","18' 0"""
51696,Rico Hoey,Philippines,2025,70.396,0.332,307.7,67.69%,73.11%,0.667,-0.970,0.678,1.301,58.47%,4.22,25.26%,11.73%,13.54%,+.042,+.114,4.7,3.62%,66.44%,"24' 0""","17' 4""",48.7,51.3,85.89%,"30' 10""","18' 0"""
40026,Daniel Berger,United States,2025,70.400,0.527,302.9,66.42%,68.21%,0.456,-0.151,0.414,0.678,61.50%,3.71,25.78%,9.77%,13.75%,+.141,+.044,6.6,5.26%,64.66%,"21' 4""","17' 10""",43.6,56.4,83.73%,"32' 9""","14' 4"""
57364,Michael Thorbjornsen,United States,2025,70.413,0.394,317.8,64.16%,73.56%,0.123,-0.091,0.588,0.485,58.73%,4.35,29.91%,15.96%,13.95%,+.120,-.028,4.5,4.58%,61.05%,"27' 8""","18' 2""",56.4,43.6,86.14%,"32' 3""","17' 0"""
59836,Pierceson Coody,United States,2025,70.415,0.714,311.5,63.26%,72.22%,0.058,-0.126,0.789,0.841,61.92%,4.48,31.41%,12.61%,18.80%,E,+.068,4.7,2.56%,61.32%,"30' 0""","18' 5""",38.7,61.3,83.26%,"33' 0""","16' 1"""
48887,Matt Wallace,England,2025,70.418,0.449,302.9,59.73%,67.72%,0.093,0.036,-0.163,0.413,63.40%,3.77,30.82%,15.48%,12.17%,-.054,-.009,7.1,9.39%,55.82%,"29' 3""","20' 4""",55.0,45.0,81.45%,"36' 2""","15' 3"""
39975,Michael Kim,United States,2025,70.435,0.563,299.7,58.93%,64.99%,0.368,-0.003,0.043,0.566,62.98%,3.53,29.64%,14.34%,13.72%,+.038,-.025,7.0,5.89%,59.01%,"27' 5""","18' 1""",51.7,48.3,80.80%,"32' 11""","16' 9"""
25493,Nick Taylor,Canada,2025,70.459,0.654,295.2,66.58%,68.90%,0.427,0.128,0.002,0.526,62.75%,3.77,24.80%,11.06%,11.75%,-.051,+.081,7.2,4.78%,65.24%,"21' 10""","22' 2""",49.1,50.9,83.50%,"34' 5""","17' 5"""
45242,Kevin Yu,Chinese Taipei,2025,70.463,0.794,309.4,63.29%,70.67%,0.310,0.013,0.615,0.780,55.60%,4.25,27.51%,11.25%,13.85%,+.020,+.140,6.2,6.04%,62.64%,"25' 9""","19' 6""",46.7,53.3,81.67%,"32' 11""","14' 1"""
47993,Denny McCarthy,United States,2025,70.465,0.597,295.3,60.78%,66.41%,0.202,0.679,-0.258,-0.082,61.09%,3.68,28.19%,9.75%,17.55%,+.091,+.100,7.3,5.23%,60.20%,"26' 3""","19' 10""",38.7,61.3,79.40%,"33' 8""","17' 3"""
32102,Rickie Fowler,United States,2025,70.475,0.354,305.3,63.69%,65.30%,0.042,0.085,0.285,0.270,63.20%,3.99,25.41%,10.98%,14.43%,+.085,+.102,6.0,4.07%,64.53%,"28' 3""","17' 11""",46.5,53.5,82.42%,"33' 1""","17' 2"""
54628,Lee Hodges,United States,2025,70.479,0.653,299.7,64.95%,71.23%,0.465,0.056,0.075,0.597,63.86%,3.99,26.64%,11.45%,14.02%,E,+.031,6.4,4.44%,63.67%,"26' 1""","19' 11""",49.8,50.2,84.22%,"32' 7""","15' 1"""
28089,Jason Day,Australia,2025,70.480,0.451,300.3,61.06%,66.04%,-0.113,0.171,0.092,0.280,60.42%,3.89,29.73%,16.08%,13.65%,+.119,-.008,5.8,3.78%,60.68%,"28' 0""","20' 8""",55.4,44.6,81.67%,"36' 6""","16' 8"""
51894,Vince Whaley,United States,2025,70.485,0.405,307.7,56.15%,68.39%,-0.054,0.261,-0.001,0.144,65.55%,4.00,34.55%,18.28%,16.27%,E,E,7.1,3.92%,54.45%,"32' 2""","20' 6""",53.2,46.8,80.62%,"34' 7""","16' 0"""
59141,Matt McCarty,United States,2025,70.505,0.524,298.9,65.06%,66.80%,-0.055,0.435,0.090,0.089,62.80%,4.22,28.23%,12.50%,13.21%,+.008,+.153,4.0,5.75%,64.52%,"23' 2""","18' 11""",51.6,48.4,84.04%,"34' 6""","15' 2"""
31646,Emiliano Grillo,Argentina,2025,70.510,0.512,300.3,68.47%,68.52%,0.303,0.286,0.184,0.226,59.20%,3.98,24.86%,12.39%,12.48%,+.059,+.067,5.3,3.49%,66.33%,"24' 4""","18' 9""",52.2,47.8,84.19%,"32' 0""","15' 0"""
57366,Cameron Young,United States,2025,70.510,0.802,313.2,53.85%,64.18%,-0.124,0.642,0.317,0.160,59.36%,4.30,33.45%,16.64%,16.82%,-.005,+.027,6.8,5.64%,54.11%,"28' 7""","19' 2""",48.7,51.3,78.52%,"34' 11""","18' 5"""
59018,Ryan Gerard,United States,2025,70.517,0.364,303.2,63.38%,65.76%,0.457,-0.308,0.160,0.671,58.77%,3.63,25.91%,9.98%,14.52%,+.051,+.149,6.8,5.45%,63.20%,"23' 10""","18' 8""",42.7,57.3,82.57%,"33' 3""","17' 7"""
56630,Akshay Bhatia,United States,2025,70.558,0.638,298.7,60.51%,67.50%,0.575,0.277,0.024,0.361,56.19%,4.29,28.27%,17.20%,11.07%,+.231,+.064,6.5,4.48%,60.75%,"27' 6""","19' 5""",63.6,36.4,80.29%,"31' 6""","16' 6"""
52666,Sami Valimaki,Finland,2025,70.560,0.605,295.9,62.39%,69.02%,0.516,0.548,-0.301,0.057,60.34%,4.16,30.95%,10.46%,18.46%,+.058,-.020,5.5,6.19%,59.34%,"29' 7""","19' 7""",42.0,58.0,81.89%,"31' 10""","17' 1"""
55893,Sam Stevens,United States,2025,70.569,0.293,305.5,59.65%,66.20%,-0.250,0.059,0.302,0.233,62.25%,3.63,30.82%,12.12%,17.00%,+.026,+.049,5.7,5.40%,59.79%,"29' 1""","19' 2""",43.8,56.2,81.44%,"33' 0""","17' 8"""
25900,Lucas Glover,United States,2025,70.576,0.425,292.3,68.36%,65.41%,0.458,-0.316,0.117,0.740,60.17%,3.85,23.47%,11.58%,11.90%,+.153,+.222,5.1,2.14%,69.24%,"20' 0""","18' 6""",47.3,52.7,84.05%,"31' 6""","16' 1"""
57586,Jesper Svensson,Sweden,2025,70.587,0.461,318.6,56.67%,67.73%,-0.127,-0.056,0.553,0.517,57.45%,4.30,32.23%,13.53%,15.77%,-.049,-.158,4.3,9.93%,56.48%,"33' 11""","20' 3""",49.8,50.2,81.24%,"35' 3""","14' 2"""
31323,Gary Woodland,United States,2025,70.594,0.412,313.0,59.00%,67.54%,0.364,0.229,0.248,0.183,58.11%,3.70,31.51%,12.16%,16.72%,+.145,-.042,6.0,6.99%,58.16%,"28' 11""","19' 8""",44.9,55.1,80.32%,"31' 9""","16' 11"""
39335,Kevin Roy,United States,2025,70.596,0.518,305.6,65.40%,68.97%,0.032,0.186,0.289,0.332,60.91%,3.98,27.07%,12.66%,14.41%,+.061,E,6.9,4.15%,61.90%,"26' 7""","19' 3""",49.9,50.1,81.88%,"31' 11""","16' 6"""
47420,Jake Knapp,United States,2025,70.600,0.617,313.4,55.62%,67.60%,0.003,0.456,0.248,0.161,62.14%,4.42,32.78%,15.01%,15.31%,-.013,-.092,6.6,7.56%,55.54%,"30' 3""","19' 2""",51.7,48.3,80.90%,"33' 9""","16' 0"""
49771,J.T. Poston,United States,2025,70.605,0.462,295.6,66.15%,66.18%,0.076,0.040,0.158,0.422,60.36%,3.79,25.34%,9.66%,15.69%,+.071,+.107,6.4,3.19%,65.09%,"21' 11""","19' 7""",39.8,60.2,82.53%,"35' 1""","19' 6"""
23108,Matt Kuchar,United States,2025,70.611,0.462,282.2,66.00%,66.34%,0.098,0.370,-0.263,0.092,67.72%,4.00,27.56%,14.41%,13.15%,E,-.026,5.1,3.54%,63.84%,"22' 11""","18' 9""",48.8,51.2,83.92%,"34' 3""","16' 2"""
22405,Justin Rose,England,2025,70.614,0.084,301.9,58.54%,63.98%,0.250,0.156,-0.254,-0.072,55.32%,4.19,30.09%,10.62%,16.22%,+.064,+.278,6.5,8.55%,58.11%,"28' 1""","19' 4""",45.0,55.0,77.13%,"33' 10""","18' 8"""
60004,Jacob Bridgeman,United States,2025,70.645,0.287,302.2,60.60%,65.19%,-0.111,0.388,-0.087,-0.101,62.65%,4.00,29.36%,12.35%,14.97%,+.051,-.041,7.6,5.33%,59.73%,"26' 11""","18' 10""",45.8,54.2,80.50%,"33' 11""","15' 6"""
47917,Takumi Kanaya,Japan,2025,70.648,0.395,292.1,74.07%,66.32%,-0.401,0.333,0.137,0.062,68.84%,3.75,21.16%,10.78%,10.38%,E,-.024,5.1,1.84%,71.88%,"15' 11""","18' 10""",52.2,47.8,87.66%,"37' 1""","15' 7"""
48867,Matti Schmid,Germany,2025,70.649,0.178,310.9,57.03%,68.62%,0.059,0.304,0.113,-0.127,56.34%,4.25,33.13%,16.81%,13.78%,-.035,-.014,5.6,9.19%,54.66%,"33' 10""","18' 5""",56.6,43.4,79.10%,"31' 2""","20' 3"""
51349,Nico Echavarria,Colombia,2025,70.654,0.370,294.7,64.49%,67.23%,0.081,0.666,-0.058,-0.296,60.19%,4.10,28.33%,12.78%,13.84%,+.023,+.050,6.0,4.90%,62.51%,"22' 8""","18' 11""",51.3,48.7,82.94%,"33' 8""","18' 3"""
59440,Ricky Castillo,United States,2025,70.672,0.439,311.0,60.63%,69.51%,0.060,-0.136,0.360,0.575,63.78%,3.99,31.47%,17.56%,13.91%,-.066,-.019,4.8,3.99%,59.75%,"30' 3""","20' 1""",58.3,41.7,85.10%,"34' 5""","17' 7"""
51950,Max McGreevy,United States,2025,70.692,0.287,298.2,68.77%,68.77%,0.072,-0.078,0.402,0.365,57.71%,4.04,24.79%,9.75%,13.69%,+.068,-.021,5.2,4.15%,67.22%,"23' 7""","19' 1""",41.7,58.3,84.30%,"33' 9""","15' 9"""
52686,Rasmus Højgaard,Denmark,2025,70.696,0.015,314.9,55.68%,66.75%,-0.098,-0.048,0.183,0.063,52.91%,4.14,32.83%,12.59%,19.15%,+.021,+.065,5.9,7.80%,54.58%,"36' 4""","21' 0""",41.3,58.7,78.90%,"33' 11""","19' 11"""
51997,Andrew Novak,United States,2025,70.699,0.363,301.3,57.20%,61.55%,-0.036,0.202,0.042,0.162,59.42%,3.72,30.65%,12.10%,16.76%,+.128,+.185,7.4,6.36%,57.35%,"28' 4""","19' 4""",44.3,55.7,75.36%,"33' 8""","16' 10"""
59143,Mac Meissner,United States,2025,70.719,0.414,304.5,60.09%,67.39%,0.340,-0.032,-0.170,0.446,65.92%,3.85,30.32%,15.62%,14.71%,+.076,-.006,6.2,4.36%,59.13%,"30' 2""","18' 11""",53.6,46.4,79.36%,"32' 10""","17' 2"""
45522,Christiaan Bezuidenhout,South Africa,2025,70.724,0.378,290.0,65.46%,66.54%,-0.014,0.458,-0.380,-0.080,63.81%,3.52,25.07%,12.95%,10.25%,+.045,+.036,5.8,5.59%,65.42%,"22' 10""","19' 9""",57.2,42.8,82.25%,"34' 9""","15' 2"""
27644,Brian Harman,United States,2025,70.734,0.228,294.6,63.32%,65.67%,0.069,0.039,-0.015,0.189,60.55%,3.73,27.00%,12.12%,12.86%,+.007,+.129,7.1,5.60%,62.35%,"22' 4""","18' 10""",50.3,49.7,80.40%,"33' 6""","14' 4"""
54576,Patrick Fishburn,United States,2025,70.744,0.520,305.6,58.32%,71.58%,0.144,0.171,0.263,0.349,57.98%,3.87,30.04%,11.34%,18.70%,+.096,-.130,6.8,4.73%,58.40%,"25' 10""","19' 4""",39.9,60.1,83.09%,"34' 2""","17' 1"""
57123,Steven Fisk,United States,2025,70.745,0.321,311.0,60.94%,71.67%,0.202,-0.471,0.392,0.792,59.08%,3.81,30.26%,15.30%,14.96%,-.038,+.015,7.0,4.03%,58.69%,"25' 10""","18' 6""",54.0,46.0,81.54%,"34' 2""","15' 2"""
37275,Sam Ryder,United States,2025,70.755,0.377,300.4,60.87%,65.91%,0.041,0.626,-0.198,-0.249,62.22%,4.08,28.82%,13.45%,15.37%,+.025,+.036,5.6,4.32%,61.29%,"27' 3""","19' 5""",49.1,50.9,81.94%,"32' 4""","18' 1"""
34256,Andrew Putnam,United States,2025,70.756,0.501,280.5,71.77%,70.26%,0.287,0.439,-0.690,0.062,65.15%,3.76,24.18%,10.05%,13.20%,+.027,+.081,5.1,3.04%,68.57%,"22' 10""","19' 1""",45.2,54.8,84.65%,"34' 9""","17' 3"""
36699,Patrick Rodgers,United States,2025,70.776,0.140,309.1,59.96%,66.21%,-0.129,0.040,0.118,0.100,62.42%,4.07,29.09%,14.29%,13.42%,+.071,+.097,6.0,7.45%,58.87%,"31' 3""","20' 1""",52.0,48.0,79.59%,"33' 7""","17' 10"""
35658,Kris Ventura,Norway,2025,70.784,0.226,310.8,62.69%,69.58%,-0.036,0.286,0.116,-0.060,58.04%,4.08,28.94%,12.33%,16.61%,-.013,+.009,5.3,5.25%,60.56%,"28' 0""","20' 3""",42.0,58.0,80.89%,"31' 11""","19' 5"""
63121,William Mouw,United States,2025,70.785,0.011,309.5,61.89%,70.62%,-0.257,0.176,0.296,-0.165,60.62%,4.10,31.97%,15.30%,16.67%,+.041,+.098,6.6,3.55%,57.92%,"30' 8""","19' 4""",50.2,49.8,82.56%,"33' 7""","18' 2"""
39971,Sungjae Im,Republic of Korea,2025,70.810,-0.046,296.9,68.01%,62.60%,-0.984,0.094,0.312,-0.141,60.64%,3.94,22.11%,10.09%,11.14%,+.063,+.061,5.7,4.65%,68.42%,"23' 6""","18' 5""",48.0,52.0,83.51%,"37' 4""","21' 1"""
40058,Zac Blair,United States,2025,70.814,0.093,287.1,68.15%,67.94%,0.537,-0.140,-0.286,0.233,59.94%,4.11,24.37%,9.85%,14.52%,+.057,+.136,5.8,2.17%,67.61%,"21' 1""","20' 3""",41.2,58.8,84.05%,"34' 2""","17' 1"""
36801,Mark Hubbard,United States,2025,70.816,0.191,300.7,62.15%,67.48%,0.091,0.176,-0.020,0.015,59.79%,4.04,28.27%,10.84%,17.43%,+.041,+.017,7.9,3.61%,60.25%,"25' 11""","19' 0""",38.8,61.2,80.88%,"33' 1""","15' 5"""
24502,Adam Scott,Australia,2025,70.820,0.448,304.9,58.33%,66.08%,0.170,-0.100,0.348,0.549,56.08%,3.86,31.06%,12.30%,15.28%,+.049,-.020,6.6,8.20%,57.64%,"27' 9""","21' 2""",45.1,54.9,82.05%,"33' 6""","15' 11"""
51977,Max Greyserman,United States,2025,70.847,0.296,308.6,55.82%,65.41%,-0.030,0.262,-0.074,0.033,58.20%,4.15,32.54%,13.19%,17.93%,-.026,+.086,7.1,7.50%,54.27%,"30' 4""","20' 0""",46.7,53.3,75.75%,"34' 11""","18' 11"""
35706,Niklas Norgaard,Denmark,2025,70.861,0.134,315.3,51.62%,69.92%,-0.177,0.160,0.626,-0.026,50.64%,4.05,36.39%,15.86%,18.53%,+.054,-.105,4.8,9.35%,51.42%,"34' 3""","22' 0""",49.5,50.5,79.37%,"34' 0""","16' 6"""
33653,Thomas Detry,Belgium,2025,70.869,0.052,306.5,56.75%,65.18%,-0.164,0.126,0.169,-0.073,59.14%,3.54,31.41%,11.66%,17.92%,+.048,+.066,6.5,7.03%,56.94%,"28' 8""","19' 5""",41.9,58.1,79.46%,"32' 10""","18' 4"""
52375,Doug Ghim,United States,2025,70.877,0.156,302.9,64.27%,70.74%,0.531,-0.808,0.297,0.965,59.38%,3.94,25.78%,15.23%,10.55%,-.009,+.045,6.9,4.00%,63.28%,"27' 7""","19' 4""",55.6,44.4,84.95%,"32' 6""","14' 2"""
30926,Chris Kirk,United States,2025,70.891,0.329,297.7,61.22%,68.02%,0.388,-0.301,0.120,0.631,60.58%,3.81,28.50%,11.58%,16.92%,+.048,E,5.9,4.73%,60.83%,"28' 7""","19' 8""",39.6,60.4,81.26%,"32' 5""","15' 9"""
28252,Seamus Power,Ireland,2025,70.893,0.043,298.7,63.84%,68.97%,0.107,-0.201,0.057,0.244,61.35%,3.91,27.45%,14.72%,12.73%,+.041,+.043,6.3,4.18%,62.11%,"27' 3""","19' 2""",54.7,45.3,82.40%,"32' 8""","14' 4"""
58168,Davis Thompson,United States,2025,70.909,0.391,304.7,64.13%,69.51%,0.087,-0.297,0.463,0.687,57.89%,4.10,26.57%,12.22%,14.35%,+.117,+.058,5.7,3.54%,64.22%,"26' 3""","20' 7""",46.8,53.2,82.01%,"32' 7""","16' 2"""
50484,Hayden Springer,United States,2025,70.910,0.103,309.2,58.00%,65.90%,-0.281,0.345,0.198,-0.242,57.47%,4.24,30.93%,11.27%,19.66%,-.027,+.116,5.6,5.11%,58.32%,"33' 6""","19' 2""",39.7,60.3,79.12%,"36' 5""","16' 4"""
27649,Brandt Snedeker,United States,2025,70.914,0.247,284.2,69.03%,66.75%,-0.027,0.531,-0.306,-0.284,63.72%,3.81,23.32%,9.92%,12.11%,+.064,+.039,6.2,3.61%,68.17%,"24' 3""","18' 8""",47.3,52.7,84.15%,"34' 10""","15' 3"""
51766,Wyndham Clark,United States,2025,70.918,0.246,311.7,55.49%,65.85%,-0.284,0.142,0.092,0.104,57.94%,4.15,35.17%,14.00%,18.19%,+.030,+.016,4.6,8.93%,54.24%,"33' 5""","19' 5""",47.0,53.0,77.72%,"33' 6""","17' 4"""
55789,Taylor Montgomery,United States,2025,70.934,0.364,302.0,51.42%,63.55%,-0.236,0.917,-0.637,-0.552,63.05%,4.30,34.14%,16.79%,17.35%,-.074,-.051,8.5,7.11%,50.21%,"37' 1""","19' 4""",49.7,50.3,77.15%,"35' 3""","17' 7"""
33413,Ben Martin,United States,2025,70.969,-0.103,296.7,61.85%,68.45%,0.007,0.031,-0.169,-0.134,57.81%,3.91,29.04%,14.19%,14.85%,+.022,+.093,6.4,5.28%,59.24%,"25' 4""","19' 1""",53.1,46.9,81.58%,"34' 9""","17' 3"""
47983,Chad Ramey,United States,2025,70.973,0.008,299.2,64.24%,68.67%,-0.107,0.191,0.013,-0.182,60.68%,3.90,29.06%,15.37%,13.70%,+.138,+.101,4.7,3.56%,62.69%,"26' 2""","18' 9""",56.2,43.8,82.00%,"34' 3""","14' 10"""
36884,Ben Kohles,United States,2025,70.994,0.272,295.2,73.12%,72.88%,0.656,-0.529,0.161,0.801,60.73%,3.88,20.42%,9.66%,10.77%,+.031,+.092,4.9,2.33%,72.36%,"19' 3""","18' 4""",50.6,49.4,86.25%,"31' 9""","15' 4"""
34255,Joseph Bramlett,United States,2025,70.995,0.093,316.4,55.92%,69.57%,0.281,-0.845,0.308,0.938,59.13%,4.11,34.54%,15.57%,18.98%,+.056,+.096,5.5,6.61%,53.30%,"35' 8""","19' 10""",48.3,51.7,79.96%,"30' 11""","14' 8"""
50582,Jeremy Paul,Germany,2025,71.001,-0.262,304.9,57.60%,69.14%,-0.182,0.023,-0.102,-0.285,60.83%,3.86,31.66%,16.58%,15.08%,-.162,+.098,8.0,5.71%,54.62%,"34' 6""","20' 4""",52.9,47.1,80.43%,"34' 1""","13' 9"""
34587,Chan Kim,United States,2025,71.008,-0.089,302.5,60.94%,67.70%,0.269,-0.294,-0.195,0.205,59.24%,3.85,28.42%,16.13%,12.30%,+.066,+.058,6.6,5.80%,59.16%,"31' 4""","19' 7""",61.3,38.7,80.16%,"33' 8""","14' 2"""
49947,Taylor Moore,United States,2025,71.023,0.136,308.3,59.00%,67.95%,-0.207,-0.124,0.147,0.261,58.99%,3.95,30.81%,11.73%,17.59%,+.012,+.036,7.0,6.82%,56.82%,"28' 1""","18' 7""",42.9,57.1,80.40%,"35' 5""","17' 4"""
35506,Mackenzie Hughes,Canada,2025,71.039,0.006,301.3,56.79%,65.53%,-0.171,0.071,-0.205,-0.065,62.27%,3.52,30.89%,13.52%,16.20%,+.050,E,7.6,6.18%,56.49%,"32' 0""","19' 6""",46.7,53.3,79.45%,"35' 10""","18' 5"""
51890,Greyson Sigg,United States,2025,71.046,0.058,295.2,65.42%,70.35%,0.392,-0.454,0.051,0.512,62.29%,3.61,27.55%,13.54%,14.01%,+.093,+.044,5.7,2.85%,63.90%,"25' 11""","18' 10""",51.7,48.3,82.86%,"31' 7""","15' 4"""
35461,Beau Hossler,United States,2025,71.047,-0.009,303.9,54.88%,64.48%,-0.412,0.263,-0.286,-0.272,60.73%,3.94,33.00%,15.55%,17.45%,+.073,+.058,7.3,6.91%,52.82%,"29' 1""","19' 2""",49.6,50.4,76.44%,"38' 0""","14' 6"""
51287,Ryo Hisatsune,Japan,2025,71.053,0.230,297.5,62.05%,69.44%,0.151,-0.205,0.143,0.435,60.47%,3.65,28.43%,12.58%,14.60%,+.079,-.038,6.3,5.57%,60.90%,"26' 5""","18' 10""",45.8,54.2,82.76%,"33' 4""","18' 6"""
37378,Min Woo Lee,Australia,2025,71.058,0.086,313.8,55.52%,63.80%,-0.430,0.161,0.009,-0.075,59.53%,3.79,33.25%,15.27%,17.98%,+.022,-.034,4.7,7.63%,54.46%,"36' 10""","19' 5""",50.6,49.4,77.31%,"33' 9""","14' 3"""
36799,Stephan Jaeger,Germany,2025,71.059,0.374,306.3,54.68%,64.79%,0.220,0.251,-0.371,0.122,59.04%,4.06,30.79%,13.86%,16.93%,-.016,-.067,7.3,6.88%,55.07%,"37' 5""","20' 6""",50.3,49.7,78.05%,"33' 9""","14' 9"""
47591,Eric Cole,United States,2025,71.069,0.073,297.7,57.88%,64.07%,0.189,0.222,-0.476,-0.149,61.56%,4.06,30.67%,15.53%,15.14%,+.083,+.010,7.4,5.25%,56.71%,"33' 2""","20' 2""",52.2,47.8,77.12%,"32' 8""","15' 8"""
66743,Luke Clanton,United States,2025,71.072,0.052,312.6,59.08%,70.59%,0.243,-0.269,0.313,0.321,54.40%,3.90,33.92%,12.37%,17.61%,+.025,-.047,5.1,6.99%,57.93%,"28' 0""","18' 3""",45.2,54.8,81.79%,"31' 7""","19' 3"""
34076,Joel Dahmen,United States,2025,71.090,0.003,298.4,71.21%,69.04%,0.163,-0.241,0.188,0.244,59.81%,3.81,24.60%,10.21%,13.65%,+.036,+.060,5.3,3.32%,67.53%,"20' 10""","18' 1""",45.4,54.6,84.03%,"32' 9""","18' 0"""
24024,Zach Johnson,United States,2025,71.095,0.040,285.6,69.21%,69.27%,0.009,0.446,-0.369,-0.406,59.04%,3.63,25.60%,10.95%,14.66%,+.152,-.017,5.6,1.48%,67.35%,"22' 1""","18' 4""",41.6,58.4,84.69%,"33' 4""","14' 1"""
27064,Jhonattan Vegas,Venezuela,2025,71.103,0.000,309.0,54.24%,66.82%,0.123,-0.285,0.262,0.285,56.37%,3.72,32.79%,17.04%,12.95%,-.081,+.041,8.3,7.93%,53.79%,"29' 6""","20' 0""",56.4,43.6,79.63%,"34' 4""","19' 0"""
33199,Matteo Manassero,Italy,2025,71.107,-0.085,286.0,60.06%,64.96%,0.274,0.012,-0.982,-0.097,68.90%,3.44,28.54%,15.69%,10.40%,+.109,+.108,5.5,7.94%,60.49%,"29' 5""","20' 1""",61.7,38.3,77.72%,"34' 9""","17' 0"""
36824,Paul Peterson,United States,2025,71.129,-0.132,281.7,73.15%,67.36%,0.011,0.295,-0.568,-0.426,59.57%,3.97,21.94%,11.63%,10.31%,+.029,+.253,2.7,2.36%,73.05%,"19' 3""","19' 0""",57.9,42.1,85.74%,"33' 3""","15' 7"""
55165,Noah Goodwin,United States,2025,71.132,-0.102,300.1,66.77%,68.00%,-0.164,0.082,0.003,-0.184,60.64%,3.89,28.75%,15.54%,13.20%,+.094,+.088,5.6,2.34%,63.27%,"22' 9""","18' 6""",59.0,41.0,81.42%,"35' 6""","15' 9"""
30163,Henrik Norlander,Sweden,2025,71.139,-0.081,295.2,64.29%,69.02%,0.667,-0.237,-0.297,0.156,60.97%,3.64,29.85%,12.45%,15.19%,+.118,E,4.6,5.27%,62.45%,"23' 9""","20' 0""",46.0,54.0,82.14%,"32' 4""","16' 2"""
38991,Alejandro Tosti,Argentina,2025,71.143,-0.223,314.2,56.15%,64.53%,-0.162,-0.580,0.352,0.357,59.94%,3.75,32.19%,15.75%,14.38%,-.048,-.011,7.9,8.22%,53.77%,"28' 10""","18' 9""",56.1,43.9,78.31%,"32' 6""","20' 4"""
60882,Thomas Rosenmueller,Germany,2025,71.144,-0.236,309.0,62.43%,72.22%,0.406,-0.611,0.353,0.374,56.10%,4.00,31.00%,12.71%,18.30%,+.056,+.130,5.1,3.30%,60.61%,"27' 6""","19' 1""",42.5,57.5,84.30%,"31' 1""","17' 8"""
63343,Aldrich Potgieter,South Africa,2025,71.151,0.181,325.0,55.63%,64.55%,-0.137,0.116,0.572,0.065,53.56%,3.91,30.37%,12.75%,15.77%,+.128,+.066,5.2,9.23%,57.05%,"36' 9""","19' 2""",48.6,51.4,78.88%,"34' 5""","17' 8"""
60019,Jackson Suber,United States,2025,71.161,0.023,308.1,57.29%,68.37%,0.270,0.035,-0.136,-0.011,59.02%,3.99,32.29%,15.66%,16.63%,+.058,+.069,5.9,5.42%,56.39%,"33' 0""","19' 5""",53.3,46.7,79.20%,"32' 10""","15' 6"""
33948,Byeong Hun An,Republic of Korea,2025,71.168,-0.152,306.6,54.35%,65.76%,-0.318,-0.404,0.389,0.252,59.61%,3.83,32.74%,15.21%,15.47%,+.023,E,6.9,7.69%,54.74%,"28' 11""","20' 4""",51.8,48.2,79.12%,"35' 3""","17' 3"""
35310,Lanto Griffin,United States,2025,71.178,0.037,300.1,61.46%,66.90%,0.153,0.095,-0.075,-0.058,58.63%,3.83,30.50%,12.13%,18.38%,+.054,+.082,6.0,2.88%,60.63%,"23' 9""","19' 5""",38.0,62.0,80.97%,"33' 1""","19' 9"""
52513,Carson Young,United States,2025,71.185,-0.196,294.8,67.25%,69.52%,0.072,-0.120,0.170,-0.076,61.21%,4.00,24.37%,11.11%,13.26%,+.189,+.043,6.1,3.35%,66.19%,"21' 1""","17' 6""",48.9,51.1,84.01%,"32' 9""","17' 0"""
39327,Ben Silverman,Canada,2025,71.186,-0.224,299.7,64.17%,67.43%,-0.457,0.195,-0.034,-0.419,60.05%,3.81,28.23%,10.63%,17.60%,+.071,+.161,5.6,3.54%,62.63%,"22' 9""","18' 10""",41.3,58.8,82.53%,"34' 9""","19' 10"""
28775,Nate Lashley,United States,2025,71.189,-0.126,299.4,60.11%,67.30%,0.147,-0.126,-0.105,0.000,64.42%,3.43,30.37%,16.51%,13.86%,-.045,-.009,6.4,4.52%,58.72%,"27' 0""","20' 3""",56.2,43.8,82.41%,"32' 11""","16' 7"""
55182,Tom Kim,Republic of Korea,2025,71.207,0.042,299.3,60.00%,63.50%,0.152,-0.103,-0.204,0.145,58.94%,3.53,28.77%,11.15%,15.66%,+.038,+.070,6.9,6.75%,59.49%,"25' 8""","18' 10""",44.3,55.7,80.25%,"35' 1""","16' 11"""
57900,Chandler Phillips,United States,2025,71.214,-0.192,297.2,61.33%,65.05%,-0.064,-0.015,-0.295,-0.177,62.17%,3.70,27.56%,12.42%,15.14%,+.043,+.114,6.5,5.12%,60.78%,"30' 3""","19' 2""",48.7,51.3,80.89%,"34' 4""","16' 3"""
29535,Brice Garnett,United States,2025,71.223,-0.068,291.2,69.39%,70.10%,-0.270,0.182,-0.043,-0.250,64.48%,3.57,24.30%,10.92%,13.38%,+.105,-.032,4.5,2.23%,69.01%,"22' 6""","18' 5""",45.6,54.4,85.63%,"33' 9""","17' 11"""
46601,Trey Mullinax,United States,2025,71.238,-0.074,312.3,52.57%,69.76%,0.060,0.038,0.045,-0.112,54.33%,4.14,30.73%,13.41%,17.32%,-.008,-.126,6.0,7.81%,55.47%,"33' 8""","19' 4""",50.3,49.7,80.08%,"32' 11""","13' 3"""
47347,Adam Schenk,United States,2025,71.239,-0.244,304.6,56.42%,65.08%,-0.088,-0.054,0.059,-0.190,59.09%,3.84,33.14%,12.71%,20.43%,+.064,-.019,6.8,4.63%,55.46%,"27' 4""","19' 6""",37.8,62.2,79.18%,"31' 10""","20' 0"""
40115,Adam Svensson,Canada,2025,71.273,-0.338,295.7,65.97%,69.48%,0.238,-0.579,-0.253,0.240,59.68%,3.58,26.93%,11.51%,15.42%,+.112,+.070,5.9,3.45%,63.75%,"23' 5""","18' 1""",42.8,57.2,81.65%,"33' 2""","17' 4"""
46646,Antoine Rozner,France,2025,71.291,-0.110,308.1,58.51%,69.85%,0.462,-0.318,0.065,0.207,53.07%,3.91,31.07%,15.79%,12.71%,+.051,+.106,6.3,7.70%,57.51%,"30' 11""","19' 10""",56.3,43.7,80.69%,"31' 0""","16' 3"""
49453,Trevor Cone,United States,2025,71.307,-0.355,315.4,59.81%,69.97%,-0.149,-0.351,0.277,-0.004,56.30%,3.77,33.29%,18.84%,14.44%,+.067,-.007,5.0,5.23%,56.53%,"31' 10""","19' 9""",58.6,41.4,80.11%,"34' 10""","17' 0"""
54304,Karl Vilips,Australia,2025,71.323,-0.806,308.5,56.61%,67.74%,0.042,-0.411,-0.284,-0.395,54.72%,3.95,29.57%,12.79%,14.72%,+.121,+.022,6.3,11.00%,55.16%,"31' 3""","20' 6""",47.4,52.6,78.28%,"32' 11""","14' 4"""
29725,Tony Finau,United States,2025,71.350,-0.139,304.9,56.94%,64.95%,-0.135,-0.117,-0.092,-0.021,57.81%,3.65,30.43%,17.19%,13.24%,E,+.128,8.0,4.76%,56.79%,"29' 2""","20' 7""",59.1,40.9,78.34%,"34' 0""","20' 9"""
47988,Nick Hardy,United States,2025,71.372,-0.192,310.8,58.33%,70.63%,0.086,-0.172,0.131,-0.020,57.06%,3.70,33.80%,15.35%,18.45%,+.050,-.141,6.8,4.19%,55.19%,"30' 0""","21' 0""",46.1,53.9,82.52%,"34' 10""","17' 9"""
27139,David Skinns,England,2025,71.382,-0.179,308.3,58.64%,68.59%,0.291,-0.217,-0.210,0.037,57.55%,3.77,32.88%,17.06%,15.82%,+.016,+.065,6.2,4.45%,56.49%,"30' 2""","20' 1""",54.7,45.3,81.17%,"32' 5""","14' 3"""
46443,Brian Campbell,United States,2025,71.392,-0.675,278.4,66.77%,61.19%,-0.028,0.231,-1.009,-0.906,57.47%,3.72,26.75%,11.86%,13.97%,+.245,+.222,6.1,3.43%,64.69%,"24' 2""","19' 10""",47.4,52.6,81.10%,"34' 8""","16' 11"""
57362,Austin Eckroat,United States,2025,71.402,0.021,300.3,66.12%,68.60%,0.252,-0.047,0.213,0.068,54.32%,3.88,24.13%,11.87%,12.26%,+.134,+.008,6.9,4.15%,64.86%,"26' 0""","19' 9""",50.3,49.7,83.33%,"33' 0""","20' 0"""
47056,Rikuya Hoshino,Japan,2025,71.402,-0.328,296.0,62.19%,64.74%,-0.281,-0.004,-0.022,-0.324,61.82%,4.13,34.47%,16.26%,18.20%,E,+.194,4.1,1.94%,59.47%,"24' 0""","20' 2""",50.3,49.7,80.68%,"33' 8""","15' 4"""
40006,Erik van Rooyen,South Africa,2025,71.403,-0.224,307.9,59.30%,66.83%,0.017,-0.401,0.186,0.177,51.97%,3.96,30.84%,12.93%,16.49%,+.050,+.009,6.4,6.41%,57.77%,"27' 7""","19' 3""",44.1,55.9,81.84%,"33' 2""","17' 3"""
58605,Quade Cummins,United States,2025,71.415,-0.265,305.7,57.82%,66.18%,-0.345,0.234,0.055,-0.498,60.99%,3.79,34.04%,13.50%,20.54%,+.023,-.035,6.8,4.11%,55.05%,"27' 11""","19' 10""",43.4,56.6,79.65%,"33' 11""","18' 1"""
40162,Justin Lower,United States,2025,71.418,-0.472,299.3,64.45%,67.15%,-0.032,-0.085,-0.100,-0.387,57.08%,3.78,28.51%,14.47%,14.04%,+.031,+.159,5.4,3.40%,62.72%,"25' 0""","19' 0""",51.9,48.1,81.81%,"32' 7""","16' 4"""
56781,Isaiah Salinda,United States,2025,71.434,-0.329,311.3,62.11%,68.87%,-0.133,-0.606,0.516,0.276,58.92%,4.12,28.45%,13.05%,14.16%,+.122,+.085,6.2,5.17%,61.45%,"27' 4""","19' 5""",50.7,49.3,81.37%,"33' 2""","16' 10"""
54607,Danny Walker,United States,2025,71.447,0.040,307.4,55.94%,64.98%,-0.136,0.235,-0.043,-0.195,56.55%,4.26,33.48%,13.94%,17.53%,-.115,+.021,5.6,8.91%,54.02%,"31' 8""","19' 10""",49.8,50.2,79.83%,"33' 10""","16' 8"""
59160,John Pak,United States,2025,71.499,-0.638,290.4,67.73%,67.19%,0.213,-0.553,-0.284,-0.085,58.92%,3.76,27.68%,13.65%,14.03%,+.127,+.131,4.7,2.55%,65.05%,"22' 9""","19' 8""",49.8,50.2,81.04%,"32' 6""","15' 11"""
36326,David Lipsky,United States,2025,71.525,-0.224,293.6,65.32%,67.48%,0.266,-0.323,-0.258,0.099,62.08%,3.73,27.95%,10.69%,17.25%,+.035,+.159,4.4,3.77%,63.91%,"25' 3""","19' 1""",45.5,54.5,81.08%,"32' 7""","16' 1"""
39977,Max Homa,United States,2025,71.545,-0.303,300.8,60.49%,66.36%,-0.285,0.073,0.005,-0.376,60.18%,3.89,27.28%,14.52%,12.76%,-.017,+.030,6.5,5.94%,60.29%,"26' 6""","19' 3""",53.0,47.0,81.40%,"33' 7""","18' 5"""
32757,Patton Kizzire,United States,2025,71.557,-0.316,298.5,60.71%,66.58%,-0.122,-0.258,-0.443,-0.058,60.45%,4.06,29.72%,14.23%,15.49%,+.049,-.062,4.9,7.18%,58.19%,"29' 8""","19' 5""",51.8,48.2,79.45%,"34' 0""","18' 0"""
35532,Tom Hoge,United States,2025,71.595,-0.431,296.3,60.54%,62.86%,0.311,-0.122,-0.610,-0.308,60.49%,3.72,28.73%,11.91%,15.73%,+.197,+.099,7.8,6.18%,58.36%,"26' 4""","19' 1""",47.0,53.0,78.61%,"31' 5""","18' 7"""
45523,Thriston Lawrence,South Africa,2025,71.611,-0.297,299.5,62.95%,67.09%,-0.099,-0.312,0.231,0.016,55.19%,3.52,28.60%,10.83%,16.16%,+.099,+.131,4.8,4.80%,63.41%,"21' 9""","19' 1""",43.2,56.8,83.87%,"35' 1""","24' 2"""
33597,Harry Higgs,United States,2025,71.615,-0.500,307.2,59.21%,65.24%,-0.177,0.002,0.049,-0.501,56.92%,3.83,31.74%,13.98%,17.76%,-.031,+.048,6.0,4.44%,57.82%,"29' 11""","19' 5""",46.8,53.2,78.82%,"33' 11""","16' 10"""
51634,Sahith Theegala,United States,2025,71.634,-0.485,301.3,57.05%,65.56%,-0.134,-0.180,-0.158,-0.306,55.91%,3.91,32.51%,13.18%,19.33%,+.102,+.187,6.9,4.93%,55.67%,"31' 5""","19' 10""",44.3,55.7,77.49%,"33' 9""","17' 4"""
33399,Adam Hadwin,Canada,2025,71.639,-0.603,299.8,62.09%,66.16%,-0.455,0.051,-0.146,-0.654,55.66%,3.86,27.39%,13.46%,13.93%,+.170,+.148,7.0,5.02%,60.57%,"26' 3""","19' 6""",52.3,47.7,78.63%,"33' 10""","18' 5"""
56762,Will Gordon,United States,2025,71.643,-0.596,312.6,58.12%,69.44%,-0.069,-0.380,0.078,-0.216,56.60%,3.45,33.14%,18.02%,15.12%,-.019,+.161,7.4,4.07%,55.38%,"30' 4""","18' 5""",57.3,42.7,79.39%,"31' 9""","16' 7"""
27129,Luke List,United States,2025,71.647,-0.293,309.8,63.23%,67.19%,-0.372,-0.155,0.371,-0.138,58.58%,3.55,29.07%,13.96%,15.11%,+.092,+.083,6.3,4.04%,60.55%,"31' 0""","18' 8""",48.5,51.5,82.72%,"36' 1""","20' 1"""
47995,Davis Riley,United States,2025,71.651,-0.488,305.0,55.13%,63.11%,-0.458,0.155,-0.455,-0.643,57.79%,3.81,31.12%,16.39%,13.62%,+.065,+.027,6.9,9.19%,53.93%,"33' 0""","18' 7""",57.9,42.1,76.83%,"35' 1""","15' 1"""
27770,Camilo Villegas,Colombia,2025,71.659,-0.640,290.0,53.23%,64.24%,-0.019,0.085,-0.740,-0.725,55.80%,4.00,36.20%,20.83%,15.36%,+.085,+.106,6.6,5.47%,51.69%,"33' 3""","18' 8""",56.4,43.6,75.32%,"34' 5""","16' 8"""
60067,Joe Highsmith,United States,2025,71.729,-0.701,299.9,61.58%,61.65%,-0.362,-0.125,-0.098,-0.576,54.95%,3.71,28.30%,14.05%,12.90%,+.218,+.185,6.0,6.45%,60.56%,"29' 9""","18' 8""",54.0,46.0,77.48%,"33' 9""","18' 3"""
45157,Cam Davis,Australia,2025,71.745,-0.679,302.2,53.90%,62.59%,-0.197,-0.010,-0.347,-0.669,54.99%,3.72,32.33%,14.42%,17.91%,-.020,+.175,7.8,6.61%,53.25%,"31' 11""","21' 7""",47.9,52.1,73.40%,"33' 5""","16' 6"""
55708,Hayden Buckley,United States,2025,71.953,-0.822,304.5,65.63%,68.01%,-0.127,-0.513,0.106,-0.310,56.29%,3.76,29.51%,14.84%,14.66%,+.181,+.048,4.6,3.71%,62.19%,"23' 3""","19' 9""",49.8,50.2,83.45%,"32' 7""","19' 1"""
52370,Mason Andersen,United States,2025,72.050,-1.214,295.8,58.69%,64.19%,-0.824,-0.018,-0.463,-1.196,60.86%,3.58,31.97%,15.33%,16.64%,+.216,+.085,8.6,4.73%,54.65%,"30' 6""","18' 4""",48.2,51.8,78.32%,"36' 2""","18' 4"""
34466,Peter Malnati,United States,2025,72.082,-0.988,301.3,48.06%,61.46%,-0.640,0.034,-0.714,-1.022,59.04%,3.51,37.32%,16.55%,20.77%,+.099,+.058,7.6,7.00%,48.07%,"32' 8""","21' 11""",43.6,56.4,73.09%,"37' 0""","18' 0"""
58619,Kevin Velo,United States,2025,72.095,-0.926,299.2,64.30%,66.92%,-0.291,-0.531,-0.017,-0.394,57.88%,3.65,29.17%,14.81%,14.35%,+.065,+.104,4.2,3.70%,62.96%,"23' 6""","19' 0""",54.4,45.6,80.15%,"34' 1""","15' 0"""
64693,Matthew Riedel,United States,2025,72.100,-0.974,303.6,59.72%,68.18%,-0.308,-0.094,-0.083,-0.879,56.35%,3.59,32.17%,16.84%,15.33%,+.139,+.126,5.6,4.70%,57.51%,"29' 6""","19' 0""",55.8,44.2,80.12%,"33' 9""","21' 1"""
52144,Braden Thornberry,United States,2025,72.101,-1.033,302.2,53.66%,63.84%,-0.879,0.380,-0.595,-1.413,56.93%,3.48,36.06%,17.63%,18.43%,+.026,+.045,6.3,5.61%,52.08%,"32' 7""","19' 7""",51.3,48.7,76.26%,"38' 2""","14' 8"""
49590,Frankie Capan III,United States,2025,72.112,-1.409,301.5,45.82%,60.06%,-0.672,0.488,-1.193,-1.896,59.27%,3.49,37.04%,17.33%,19.71%,+.094,+.099,6.5,10.58%,45.90%,"48' 7""","21' 7""",49.3,50.7,70.63%,"35' 6""","16' 1"""
48153,Matthieu Pavon,France,2025,72.139,-0.977,299.1,62.83%,65.45%,-0.479,0.053,-0.006,-1.030,54.12%,3.41,25.54%,10.96%,13.55%,+.214,+.123,5.8,7.14%,62.56%,"29' 4""","20' 1""",46.6,53.4,81.49%,"35' 2""","23' 1"""
50474,Tim Widing,Sweden,2025,72.153,-1.005,312.9,55.80%,66.06%,-0.384,-0.251,-0.009,-0.753,53.74%,3.93,31.31%,13.13%,18.18%,-.022,+.077,5.3,8.48%,54.95%,"34' 0""","19' 4""",44.5,55.5,79.92%,"33' 6""","21' 0"""
55623,Kaito Onishi,Japan,2025,72.222,-1.153,298.2,59.93%,63.15%,-0.378,0.077,-0.723,-1.229,61.56%,3.37,31.02%,15.51%,15.51%,+.129,+.024,5.7,5.11%,58.21%,"29' 9""","18' 10""",47.5,52.5,79.71%,"33' 9""","17' 11"""
59866,Nick Dunlap,United States,2025,72.351,-1.159,299.3,51.06%,65.39%,0.131,0.112,-1.471,-1.270,56.83%,3.68,33.67%,17.95%,15.72%,+.035,+.012,8.6,7.69%,50.06%,"36' 6""","20' 10""",54.1,45.9,74.95%,"33' 1""","19' 0"""
39859,Cristobal Del Solar,Chile,2025,72.367,-1.232,304.5,51.72%,63.85%,-0.458,0.107,-0.660,-1.339,53.21%,3.64,36.24%,16.46%,19.78%,+.091,+.050,6.4,7.33%,50.07%,"35' 10""","18' 10""",50.4,49.6,76.09%,"33' 2""","19' 7"""
58933,Will Chandler,United States,2025,72.373,-1.246,300.3,61.04%,63.41%,-0.916,-0.245,-0.090,-1.000,55.26%,3.43,29.68%,15.89%,13.79%,+.116,+.132,5.9,5.30%,59.11%,"29' 8""","18' 7""",53.8,46.2,79.58%,"37' 6""","17' 6"""
51690,Taylor Dickson,United States,2025,72.467,-1.388,300.4,61.51%,63.60%,-0.620,-0.387,-0.296,-1.001,59.00%,3.34,31.53%,14.41%,17.12%,+.083,+.129,4.9,4.56%,59.06%,"31' 5""","19' 4""",43.4,56.6,80.31%,"33' 2""","16' 10"""
32070,Rafael Campos,Puerto Rico,2025,72.595,-1.275,305.2,55.91%,62.94%,-0.528,-0.079,-0.386,-1.196,53.32%,3.57,32.24%,15.69%,16.56%,+.125,+.146,7.7,5.77%,54.25%,"30' 0""","21' 4""",51.6,48.4,77.04%,"35' 9""","21' 4"""
23320,Ryan Palmer,United States,2025,73.155,-2.425,296.0,59.87%,62.00%,-1.417,-0.871,-0.027,-1.554,53.79%,3.46,30.76%,16.84%,13.92%,+.160,+.020,5.3,3.95%,59.97%,"27' 11""","19' 5""",54.3,45.7,80.31%,"37' 5""","14' 9"""
34360,Patrick Reed,United States,2022,,-.299,290.6,59.25,62.78,-.317,.241,-.503,-.540,60.98,3.59,29.83,13.92,15.91,+.036,+.204,6.4,4.97,58.81,"30' 2""","28' 6""",49.4,50.6,79.47,"36' 7""","18' 1"""
29974,Branden Grace,South Africa,2022,,-.834,296.4,60.14,65.38,-.318,-.544,.028,-.290,59.88,3.35,27.54,9.69,16.77,-.018,+.127,5.1,7.85,60.62,"24' 5""","29' 10""",37.6,62.4,82.64,"34' 2""","17' 11"""
47679,Victor Perez,France,2025,,0.568,304.4,64.66%,71.61%,0.479,0.215,0.090,0.354,60.14%,3.96,26.65%,11.92%,12.93%,-.016,+.034,6.0,5.01%,64.13%,"24' 2""","19' 9""",48.2,51.8,85.39%,"35' 1""","19' 6"""
